iata_code,icao_code,name,type,municipality,country_code,latitude,longitude,timezone
AAA,NTGA,Anaa Airport,medium_airport,Anaa,PF,-17.352600,-145.509995,Pacific/Tahiti
AAC,HEAR,El Arish International Airport,large_airport,El Arish,EG,31.055324,33.827964,Africa/Cairo
AAE,DABB,Annaba Rabah Bitat Airport,large_airport,Annaba,DZ,36.826781,7.813340,Africa/Algiers
AAK,NGUK,Aranuka Airport,small_airport,Buariki,KI,0.185278,173.636993,Pacific/Tarawa
AAL,EKYT,Aalborg Airport,large_airport,Aalborg,DK,57.094763,9.849930,Europe/Copenhagen
AAN,OMAL,Al Ain International Airport,large_airport,Al Ain,AE,24.261700,55.609200,Asia/Dubai
AAP,WALS,Aji Pangeran Tumenggung Pranoto International Airport,medium_airport,Samarinda,ID,-0.374478,117.250128,Asia/Makassar
AAR,EKAH,Aarhus Airport,large_airport,Aarhus,DK,56.303331,10.618286,Europe/Copenhagen
AAT,ZWAT,Altay Xuedu Airport,medium_airport,Altay,CN,47.749886,88.085808,Asia/Urumqi
AAX,SBAX,Romeu Zema Airport,medium_airport,Araxá,BR,-19.563200,-46.960400,America/Sao_Paulo
AAY,OYGD,Al Ghaydah International Airport,medium_airport,Al Ghaydah,YE,16.193341,52.174186,Asia/Aden
AAZ,MGQZ,Quezaltenango Airport,small_airport,Quezaltenango,GT,14.865600,-91.501999,America/Guatemala
ABA,UNAA,Abakan International Airport,large_airport,Abakan,RU,53.740002,91.385002,Asia/Krasnoyarsk
ABB,DNAS,Asaba International Airport,large_airport,Asaba,NG,6.204167,6.665278,Africa/Lagos
ABD,OIAA,Abadan Ayatollah Jami International Airport,large_airport,Abadan,IR,30.367887,48.230075,Asia/Tehran
ABE,KABE,Lehigh Valley International Airport,medium_airport,Allentown/Bethlehem,US,40.651773,-75.442797,America/New_York
ABI,KABI,Abilene Regional Airport,medium_airport,Abilene,US,32.411301,-99.681900,America/Chicago
ABJ,DIAP,Félix-Houphouët-Boigny International Airport,large_airport,Abidjan,CI,5.261390,-3.926290,Africa/Abidjan
ABK,HAKD,Kebri Dahar Airport,medium_airport,Kebri Dahar,ET,6.732577,44.241339,Africa/Addis_Ababa
ABL,PAFM,Ambler Airport,medium_airport,Ambler,US,67.105529,-157.855339,America/Anchorage
ABM,YNPE,Northern Peninsula Airport,small_airport,Bamaga,AU,-10.946194,142.455081,Australia/Brisbane
ABQ,KABQ,Albuquerque International Sunport,large_airport,Albuquerque,US,35.039976,-106.608925,America/Denver
ABR,KABR,Aberdeen Regional Airport,medium_airport,Aberdeen,US,45.449100,-98.421799,America/Chicago
ABS,HEBL,Abu Simbel Airport,medium_airport,Abu Simbel,EG,22.375924,31.611734,Africa/Cairo
ABT,OEBA,King Saud Bin Abdulaziz (Al Baha) Airport,medium_airport,Al-Baha,SA,20.298506,41.636153,Asia/Riyadh
ABU,WATA,AA Bere Tallo (Haliwen) Airport,small_airport,Atambua,ID,-9.074841,124.903285,Asia/Makassar
ABV,DNAA,Nnamdi Azikiwe International Airport,large_airport,Abuja,NG,9.006790,7.263170,Africa/Lagos
ABX,YMAY,Albury Airport,medium_airport,East Albury,AU,-36.066758,146.959148,Australia/Sydney
ABY,KABY,Southwest Georgia Regional Airport,medium_airport,Albany,US,31.532946,-84.196215,America/New_York
ABZ,EGPD,Aberdeen International Airport,large_airport,Aberdeen,GB,57.201900,-2.197780,Europe/London
ACA,MMAA,General Juan N. Álvarez International Airport,large_airport,Acapulco,MX,16.757126,-99.753113,America/Mexico_City
ACC,DGAA,Kotoka International Airport,large_airport,Accra,GH,5.605190,-0.166786,Africa/Accra
ACE,GCRR,César Manrique-Lanzarote Airport,large_airport,San Bartolomé,ES,28.945499,-13.605200,Atlantic/Canary
ACF,ZWAL,Aral Tarim Airport,small_airport,Aral,CN,40.434748,81.262060,Asia/Urumqi
ACH,LSZR,Sankt Gallen Altenrhein Airport,medium_airport,St. Gallen,CH,47.485001,9.560770,Europe/Zurich
ACI,EGJA,Alderney Airport,medium_airport,Saint Anne,GG,49.706104,-2.214720,Europe/Guernsey
ACK,KACK,Nantucket Memorial Airport,medium_airport,Nantucket,US,41.253101,-70.060204,America/New_York
ACT,KACT,Waco Regional Airport,medium_airport,Waco,US,31.611300,-97.230499,America/Chicago
ACV,KACV,California Redwood Coast-Humboldt County Airport,medium_airport,Arcata/Eureka,US,40.978101,-124.109000,America/Los_Angeles
ACX,ZUYI,Xingyi Wanfenglin Airport,medium_airport,Xingyi,CN,25.083423,104.960804,Asia/Shanghai
ACY,KACY,Atlantic City International Airport,medium_airport,Atlantic City,US,39.456201,-74.577511,America/New_York
ADB,LTBJ,Adnan Menderes International Airport,large_airport,Gaziemir,TR,38.292400,27.157000,Europe/Istanbul
ADD,HAAB,Addis Ababa Bole International Airport,large_airport,Addis Ababa,ET,8.977890,38.799301,Africa/Addis_Ababa
ADE,OYAA,Aden International Airport,large_airport,Aden,YE,12.829564,45.029976,Asia/Aden
ADF,LTCP,Adıyaman Airport,medium_airport,Adıyaman,TR,37.731400,38.468899,Europe/Istanbul
ADJ,OJAM,Marka International (Amman Civil) Airport,large_airport,Amman,JO,31.972700,35.991600,Asia/Amman
ADK,PADK,Adak Airport,medium_airport,Adak,US,51.883564,-176.642783,America/Adak
ADL,YPAD,Adelaide International Airport,large_airport,Adelaide,AU,-34.947512,138.533393,Australia/Adelaide
ADQ,PADQ,Kodiak Airport,medium_airport,Kodiak,US,57.750000,-152.494003,America/Anchorage
ADU,OITL,Ardabil Airport,medium_airport,Ardabil,IR,38.325699,48.424400,Asia/Tehran
ADZ,SKSP,Gustavo Rojas Pinilla International Airport,large_airport,San Andrés,CO,12.583600,-81.711200,America/Bogota
AEB,ZGBS,Baise (Bose) Bama Airport,medium_airport,Baise (Tianyang),CN,23.720600,106.959999,Asia/Shanghai
AEP,SABE,Aeroparque Jorge Newbery,large_airport,Buenos Aires,AR,-34.559419,-58.415536,America/Argentina/Buenos_Aires
AER,URSS,Sochi International Airport,large_airport,Sochi,RU,43.449902,39.956600,Europe/Moscow
AES,ENAL,Ålesund Airport,large_airport,Ålesund,NO,62.560443,6.110845,Europe/Oslo
AET,PFAL,Allakaket Airport,small_airport,Allakaket,US,66.551804,-152.621994,America/Anchorage
AEU,OIBA,Abu Musa Island Airport,medium_airport,Abu Musa,IR,25.875700,55.033001,Asia/Tehran
AEX,KAEX,Alexandria International Airport,medium_airport,Alexandria,US,31.325828,-92.546702,America/Chicago
AEY,BIAR,Akureyri International Airport,large_airport,Akureyri,IS,65.656573,-18.072018,Atlantic/Reykjavik
AFA,SAMR,Suboficial Ay Santiago Germano Airport,medium_airport,San Rafael,AR,-34.588299,-68.403900,America/Argentina/Mendoza
AFL,SBAT,Piloto Osvaldo Marques Dias Airport,medium_airport,Alta Floresta,BR,-9.866389,-56.106298,America/Cuiaba
AFZ,OIMS,Sabzevar National Airport,medium_airport,Sabzevar,IR,36.168098,57.595200,Asia/Tehran
AGA,GMAD,Al Massira Airport,large_airport,Agadir (Temsia),MA,30.322478,-9.412003,Africa/Casablanca
AGE,EDWG,Wangerooge Airport,small_airport,Wangerooge,DE,53.782544,7.919584,Europe/Berlin
AGH,ESTA,Ängelholm-Helsingborg Airport,medium_airport,Ängelholm,SE,56.296101,12.847100,Europe/Stockholm
AGI,SMWA,Wageningen Airstrip,small_airport,Wageningen,SR,5.841252,-56.673247,America/Paramaribo
AGJ,RORA,Aguni Airport,small_airport,Aguni,JP,26.592755,127.240335,Asia/Tokyo
AGP,LEMG,Málaga-Costa del Sol Airport,large_airport,Málaga,ES,36.674900,-4.499110,Europe/Madrid
AGR,VIAG,Agra Airport / Agra Air Force Station,medium_airport,Agra,IN,27.157975,77.961025,Asia/Kolkata
AGS,KAGS,Augusta Regional At Bush Field,medium_airport,Augusta,US,33.369900,-81.964500,America/New_York
AGT,SGES,Guaraní International Airport,large_airport,Ciudad del Este,PY,-25.457186,-54.839544,America/Asuncion
AGU,MMAS,Aguascalientes International Airport,large_airport,Aguascalientes,MX,21.699589,-102.318372,America/Mexico_City
AGX,VOAT,Agatti Airport,medium_airport,Agatti,IN,10.823700,72.176003,Asia/Kolkata
AHA,VEAP,Maa Mahamaya Airport,medium_airport,Ambikapur,IN,22.987530,83.196120,Asia/Kolkata
AHB,OEAB,Abha International Airport,large_airport,Abha,SA,18.240400,42.656601,Asia/Riyadh
AHE,NTHE,Ahe Airport,medium_airport,Ahe Atoll,PF,-14.428100,-146.257004,Pacific/Tahiti
AHO,LIEA,Alghero-Fertilia Airport,medium_airport,Alghero,IT,40.632099,8.290770,Europe/Rome
AHU,GMTA,Cherif Al Idrissi Airport,medium_airport,Al Hoceima,MA,35.177101,-3.839520,Africa/Casablanca
AIA,KAIA,Alliance Municipal Airport,medium_airport,Alliance,US,42.052543,-102.803965,America/Denver
AIN,PAWI,Wainwright Airport,medium_airport,Wainwright,US,70.638000,-159.994995,America/Anchorage
AIP,VIAX,Adampur Airport,small_airport,Adampur,IN,31.433800,75.758797,Asia/Kolkata
AIT,NCAI,Aitutaki Airport,small_airport,Aitutaki,CK,-18.830900,-159.764008,Pacific/Rarotonga
AIU,NCAT,Enua Airport,small_airport,Atiu Island,CK,-19.967800,-158.119003,Pacific/Rarotonga
AJA,LFKJ,Ajaccio Napoléon Bonaparte airport,medium_airport,Ajaccio,FR,41.923599,8.802920,Europe/Paris
AJF,OESK,Al-Jawf International Airport,large_airport,Al-Jawf,SA,29.783301,40.100905,Asia/Riyadh
AJI,LTCO,Ağrı Airport,medium_airport,Ağrı,TR,39.655642,43.025742,Europe/Istanbul
AJL,VELP,Lengpui Airport,medium_airport,Aizawl (Lengpui),IN,23.840599,92.619698,Asia/Kolkata
AJN,FMCV,Ouani Airport,medium_airport,Ouani,KM,-12.131047,44.430044,Indian/Comoro
AJR,ESNX,Arvidsjaur Airport,medium_airport,Arvidsjaur,SE,65.590302,19.281900,Europe/Stockholm
AJU,SBAR,Aracaju - Santa Maria Airport,medium_airport,Aracaju,BR,-10.983940,-37.072873,America/Maceio
AKA,ZLAK,Ankang Fuqiang Airport,small_airport,Ankang (Hanbin),CN,32.756960,108.873380,Asia/Shanghai
AKB,PAAK,Atka Airport,small_airport,Atka,US,52.220299,-174.205994,America/Adak
AKF,HLKF,Kufra Airport,medium_airport,Kufra,LY,24.178699,23.313999,Africa/Tripoli
AKI,PFAK,Akiak Airport,small_airport,Akiak,US,60.902646,-161.231060,America/Anchorage
AKJ,RJEC,Asahikawa Airport,medium_airport,Higashikagura,JP,43.670799,142.447006,Asia/Tokyo
AKK,PAKH,Akhiok Airport,small_airport,Akhiok,US,56.938702,-154.182999,America/Anchorage
AKL,NZAA,Auckland International Airport,large_airport,Auckland,NZ,-37.011990,174.786331,Pacific/Auckland
AKN,PAKN,King Salmon Airport,medium_airport,King Salmon,US,58.677845,-156.651965,America/Anchorage
AKP,PAKP,Anaktuvuk Pass Airport,medium_airport,Anaktuvuk Pass,US,68.133598,-151.742996,America/Anchorage
AKR,DNAK,Akure Airport,medium_airport,Akure,NG,7.246740,5.301010,Africa/Lagos
AKS,AGGA,Gwaunaru'u Airport,small_airport,Auki,SB,-8.702570,160.682007,Pacific/Guadalcanal
AKU,ZWAK,Aksu Hongqipo Airport,medium_airport,Aksu (Onsu),CN,41.262501,80.291702,Asia/Urumqi
AKV,CYKO,Akulivik Airport,small_airport,Akulivik,CA,60.818600,-78.148598,America/Iqaluit
AKX,UATT,Aktobe International Airport,large_airport,Aktobe,KZ,50.248116,57.204144,Asia/Aqtobe
AKY,VYSW,Sittwe Airport,medium_airport,Sittwe,MM,20.133165,92.870693,Asia/Yangon
ALA,UAAA,Almaty International Airport,large_airport,Almaty,KZ,43.354267,77.042828,Asia/Almaty
ALB,KALB,Albany International Airport,large_airport,Albany,US,42.748299,-73.801697,America/New_York
ALC,LEAL,Alicante-Elche Miguel Hernández Airport,large_airport,Alicante,ES,38.282200,-0.558156,Europe/Madrid
ALF,ENAT,Alta Airport,medium_airport,Alta,NO,69.976097,23.371700,Europe/Oslo
ALG,DAAG,Houari Boumediene Airport,large_airport,Algiers,DZ,36.693886,3.214531,Africa/Algiers
ALH,YABA,Albany Airport,medium_airport,Albany,AU,-34.943333,117.808889,Australia/Perth
ALO,KALO,Waterloo Regional Airport,medium_airport,Waterloo,US,42.557098,-92.400299,America/Chicago
ALP,OSAP,Aleppo International Airport,large_airport,Aleppo,SY,36.181262,37.226869,Asia/Damascus
ALS,KALS,San Luis Valley Regional Airport/Bergman Field,medium_airport,Alamosa,US,37.434898,-105.866997,America/Denver
ALW,KALW,Walla Walla Regional Airport,medium_airport,Walla Walla,US,46.094898,-118.288002,America/Los_Angeles
AMA,KAMA,Rick Husband Amarillo International Airport,medium_airport,Amarillo,US,35.217857,-101.706444,America/Chicago
AMD,VAAH,Sardar Vallabh Patel International Airport,large_airport,Ahmedabad,IN,23.077200,72.634697,Asia/Kolkata
AMH,HAAM,Arba Minch Airport,medium_airport,Arba Minch,ET,6.039390,37.590500,Africa/Addis_Ababa
AMM,OJAI,Queen Alia International Airport,large_airport,Amman,JO,31.722601,35.993198,Asia/Amman
AMQ,WAPP,Pattimura International Airport,large_airport,Ambon,ID,-3.710260,128.089005,Asia/Jayapura
AMS,EHAM,Amsterdam Airport Schiphol,large_airport,Amsterdam,NL,52.308601,4.763890,Europe/Amsterdam
AMV,ULDD,Amderma Airport,medium_airport,Amderma,RU,69.763712,61.556711,Europe/Moscow
ANC,PANC,Ted Stevens Anchorage International Airport,large_airport,Anchorage,US,61.179004,-149.992561,America/Anchorage
ANF,SCFA,Andrés Sabella Gálvez International Airport,large_airport,Antofagasta,CL,-23.445274,-70.445232,America/Santiago
ANI,PANI,Aniak Airport,medium_airport,Aniak,US,61.581600,-159.542999,America/Anchorage
ANR,EBAW,Antwerp International Airport (Deurne),medium_airport,Antwerp,BE,51.190667,4.463153,Europe/Brussels
ANS,SPHY,Andahuaylas Airport,small_airport,Andahuaylas,PE,-13.706400,-73.350403,America/Lima
ANU,TAPA,V. C. Bird International Airport,large_airport,Osbourn,AG,17.136700,-61.792702,America/Antigua
ANV,PANV,Anvik Airport,medium_airport,Anvik,US,62.646702,-160.190994,America/Anchorage
ANX,ENAN,"Andøya Airport, Andenes",medium_airport,Andenes,NO,69.295193,16.139379,Europe/Oslo
AOE,LTBY,Hasan Polatkan Airport,large_airport,Eskişehir,TR,39.811644,30.519268,Europe/Istanbul
AOG,ZYAS,Anshan Teng'ao Airport / Anshan Air Base,medium_airport,Anshan,CN,41.105301,122.853996,Asia/Shanghai
AOI,LIPY,Marche Airport,medium_airport,Falconara Marittima (AN),IT,43.616299,13.362300,Europe/Rome
AOJ,RJSA,Aomori Airport,large_airport,Aomori,JP,40.733777,140.689477,Asia/Tokyo
AOK,LGKP,Karpathos Airport,medium_airport,Karpathos Island,GR,35.421398,27.146000,Europe/Athens
AOO,KAOO,Altoona Blair County Airport,medium_airport,Altoona,US,40.296398,-78.320000,America/New_York
AOR,WMKA,Sultan Abdul Halim Airport,medium_airport,Alor Satar,MY,6.189670,100.398003,Asia/Kuala_Lumpur
APK,NTGD,Apataki Airport,small_airport,Apataki,PF,-15.573600,-146.414993,Pacific/Tahiti
APL,FQNP,Nampula Airport,large_airport,Nampula,MZ,-15.105600,39.281799,Africa/Maputo
APN,KAPN,Alpena County Regional Airport,medium_airport,Alpena,US,45.078098,-83.560303,America/Detroit
APO,SKLC,Antonio Roldán Betancur Airport,medium_airport,Carepa,CO,7.811960,-76.716400,America/Bogota
APW,NSFA,Faleolo International Airport,large_airport,Apia,WS,-13.830000,-172.007996,Pacific/Apia
AQA,SBAQ,Araraquara Airport,medium_airport,Araraquara,BR,-21.812000,-48.132999,America/Sao_Paulo
AQG,ZSAQ,Anqing Tianzhushan Airport / Anqing North Air Base,medium_airport,Anqing,CN,30.582199,117.050003,Asia/Shanghai
AQI,OEPA,Qaisumah–Hafar Al-Batin International Airport,large_airport,Qaisumah,SA,28.335726,46.127108,Asia/Riyadh
AQJ,OJAQ,King Hussein International Airport,large_airport,Aqaba,JO,29.611601,35.018101,Asia/Amman
AQP,SPQU,Rodríguez Ballón International Airport,large_airport,Arequipa,PE,-16.340786,-71.569485,America/Lima
ARC,PARC,Arctic Village Airport,medium_airport,Arctic Village,US,68.114700,-145.578995,America/Anchorage
ARD,WATM,Alor Island - Mali Airport,small_airport,Kabola,ID,-8.132340,124.597000,Asia/Makassar
ARH,ULAA,Talagi Airport,medium_airport,Archangelsk,RU,64.600304,40.716702,Europe/Moscow
ARI,SCAR,Chacalluta International Airport,medium_airport,Arica,CL,-18.348499,-70.338699,America/Santiago
ARK,HTAR,Arusha Airport,medium_airport,Arusha,TZ,-3.367790,36.633301,Africa/Dar_es_Salaam
ARM,YARM,Armidale Airport,medium_airport,Armidale,AU,-30.528099,151.617004,Australia/Sydney
ARN,ESSA,Stockholm-Arlanda Airport,large_airport,Stockholm,SE,59.648490,17.928829,Europe/Stockholm
ART,KART,Watertown International Airport,medium_airport,Watertown,US,43.991901,-76.021698,America/New_York
ARU,SBAU,Araçatuba Airport,medium_airport,Araçatuba,BR,-21.141479,-50.424575,America/Sao_Paulo
ARW,LRAR,Arad International Airport,medium_airport,Arad,RO,46.176136,21.264322,Europe/Bucharest
ASB,UTAA,Ashgabat International Airport,large_airport,Ashgabat,TM,37.986801,58.361000,Asia/Ashgabat
ASD,MYAF,Andros Town Airport,medium_airport,Andros Town,BS,24.697901,-77.795601,America/Nassau
ASE,KASE,Aspen-Pitkin County Airport (Sardy Field),medium_airport,Aspen,US,39.223202,-106.869003,America/Denver
ASF,URWA,Astrakhan Narimanovo Boris M. Kustodiev International Airport,large_airport,Astrakhan,RU,46.282843,48.010511,Europe/Astrakhan
ASI,FHAW,RAF Ascension Island,medium_airport,Cat Hill,SH,-7.970179,-14.392744,Atlantic/St_Helena
ASJ,RJKA,Amami Airport,medium_airport,Amami,JP,28.430599,129.712997,Asia/Tokyo
ASM,HHAS,Asmara International Airport,medium_airport,Asmara,ER,15.291900,38.910702,Africa/Asmara
ASO,HASO,Asosa Airport,medium_airport,Asosa,ET,10.018500,34.586300,Africa/Addis_Ababa
ASP,YBAS,Alice Springs Airport,medium_airport,Alice Springs,AU,-23.806588,133.903427,Australia/Darwin
ASR,LTAU,Kayseri Erkilet International Airport,large_airport,Kayseri,TR,38.770401,35.495399,Europe/Istanbul
ASU,SGAS,Silvio Pettirossi International Airport,large_airport,Asunción,PY,-25.240156,-57.519227,America/Asuncion
ASV,HKAM,Amboseli Airport,medium_airport,Ol Tukai,KE,-2.644786,37.252922,Africa/Nairobi
ASW,HESN,Aswan International Airport,large_airport,Aswan,EG,23.961075,32.820382,Africa/Cairo
ATC,MYCA,Arthur's Town Airport,medium_airport,Arthur's Town,BS,24.629400,-75.673797,America/Nassau
ATH,LGAV,Athens Eleftherios Venizelos International Airport,large_airport,Spata-Artemida,GR,37.936401,23.944500,Europe/Athens
ATK,PATQ,Atqasuk Edward Burnell Sr Memorial Airport,medium_airport,Atqasuk,US,70.467040,-157.436013,America/Anchorage
ATL,KATL,Hartsfield Jackson Atlanta International Airport,large_airport,Atlanta,US,33.636700,-84.428101,America/New_York
ATM,SBHT,Altamira Interstate Airport,medium_airport,Altamira,BR,-3.253144,-52.253938,America/Belem
ATQ,VIAR,Sri Guru Ram Das Ji International Airport,large_airport,Amritsar,IN,31.709600,74.797302,Asia/Kolkata
ATT,,Atmautluak Airport,small_airport,Atmautluak,US,60.866699,-162.272996,America/Nome
ATW,KATW,Appleton International Airport,medium_airport,Appleton,US,44.258515,-88.519000,America/Chicago
ATY,KATY,Watertown Regional Airport,medium_airport,Watertown,US,44.914001,-97.154701,America/Chicago
ATZ,HEAT,Asyut International Airport,large_airport,Asyut,EG,27.045962,31.012760,Africa/Cairo
AUA,TNCA,Queen Beatrix International Airport,large_airport,Oranjestad,AW,12.501056,-70.014281,America/Aruba
AUC,SKUC,Santiago Perez Airport,medium_airport,Arauca,CO,7.068880,-70.736900,America/Bogota
AUG,KAUG,Augusta State Airport,medium_airport,Augusta,US,44.320599,-69.797302,America/New_York
AUH,OMAA,Zayed International Airport,large_airport,Abu Dhabi,AE,24.440966,54.649237,Asia/Dubai
AUK,PAUK,Alakanuk Airport,small_airport,Alakanuk,US,62.682653,-164.722481,America/Nome
AUL,,Aur Island Airport,small_airport,Aur Atoll,MH,8.145280,171.173004,Pacific/Majuro
AUQ,NTMN,Hiva Oa-Atuona Airport,medium_airport,Hiva Oa Island,PF,-9.768790,-139.011002,Pacific/Marquesas
AUR,LFLW,Aurillac airport,medium_airport,Aurillac,FR,44.891399,2.421940,Europe/Paris
AUS,KAUS,Austin Bergstrom International Airport,large_airport,Austin,US,30.197535,-97.662015,America/Chicago
AUU,YAUR,Aurukun Airport,small_airport,Aurukun,AU,-13.354019,141.720028,Australia/Brisbane
AUX,SWGN,Araguaína Airport,medium_airport,Araguaína,BR,-7.227870,-48.240501,America/Araguaina
AVA,ZUAS,Anshun Huangguoshu Airport,medium_airport,Anshun (Xixiu),CN,26.260556,105.873333,Asia/Shanghai
AVK,ZMAH,Arvaikheer Airport,medium_airport,Arvaikheer,MN,46.250301,102.802002,Asia/Ulaanbaatar
AVL,KAVL,Asheville Regional Airport,medium_airport,Asheville,US,35.435488,-82.541853,America/New_York
AVN,LFMV,Avignon Caumont airport,medium_airport,Avignon,FR,43.907299,4.901830,Europe/Paris
AVP,KAVP,Wilkes-Barre/Scranton International Airport,medium_airport,Wilkes-Barre/Scranton,US,41.337064,-75.724232,America/New_York
AVR,VAAM,Amravati  Airport,medium_airport,Amravati,IN,20.814608,77.717765,Asia/Kolkata
AVV,YMAV,Melbourne Avalon International Airport,large_airport,Geelong/Melbourne,AU,-38.040269,144.467196,Australia/Melbourne
AWA,HALA,Hawassa International Airport,large_airport,Hawassa,ET,7.100611,38.396455,Africa/Addis_Ababa
AWK,PWAK,Wake Island Airfield,medium_airport,Wake Island,UM,19.282437,166.636637,Pacific/Wake
AWZ,OIAW,Qasem Soleimani International Airport,large_airport,Ahvaz,IR,31.336400,48.763789,Asia/Tehran
AXA,TQPF,Clayton J. Lloyd International Airport,medium_airport,The Valley,AI,18.204773,-63.053830,America/Anguilla
AXD,LGAL,Alexandroupoli Democritus Airport,medium_airport,Alexandroupolis,GR,40.855900,25.956301,Europe/Athens
AXF,ZBAL,Alxa Left Banner Bayanhot Airport,medium_airport,Bayanhot,CN,38.748317,105.584160,Asia/Shanghai
AXJ,RJDA,Amakusa Airport,medium_airport,Amakusa,JP,32.482498,130.158997,Asia/Tokyo
AXM,SKAR,El Eden Airport,medium_airport,Armenia,CO,4.452780,-75.766400,America/Bogota
AXP,MYAP,Spring Point Airport,medium_airport,Spring Point,BS,22.441799,-73.970901,America/Nassau
AXR,NTGU,Arutua Airport,medium_airport,,PF,-15.248300,-146.617004,Pacific/Tahiti
AXT,RJSK,Akita Airport,medium_airport,Akita,JP,39.615601,140.218994,Asia/Tokyo
AXU,HAAX,Axum Airport,medium_airport,Axum,ET,14.146800,38.772800,Africa/Addis_Ababa
AYJ,VEAY,Maharshi Valmiki International Airport,medium_airport,Faizabad,IN,26.747736,82.163664,Asia/Kolkata
AYP,SPHO,Air Force Colonel Alfredo Mendivil Duarte Airport,medium_airport,Ayacucho,PE,-13.154800,-74.204399,America/Lima
AYQ,YAYE,Ayers Rock Connellan Airport,medium_airport,Yulara,AU,-25.185913,130.977030,Australia/Darwin
AYT,LTAI,Antalya International Airport,large_airport,Antalya,TR,36.898701,30.800501,Europe/Istanbul
AZA,KIWA,Mesa Gateway Airport,medium_airport,Mesa,US,33.307800,-111.654999,America/Phoenix
AZD,OIYY,Shahid Sadooghi Airport,medium_airport,Yazd,IR,31.904900,54.276501,Asia/Tehran
AZN,UZFA,Andijan International Airport,medium_airport,Andijan,UZ,40.727699,72.293999,Asia/Tashkent
AZO,KAZO,Kalamazoo/Battle Creek International Airport,medium_airport,Kalamazoo,US,42.232105,-85.549637,America/Detroit
AZR,DAUA,Touat-Cheikh Sidi Mohamed Belkebir Airport,medium_airport,Adrar,DZ,27.837601,-0.186414,Africa/Algiers
AZS,MDCY,Samaná El Catey International Airport,medium_airport,Samana,DO,19.269259,-69.737405,America/Santo_Domingo
BAH,OBBI,Bahrain International Airport,large_airport,Manama,BH,26.267295,50.637640,Asia/Tehran
BAL,LTCJ,Batman Airport,medium_airport,Batman,TR,37.929001,41.116600,Europe/Istanbul
BAQ,SKBQ,Ernesto Cortissoz International Airport,large_airport,Barranquilla,CO,10.889600,-74.780800,America/Bogota
BAR,ZJQH,Qionghai Bo'ao Airport,medium_airport,Qionghai (Basuo),CN,19.140951,110.452766,Asia/Shanghai
BAS,AGGE,Ballalae Airport,small_airport,Ballalae,SB,-6.990745,155.886656,Pacific/Guadalcanal
BAV,ZBOW,Baotou Donghe International Airport,large_airport,Baotou,CN,40.560001,109.997002,Asia/Shanghai
BAX,UNBB,Barnaul Gherman Titov International Airport,large_airport,Barnaul,RU,53.361285,83.539701,Asia/Barnaul
BAY,LRBM,Maramureș International Airport,medium_airport,Tăuții-Măgherăuș,RO,47.658444,23.464445,Europe/Bucharest
BAZ,SWBC,Barcelos Airport,small_airport,Barcelos,BR,-0.981191,-62.918603,America/Manaus
BBA,SCBA,Balmaceda Airport,medium_airport,Balmaceda,CL,-45.915968,-71.689499,America/Argentina/Catamarca
BBG,NGTU,Butaritari Airport,small_airport,Butaritari,KI,3.085830,172.811005,Pacific/Tarawa
BBI,VEBS,Biju Patnaik International Airport,large_airport,Bhubaneswar,IN,20.251021,85.814747,Asia/Kolkata
BBK,FBKE,Kasane International Airport,large_airport,Kasane,BW,-17.831653,25.166195,Africa/Gaborone
BBM,VDBG,Battambang Airport,medium_airport,Battambang,KH,13.095600,103.223999,Asia/Phnom_Penh
BBN,WBGZ,Bario Airport,medium_airport,Bario,MY,3.734648,115.478548,Asia/Makassar
BBO,HCMI,Berbera Airport,medium_airport,Berbera,SO,10.385035,44.936723,Africa/Mogadishu
BBQ,TAPB,Burton-Nibbs International Airport,medium_airport,Codrington,AG,17.621194,-61.798347,America/Antigua
BBR,TFFB,Basse-Terre Baillif Airport,small_airport,Basse-Terre,GP,16.013648,-61.742928,America/Guadeloupe
BBU,LRBS,Bucharest Băneasa Aurel Vlaicu International Airport,large_airport,Bucharest,RO,44.503133,26.102944,Europe/Bucharest
BCA,MUBA,Gustavo Rizo Airport,medium_airport,Baracoa,CU,20.365299,-74.506203,America/Havana
BCD,RPVB,Bacolod-Silay International Airport,large_airport,Bacolod City,PH,10.776237,123.018879,Asia/Manila
BCH,WPEC,Baucau Airport,medium_airport,Baucau,TL,-8.486479,126.399981,Asia/Dili
BCI,YBAR,Barcaldine Airport,medium_airport,Barcaldine,AU,-23.566268,145.302086,Australia/Brisbane
BCM,LRBC,Bacău George Enescu International  Airport,large_airport,Bacău,RO,46.521900,26.910299,Europe/Bucharest
BCN,LEBL,Josep Tarradellas Barcelona-El Prat Airport,large_airport,Barcelona,ES,41.297100,2.078460,Europe/Madrid
BCO,HABC,Jinka Airport,medium_airport,Jinka,ET,5.749655,36.560165,Africa/Addis_Ababa
BCU,DNBC,Sir Abubakar Tafawa Balewa Bauchi State International Airport,large_airport,Bauchi,NG,10.482833,9.744000,Africa/Lagos
BDA,TXKF,L.F. Wade International Airport,large_airport,Hamilton,BM,32.363802,-64.678240,Atlantic/Bermuda
BDB,YBUD,Bundaberg Airport,medium_airport,Bundaberg,AU,-24.905039,152.322612,Australia/Brisbane
BDD,YBAU,Badu Island Airport,small_airport,Badu Island,AU,-10.149550,142.173665,Australia/Brisbane
BDH,OIBL,Bandar Lengeh International Airport,medium_airport,Bandar Lengeh,IR,26.532283,54.824840,Asia/Tehran
BDJ,WAOO,Syamsudin Noor International Airport,large_airport,Banjarbaru,ID,-3.440112,114.761209,Asia/Makassar
BDL,KBDL,Bradley International Airport,large_airport,Hartford,US,41.938555,-72.688016,America/New_York
BDO,WICC,Husein Sastranegara International Airport,medium_airport,Bandung,ID,-6.900630,107.575996,Asia/Jakarta
BDP,VNCG,Bhadrapur Airport,small_airport,Bhadrapur,NP,26.570801,88.079597,Asia/Kathmandu
BDQ,VABO,Vadodara International Airport,large_airport,Vadodara,IN,22.336201,73.226303,Asia/Kolkata
BDS,LIBR,Brindisi Airport,large_airport,Brindisi,IT,40.657600,17.947001,Europe/Rome
BDT,FZFD,Gbadolite Airport,medium_airport,Gbadolite,CD,4.252745,20.975271,Africa/Bangui
BDU,ENDU,Bardufoss Airport,medium_airport,Målselv,NO,69.055801,18.540400,Europe/Oslo
BEB,EGPL,Benbecula Airport,medium_airport,Balivanich,GB,57.481098,-7.362780,Europe/London
BED,KBED,Laurence G Hanscom Field,medium_airport,Bedford,US,42.470001,-71.289001,America/New_York
BEF,MNBL,Bluefields Airport,medium_airport,Bluefields,NI,11.991000,-83.774101,America/Managua
BEG,LYBE,Belgrade Nikola Tesla Airport,large_airport,Belgrade,RS,44.818401,20.309099,Europe/Belgrade
BEJ,WAQT,Kalimarau Airport,medium_airport,Tanjung Redeb - Borneo Island,ID,2.147760,117.430705,Asia/Makassar
BEK,VIBY,Bareilly Air Force Station,medium_airport,Bareilly,IN,28.422100,79.450798,Asia/Kolkata
BEL,SBBE,Val de Cans/Júlio Cezar Ribeiro International Airport,large_airport,Belém,BR,-1.379279,-48.476207,America/Belem
BEM,GMMD,Beni Mellal Airport,large_airport,Oulad Yaich,MA,32.401895,-6.315905,Africa/Casablanca
BEN,HLLB,Benina International Airport,large_airport,Benina,LY,32.096802,20.269501,Africa/Tripoli
BER,EDDB,Berlin Brandenburg Airport,large_airport,Berlin,DE,52.361738,13.502341,Europe/Berlin
BES,LFRB,Brest Bretagne airport,large_airport,Brest,FR,48.447899,-4.418540,Europe/Paris
BET,PABE,Bethel Airport,medium_airport,Bethel,US,60.779800,-161.837997,America/Nome
BEU,YBIE,Bedourie Airport,medium_airport,Bedourie,AU,-24.346100,139.460007,Australia/Brisbane
BEW,FQBR,Beira International Airport,large_airport,Beira,MZ,-19.796400,34.907600,Africa/Maputo
BEY,OLBA,Beirut Rafic Hariri International Airport,large_airport,Beirut,LB,33.819833,35.487443,Asia/Beirut
BFD,KBFD,Bradford Regional Airport,medium_airport,Bradford,US,41.803101,-78.640099,America/New_York
BFF,KBFF,Western Neb. Rgnl/William B. Heilig Airport,medium_airport,Scottsbluff,US,41.874001,-103.596001,America/Denver
BFI,KBFI,King County International Airport - Boeing Field,medium_airport,Seattle,US,47.527042,-122.299950,America/Los_Angeles
BFJ,ZUBJ,Bijie Feixiong Airport,medium_airport,Bijie,CN,27.267066,105.472097,Asia/Shanghai
BFL,KBFL,Meadows Field,medium_airport,Bakersfield,US,35.433601,-119.056999,America/Los_Angeles
BFN,FABL,Bram Fischer International Airport,large_airport,Bloemfontein,ZA,-29.092699,26.302401,Africa/Johannesburg
BFQ,MPPI,Bahia Piña Airport,small_airport,Puerto Piña,PA,7.587370,-78.179939,America/Panama
BFS,EGAA,Belfast International Airport,large_airport,Belfast,GB,54.657501,-6.215830,Europe/London
BFV,VTUO,Buri Ram Airport,medium_airport,Buriram,TH,15.229500,103.252998,Asia/Bangkok
BFY,ZSBA,Bengbu Tenghu Airport,medium_airport,Bengbu,CN,33.166292,117.058344,Asia/Shanghai
BGA,SKBG,Palonegro Airport,medium_airport,Bucaramanga,CO,7.126500,-73.184800,America/Bogota
BGC,LPBG,Bragança Airport,medium_airport,Bragança,PT,41.857800,-6.707130,Europe/Lisbon
BGF,FEFF,Bangui M'Poko International Airport,large_airport,Bangui,CF,4.398480,18.518801,Africa/Bangui
BGG,LTCU,Bingöl Airport,medium_airport,Bingöl,TR,38.860131,40.594489,Europe/Istanbul
BGI,TBPB,Grantley Adams International Airport,large_airport,Bridgetown,BB,13.074667,-59.491034,America/Barbados
BGK,MZBG,Big Creek Airport,small_airport,Big Creek,BZ,16.519369,-88.407913,America/Guatemala
BGM,KBGM,Greater Binghamton/Edwin A Link field,medium_airport,Binghamton,US,42.208698,-75.979797,America/New_York
BGO,ENBR,"Bergen Airport, Flesland",large_airport,Bergen,NO,60.293400,5.218140,Europe/Oslo
BGR,KBGR,Bangor International Airport,medium_airport,Bangor,US,44.806364,-68.826668,America/New_York
BGW,ORBI,Baghdad International Airport / New Al Muthana Air Base,large_airport,Baghdad,IQ,33.262501,44.234600,Asia/Baghdad
BGY,LIME,Il Caravaggio International Airport,large_airport,Orio al Serio (BG),IT,45.669362,9.708851,Europe/Rome
BHB,KBHB,Hancock County-Bar Harbor Airport,medium_airport,Bar Harbor,US,44.450001,-68.361504,America/New_York
BHD,EGAC,George Best Belfast City Airport,medium_airport,Belfast,GB,54.618099,-5.872500,Europe/London
BHE,NZWB,Woodbourne Airport,medium_airport,Blenheim,NZ,-41.518299,173.869995,Pacific/Auckland
BHH,OEBH,Bisha Airport,medium_airport,Bisha,SA,19.984400,42.620899,Asia/Riyadh
BHI,SAZB,Comandante Espora Airport,medium_airport,Bahía Blanca,AR,-38.725000,-62.169300,America/Argentina/Buenos_Aires
BHJ,VABJ,Bhuj Airport,medium_airport,Bhuj,IN,23.287800,69.670197,Asia/Kolkata
BHK,UZSB,Bukhara International Airport,large_airport,Bukhara,UZ,39.775319,64.482279,Asia/Samarkand
BHM,KBHM,Birmingham-Shuttlesworth International Airport,large_airport,Birmingham,US,33.562877,-86.750712,America/Chicago
BHO,VABP,Raja Bhoj International Airport,large_airport,Bhopal,IN,23.287500,77.337402,Asia/Kolkata
BHQ,YBHI,Broken Hill Airport,medium_airport,Broken Hill,AU,-32.001400,141.472000,Australia/Broken_Hill
BHR,VNBP,Bharatpur Airport,small_airport,Bharatpur,NP,27.678101,84.429398,Asia/Kathmandu
BHS,YBTH,Bathurst Airport,medium_airport,Bathurst,AU,-33.406817,149.651161,Australia/Sydney
BHU,VABV,Bhavnagar Airport,medium_airport,Bhavnagar,IN,21.752199,72.185204,Asia/Kolkata
BHV,OPBW,Bahawalpur Airport,medium_airport,Bahawalpur,PK,29.348101,71.718002,Asia/Karachi
BHX,EGBB,Birmingham Airport,large_airport,"Birmingham, West Midlands",GB,52.453899,-1.748030,Europe/London
BHY,ZGBH,Beihai Fucheng Airport,medium_airport,Beihai,CN,21.538659,109.293683,Asia/Shanghai
BIA,LFKB,Bastia-Poretta International airport,large_airport,Bastia,FR,42.552700,9.483730,Europe/Paris
BID,KBID,Block Island State Airport,small_airport,Block Island,US,41.168446,-71.578631,America/New_York
BIH,KBIH,Eastern Sierra Regional Airport,medium_airport,Bishop,US,37.373100,-118.363998,America/Los_Angeles
BIK,WABB,Frans Kaisiepo Airport,medium_airport,Biak,ID,-1.190020,136.108002,Asia/Jayapura
BIL,KBIL,Billings Logan International Airport,medium_airport,Billings,US,45.808932,-108.541242,America/Denver
BIM,MYBS,South Bimini Airport,medium_airport,South Bimini,BS,25.699900,-79.264702,America/Nassau
BIO,LEBB,Bilbao Airport,large_airport,Bilbao,ES,43.301102,-2.910610,Europe/Madrid
BIQ,LFBZ,Biarritz Pays Basque airport,medium_airport,Biarritz,FR,43.468372,-1.523223,Europe/Paris
BIR,VNVT,Biratnagar Airport,medium_airport,Biratnagar,NP,26.481501,87.264000,Asia/Kathmandu
BIS,KBIS,Bismarck Municipal Airport,medium_airport,Bismarck,US,46.772734,-100.746874,America/Chicago
BJA,DAAE,Soummam–Abane Ramdane Airport,large_airport,Béjaïa,DZ,36.712547,5.069909,Africa/Algiers
BJB,OIMN,Bojnord Airport,medium_airport,Bojnord,IR,37.493000,57.308201,Asia/Tehran
BJC,KBJC,Rocky Mountain Metropolitan Airport,medium_airport,Denver,US,39.908798,-105.116997,America/Denver
BJF,ENBS,Båtsfjord Airport,medium_airport,Båtsfjord,NO,70.600250,29.692612,Europe/Oslo
BJL,GBYD,Banjul International Airport,large_airport,Banjul (Yundum),GM,13.338000,-16.652201,Africa/Banjul
BJM,HBBA,Bujumbura Melchior Ndadaye International Airport,large_airport,Bujumbura,BI,-3.324020,29.318501,Africa/Bujumbura
BJR,HABD,Bahir Dar Airport,medium_airport,Bahir Dar,ET,11.608100,37.321602,Africa/Addis_Ababa
BJV,LTFE,Milas Bodrum International Airport,large_airport,Bodrum,TR,37.249314,27.664010,Europe/Istanbul
BJX,MMLO,Guanajuato International Airport,large_airport,Silao,MX,20.992695,-101.480284,America/Mexico_City
BJZ,LEBZ,Badajoz Airport,medium_airport,Badajoz,ES,38.891300,-6.821330,Europe/Madrid
BKC,PABL,Buckland Airport,small_airport,Buckland,US,65.981598,-161.149002,America/Anchorage
BKG,KBBG,Branson Airport,medium_airport,Branson,US,36.532082,-93.200544,America/Chicago
BKI,WBKK,Kota Kinabalu International Airport,large_airport,Kota Kinabalu,MY,5.932743,116.049324,Asia/Kuching
BKK,VTBS,Suvarnabhumi Airport,large_airport,Bangkok,TH,13.681100,100.747002,Asia/Bangkok
BKM,WBGQ,Bakalalan Airport,small_airport,Bakalalan,MY,3.974000,115.617996,Asia/Kuching
BKN,UTAN,Balkanabat International Airport,medium_airport,Balkanabat,TM,39.681052,54.206008,Asia/Ashgabat
BKO,GABS,Modibo Keita International Airport,large_airport,Bamako,ML,12.533500,-7.949940,Africa/Bamako
BKQ,YBCK,Blackall Airport,medium_airport,Blackall,AU,-24.431678,145.429716,Australia/Brisbane
BKS,WIGG,Fatmawati Soekarno Airport,medium_airport,Bengkulu,ID,-3.863700,102.338997,Asia/Jakarta
BKW,KBKW,Raleigh County Memorial Airport,medium_airport,Beaver,US,37.787300,-81.124199,America/New_York
BKZ,HTBU,Bukoba Airport,small_airport,Bukoba,TZ,-1.332000,31.821200,Africa/Dar_es_Salaam
BLA,SVBC,General José Antonio Anzoategui International Airport,large_airport,Barcelona,VE,10.111111,-64.692222,America/Caracas
BLB,MPPA,Panamá Pacífico International Airport,small_airport,Panamá City,PA,8.914790,-79.599602,America/Panama
BLD,KBVU,Boulder City Municipal Airport,medium_airport,Boulder City,US,35.947161,-114.858799,America/Los_Angeles
BLE,ESSD,Dala Airport,medium_airport,Borlange,SE,60.422001,15.515200,Europe/Stockholm
BLI,KBLI,Bellingham International Airport,medium_airport,Bellingham,US,48.792801,-122.538002,America/Los_Angeles
BLJ,DABT,Batna Mostefa Ben Boulaid Airport,large_airport,Batna,DZ,35.752102,6.308590,Africa/Algiers
BLL,EKBI,Billund Airport,large_airport,Billund,DK,55.740335,9.157019,Europe/Copenhagen
BLQ,LIPE,Bologna Guglielmo Marconi Airport,large_airport,Bologna,IT,44.535400,11.288700,Europe/Rome
BLR,VOBL,Kempegowda International Airport Bengaluru,large_airport,Bengaluru,IN,13.197900,77.706299,Asia/Kolkata
BLV,KBLV,Scott AFB/Midamerica Airport,medium_airport,Belleville,US,38.545200,-89.835197,America/Chicago
BLW,HCMN,Beledweyne Airport,small_airport,Beledweyne,SO,4.766976,45.238800,Africa/Mogadishu
BLZ,FWCL,Chileka International Airport,large_airport,Blantyre,MW,-15.677189,34.972319,Africa/Blantyre
BMA,ESSB,Stockholm-Bromma Airport,medium_airport,Stockholm,SE,59.354401,17.941700,Europe/Stockholm
BME,YBRM,Broome International Airport,large_airport,Broome,AU,-17.949194,122.228300,Australia/Perth
BMI,KBMI,Central Illinois Regional Airport at Bloomington-Normal,medium_airport,Bloomington/Normal,US,40.477100,-88.915901,America/Chicago
BMK,EDWR,Borkum Airport,small_airport,Borkum,DE,53.596390,6.709167,Europe/Berlin
BMO,VYBM,Banmaw Airport,small_airport,Banmaw,MM,24.270440,97.247600,Asia/Yangon
BMR,EDWZ,Baltrum Airport,small_airport,Baltrum,DE,53.724850,7.373257,Europe/Berlin
BMU,WADB,Sultan Muhammad Salahuddin Airport,medium_airport,Bima,ID,-8.537184,118.685002,Asia/Makassar
BMV,VVBM,Buon Ma Thuot Airport,medium_airport,Buon Ma Thuot,VN,12.668300,108.120003,Asia/Ho_Chi_Minh
BMW,DATM,Bordj Badji Mokhtar Airport,medium_airport,Bordj Badji Mokhtar,DZ,21.377800,0.926980,Africa/Algiers
BMY,NWWC,Île Art - Waala Airport,small_airport,Waala,NC,-19.720521,163.661077,Pacific/Noumea
BNA,KBNA,Nashville International Airport,large_airport,Nashville,US,36.124500,-86.678200,America/Chicago
BNB,FZGN,Boende Airport,small_airport,Boende,CD,-0.286652,20.883551,Africa/Kinshasa
BND,OIKB,Bandar Abbas International Airport,large_airport,Bandar Abbas,IR,27.218300,56.377800,Asia/Tehran
BNE,YBBN,Brisbane International Airport,large_airport,Brisbane,AU,-27.384199,153.117004,Australia/Brisbane
BNI,DNBE,Benin Airport,medium_airport,Benin,NG,6.316980,5.599500,Africa/Lagos
BNK,YBNA,Ballina Byron Gateway Airport,medium_airport,Ballina,AU,-28.833236,153.561471,Australia/Sydney
BNN,ENBN,"Brønnøysund Airport, Brønnøy",medium_airport,Brønnøy,NO,65.461098,12.217500,Europe/Oslo
BNS,SVBI,Barinas Airport,medium_airport,Barinas,VE,8.615000,-70.214167,America/Caracas
BNX,LQBK,Banja Luka International Airport,large_airport,Mahovljani,BA,44.941399,17.297501,Europe/Sarajevo
BNY,AGGB,Bellona/Anua Airport,small_airport,Anua,SB,-11.302222,159.798333,Pacific/Guadalcanal
BOB,NTTB,Bora Bora Airport,medium_airport,Motu Mute,PF,-16.444401,-151.751007,Pacific/Tahiti
BOC,MPBO,"Bocas del Toro ""Isla Colón"" International Airport",medium_airport,Isla Colón,PA,9.340850,-82.250801,America/Panama
BOD,LFBD,Bordeaux–Mérignac Airport,large_airport,Bordeaux,FR,44.828650,-0.715356,Europe/Paris
BOG,SKBO,El Dorado International Airport,large_airport,Bogota,CO,4.701590,-74.146900,America/Bogota
BOH,EGHH,Bournemouth Airport,medium_airport,Bournemouth,GB,50.780483,-1.839576,Europe/London
BOI,KBOI,Boise Air Terminal/Gowen Field,large_airport,Boise,US,43.564400,-116.223000,America/Boise
BOJ,LBBG,Burgas Airport,large_airport,Burgas,BG,42.569917,27.515173,Europe/Sofia
BOM,VABB,Chhatrapati Shivaji Maharaj International Airport,large_airport,Mumbai,IN,19.088699,72.867897,Asia/Kolkata
BON,TNCB,Flamingo International Airport,large_airport,Kralendijk,BQ,12.131000,-68.268501,America/Caracas
BOO,ENBO,Bodø Airport,large_airport,Bodø,NO,67.269203,14.365300,Europe/Oslo
BOR,VLBK,Bokeo International Airport,medium_airport,Ton Phueng,LA,20.323986,100.165392,Asia/Bangkok
BOS,KBOS,Boston Logan International Airport,large_airport,Boston,US,42.361970,-71.007900,America/New_York
BOT,AYET,Bosset Airport,small_airport,Bosset,PG,-7.237257,141.106322,Pacific/Port_Moresby
BOY,DFOO,Bobo Dioulasso Airport,large_airport,Bobo Dioulasso,BF,11.160100,-4.330970,Africa/Ouagadougou
BPE,ZBDH,Qinhuangdao Beidaihe Airport,medium_airport,Qinhuangdao (Changli),CN,39.666384,119.061384,Asia/Shanghai
BPL,ZWBL,Bole Alashankou Airport,medium_airport,Bole,CN,44.895461,82.300070,Asia/Urumqi
BPN,WALL,Sultan Aji Muhammad Sulaiman Sepinggan International Airport,large_airport,Balikpapan,ID,-1.268342,116.894520,Asia/Makassar
BPS,SBPS,Porto Seguro International Airport,large_airport,Porto Seguro,BR,-16.438426,-39.080584,America/Bahia
BPT,KBPT,Jack Brooks Regional Airport,medium_airport,Beaumont/Port Arthur,US,29.950800,-94.020699,America/Chicago
BPX,ZUBD,Qamdo Bangda Airport,medium_airport,Bangda,CN,30.553600,97.108299,Asia/Shanghai
BPY,FMNQ,Besalampy Airport,medium_airport,Besalampy,MG,-16.744530,44.482484,Indian/Antananarivo
BQB,YBLN,Busselton Margaret River Regional Airport,small_airport,Busselton,AU,-33.687222,115.400278,Australia/Perth
BQG,UHNB,Bogorodskoye Airport,small_airport,Bogorodskoye,RU,52.381041,140.449378,Asia/Vladivostok
BQJ,UEBB,Batagay Airport,small_airport,Batagay,RU,67.648003,134.695007,Asia/Vladivostok
BQK,KBQK,Brunswick Golden Isles Airport,medium_airport,Brunswick,US,31.258801,-81.466499,America/New_York
BQL,YBOU,Boulia Airport,medium_airport,,AU,-22.913300,139.899994,Australia/Brisbane
BQN,TJBQ,Rafael Hernández International Airport,medium_airport,Aguadilla,PR,18.494900,-67.129402,America/Puerto_Rico
BQS,UHBB,Ignatyevo Airport,medium_airport,Blagoveschensk,RU,50.426723,127.415502,Asia/Yakutsk
BQT,UMBB,Brest International Airport,large_airport,Brest,BY,52.108138,23.896760,Europe/Minsk
BQU,TVSB,J F Mitchell Airport,medium_airport,Bequia,VC,12.988400,-61.262001,America/St_Vincent
BRA,SNBR,Dom Ricardo Weberberger Airport,small_airport,Barreiras,BR,-12.078900,-45.008999,America/Bahia
BRC,SAZS,Teniente Luis Candelaria International Airport,large_airport,San Carlos de Bariloche,AR,-41.151199,-71.157501,America/Argentina/Salta
BRD,KBRD,Brainerd Lakes Regional Airport,medium_airport,Brainerd,US,46.402861,-94.129727,America/Chicago
BRE,EDDW,Bremen Airport,large_airport,Bremen,DE,53.046786,8.789320,Europe/Berlin
BRI,LIBD,Bari Karol Wojtyła International Airport,large_airport,Bari,IT,41.138901,16.760599,Europe/Rome
BRK,YBKE,Bourke Airport,medium_airport,,AU,-30.039200,145.951996,Australia/Sydney
BRL,KBRL,Southeast Iowa Regional Airport,medium_airport,Burlington,US,40.783199,-91.125504,America/Chicago
BRM,SVBM,Jacinto Lara International Airport,large_airport,Barquisimeto,VE,10.042747,-69.358620,America/Caracas
BRN,LSZB,Bern Airport,medium_airport,Bern,CH,46.912736,7.498819,Europe/Zurich
BRO,KBRO,Brownsville South Padre Island International Airport,medium_airport,Brownsville,US,25.907238,-97.425235,America/Chicago
BRQ,LKTB,Brno-Tuřany Airport,medium_airport,Brno,CZ,49.151276,16.693972,Europe/Prague
BRR,EGPR,Barra Airport,medium_airport,Eoligarry,GB,57.022800,-7.443060,Europe/London
BRS,EGGD,Bristol Airport,large_airport,Bristol,GB,51.382326,-2.716453,Europe/London
BRU,EBBR,Brussels Airport,large_airport,Zaventem,BE,50.901402,4.484440,Europe/Brussels
BRW,PABR,Wiley Post Will Rogers Memorial Airport,medium_airport,Utqiaġvik,US,71.285402,-156.766008,America/Anchorage
BRX,MDBH,Maria Montez International Airport,medium_airport,Barahona,DO,18.251499,-71.120399,America/Santo_Domingo
BSA,HCMF,Bender Qassim International Airport,large_airport,Bosaso,SO,11.275235,49.139231,Africa/Mogadishu
BSB,SBBR,Presidente Juscelino Kubitschek International Airport,large_airport,Brasília,BR,-15.869167,-47.920834,America/Sao_Paulo
BSC,SKBS,José Celestino Mutis Airport,medium_airport,Bahía Solano,CO,6.202920,-77.394700,America/Bogota
BSD,ZPBS,Baoshan Yunrui Airport,medium_airport,Baoshan (Longyang),CN,25.053301,99.168297,Asia/Shanghai
BSG,FGBT,Bata International Airport,large_airport,Bata,GQ,1.905470,9.805680,Africa/Douala
BSK,DAUB,Biskra - Mohamed Khider Airport,large_airport,Biskra,DZ,34.793180,5.738899,Africa/Algiers
BSL,LFSB,EuroAirport Basel–Mulhouse–Freiburg,large_airport,Bâle / Mulhouse,FR,47.600680,7.521117,Europe/Paris
BSO,RPUO,Basco Airport,medium_airport,Basco,PH,20.451300,121.980003,Asia/Manila
BSR,ORMM,Basra International Airport,large_airport,Basra,IQ,30.549101,47.662102,Asia/Baghdad
BSX,VYPN,Pathein Airport,small_airport,Pathein,MM,16.815201,94.779900,Asia/Yangon
BSZ,UCFM,Manas International Airport,large_airport,Bishkek,KG,43.061298,74.477600,Asia/Bishkek
BTC,VCCB,Batticaloa International Airport,medium_airport,Batticaloa,LK,7.705073,81.677163,Asia/Colombo
BTH,WIDD,Hang Nadim International Airport,large_airport,Batam,ID,1.121030,104.119003,Asia/Jakarta
BTI,PABA,Barter Island Long Range Radar Station Airport,medium_airport,Barter Island,US,70.134003,-143.582001,America/Anchorage
BTJ,WITT,Sultan Iskandar Muda International Airport,large_airport,Banda Aceh,ID,5.525087,95.419970,Asia/Jakarta
BTK,UIBB,Bratsk Airport,medium_airport,Bratsk,RU,56.369600,101.701822,Asia/Irkutsk
BTM,KBTM,Bert Mooney Airport,medium_airport,Butte,US,45.954800,-112.497002,America/Denver
BTR,KBTR,Baton Rouge Metropolitan Airport,medium_airport,Baton Rouge,US,30.533199,-91.149597,America/Chicago
BTS,LZIB,M. R. Štefánik Airport,large_airport,Bratislava,SK,48.170200,17.212700,Europe/Bratislava
BTT,PABT,Bettles Airport,small_airport,Bettles,US,66.913902,-151.529007,America/Anchorage
BTU,WBGB,Bintulu Airport,medium_airport,Bintulu,MY,3.123850,113.019997,Asia/Kuching
BTV,KBTV,Patrick Leahy Burlington International Airport,medium_airport,Burlington,US,44.471901,-73.153297,America/New_York
BTW,WAOC,Bersujud Airport,small_airport,Batu Licin,ID,-3.412410,115.995003,Asia/Makassar
BUA,AYBK,Buka Airport,medium_airport,Buka Island,PG,-5.422299,154.672698,Pacific/Bougainville
BUC,YBKT,Burketown Airport,small_airport,,AU,-17.748600,139.533997,Australia/Brisbane
BUD,LHBP,Budapest Liszt Ferenc International Airport,large_airport,Budapest,HU,47.430180,19.262393,Europe/Budapest
BUF,KBUF,Buffalo Niagara International Airport,large_airport,Buffalo,US,42.940498,-78.732201,America/New_York
BUI,WAVB,Bokondini Airport,small_airport,Bokondini,ID,-3.684550,138.677437,Asia/Jayapura
BUN,SKBU,Gerardo Tobar López Airport,medium_airport,Buenaventura,CO,3.819630,-76.989800,America/Bogota
BUQ,FVJN,Joshua Mqabuko Nkomo International Airport,large_airport,Bulawayo,ZW,-20.016284,28.622897,Africa/Harare
BUR,KBUR,Hollywood Burbank/Bob Hope Airport,large_airport,Burbank,US,34.202834,-118.358050,America/Los_Angeles
BUS,UGSB,Alexander Kartveli Batumi International Airport,large_airport,Batumi,GE,41.609390,41.600315,Asia/Tbilisi
BUT,VQBT,Bathpalathang Airport,small_airport,Jakar,BT,27.562200,90.747100,Asia/Thimphu
BUU,WIJB,Muara Bungo Airport,small_airport,Muara Bungo,ID,-1.541635,102.181613,Asia/Jakarta
BUX,FZKA,Bunia Airport,medium_airport,Bunia,CD,1.565743,30.220685,Africa/Lubumbashi
BUZ,OIBB,Bushehr Airport,medium_airport,Bushehr,IR,28.944799,50.834599,Asia/Tehran
BVA,LFOB,Beauvais-Tillé airport,large_airport,Beauvais,FR,49.454399,2.112780,Europe/Paris
BVB,SBBV,Atlas Brasil Cantanhede International Airport,large_airport,Boa Vista,BR,2.846150,-60.690648,America/Boa_Vista
BVC,GVBA,Aristides Pereira International Airport,large_airport,Rabil,CV,16.136499,-22.888901,Atlantic/Cape_Verde
BVE,LFSL,Brive Souillac airport,medium_airport,Brive,FR,45.039722,1.485556,Europe/Paris
BVG,ENBV,Berlevåg Airport,medium_airport,Berlevåg,NO,70.871517,29.034097,Europe/Oslo
BVH,SBVH,Brigadeiro Camarão Airport,medium_airport,Vilhena,BR,-12.694400,-60.098301,America/Porto_Velho
BVI,YBDV,Birdsville Airport,medium_airport,,AU,-25.897499,139.348007,Australia/Brisbane
BVJ,USDB,Bovanenkovo Airport,medium_airport,Bovanenkovo,RU,70.315278,68.333611,Asia/Yekaterinburg
BVS,SNVS,Breves Airport,small_airport,Breves,BR,-1.636530,-50.443600,America/Belem
BWA,VNBW,Gautam Buddha International Airport,large_airport,Siddharthanagar (Bhairahawa),NP,27.504636,83.410381,Asia/Kathmandu
BWI,KBWI,Baltimore/Washington International Thurgood Marshall Airport,large_airport,Baltimore,US,39.175400,-76.668297,America/New_York
BWK,LDSB,Brač Airport,medium_airport,Gornji Humac,HR,43.284454,16.678362,Europe/Zagreb
BWN,WBSB,Brunei International Airport,large_airport,Bandar Seri Begawan,BN,4.944200,114.928001,Asia/Brunei
BWO,UWSB,Balakovo Airport,medium_airport,Balakovo,RU,51.858299,47.745602,Europe/Saratov
BWT,YWYY,Wynyard Airport,medium_airport,Burnie,AU,-40.997039,145.726000,Australia/Hobart
BWX,WADY,Banyuwangi Airport,small_airport,"Rogojampi, Banyuwangi",ID,-8.310150,114.340100,Asia/Jakarta
BXG,YBDG,Bendigo Airport,small_airport,,AU,-36.739399,144.330002,Australia/Melbourne
BXH,UAAH,Balkhash Airport,medium_airport,Balkhash,KZ,46.894246,75.004533,Asia/Almaty
BXR,OIKM,Bam Airport,medium_airport,Bam,IR,29.084200,58.450001,Asia/Tehran
BXT,WALC,LNG Badak Airport,small_airport,Bontang-Borneo Island,ID,0.121656,117.476558,Asia/Makassar
BXU,RPME,Bancasi Airport,medium_airport,Butuan,PH,8.951500,125.478800,Asia/Manila
BXY,UAOL,Baikonur Krayniy International Airport,large_airport,Baikonur,KZ,45.621994,63.210773,Asia/Qyzylorda
BYK,DIBK,Bouaké Airport,medium_airport,Bouaké,CI,7.738800,-5.073670,Africa/Abidjan
BYM,MUBY,Carlos Manuel de Cespedes Airport,medium_airport,Bayamo,CU,20.396400,-76.621399,America/Havana
BYN,ZMBH,Bayankhongor Airport,medium_airport,Bayankhongor,MN,46.163300,100.704002,Asia/Ulaanbaatar
BYO,SBDB,Bonito Airport,small_airport,Bonito,BR,-21.247300,-56.452399,America/Campo_Grande
BYR,EKLS,Læsø Airport,small_airport,Læsø,DK,57.277199,11.000100,Europe/Copenhagen
BYW,38WA,Blakely Island Airport,small_airport,Blakely Island,US,48.579162,-122.823844,America/Los_Angeles
BZE,MZBZ,Philip S. W. Goldson International Airport,large_airport,Belize City,BZ,17.539951,-88.303556,America/Belize
BZG,EPBY,Ignacy Jan Paderewski Bydgoszcz Airport,medium_airport,Bydgoszcz,PL,53.096802,17.977699,Europe/Warsaw
BZI,LTBF,Balıkesir Airport,medium_airport,Balıkesir,TR,39.619301,27.926001,Europe/Istanbul
BZL,VGBR,Barisal Airport,medium_airport,Barisal,BD,22.801001,90.301201,Asia/Dhaka
BZN,KBZN,Bozeman Yellowstone International Airport,medium_airport,Bozeman,US,45.778853,-111.153711,America/Denver
BZO,LIPB,Bolzano Airport,medium_airport,Bolzano (BZ),IT,46.459245,11.326125,Europe/Rome
BZR,LFMU,Béziers Vias airport,medium_airport,Béziers,FR,43.323502,3.353900,Europe/Paris
BZV,FCBB,Maya-Maya International Airport,large_airport,Brazzaville,CG,-4.251700,15.253000,Africa/Brazzaville
BZX,ZUBZ,Bazhong Enyang Airport,medium_airport,Bazhong,CN,31.738420,106.644872,Asia/Shanghai
CAB,FNCA,Cabinda Airport,medium_airport,Cabinda,AO,-5.598390,12.188145,Africa/Luanda
CAC,SBCA,Coronel Adalberto Mendes da Silva Airport,medium_airport,Cascavel,BR,-25.000323,-53.501208,America/Sao_Paulo
CAE,KCAE,Columbia Metropolitan Airport,medium_airport,Columbia,US,33.938172,-81.123022,America/New_York
CAF,SWCA,Carauari Airport,small_airport,Carauari,BR,-4.871473,-66.897552,America/Manaus
CAG,LIEE,Cagliari Elmas Airport,large_airport,Cagliari,IT,39.251499,9.054280,Europe/Rome
CAH,VVCM,Cà Mau Airport,medium_airport,Ca Mau City,VN,9.177667,105.177778,Asia/Ho_Chi_Minh
CAI,HECA,Cairo International Airport,large_airport,Cairo,EG,30.111534,31.396694,Africa/Cairo
CAJ,SVCN,Canaima Airport,medium_airport,Canaima,VE,6.231989,-62.854850,America/Caracas
CAK,KCAK,Akron Canton Regional Airport,medium_airport,Akron,US,40.916100,-81.442200,America/New_York
CAL,EGEC,Campbeltown Airport,medium_airport,Campbeltown,GB,55.437199,-5.686390,Europe/London
CAN,ZGGG,Guangzhou Baiyun International Airport,large_airport,Guangzhou (Huadu),CN,23.392401,113.299004,Asia/Shanghai
CAP,MTCH,Cap Haitien International Airport,large_airport,Cap Haitien,HT,19.725547,-72.200710,America/Port-au-Prince
CAT,LPCS,Cascais Airport,medium_airport,Cascais,PT,38.724998,-9.355230,Europe/Lisbon
CAU,SNRU,Caruaru Airport,small_airport,Caruaru,BR,-8.282390,-36.013500,America/Recife
CAW,SBCP,Bartolomeu Lisandro Airport,medium_airport,Campos dos Goytacazes,BR,-21.698299,-41.301701,America/Sao_Paulo
CAY,SOCA,Cayenne – Félix Eboué Airport,large_airport,Matoury,GF,4.819964,-52.361326,America/Cayenne
CAZ,YCBA,Cobar Airport,medium_airport,,AU,-31.538300,145.794006,Australia/Sydney
CBB,SLCB,Jorge Wilsterman International Airport,large_airport,Cochabamba,BO,-17.421105,-66.177102,America/La_Paz
CBH,DAOR,Béchar Boudghene Ben Ali Lotfi Airport,medium_airport,Béchar,DZ,31.645700,-2.269860,Africa/Algiers
CBO,RPMC,Cotabato (Awang) Airport,medium_airport,Datu Odin Sinsuat,PH,7.164753,124.209938,Asia/Manila
CBQ,DNCA,Margaret Ekpo International Airport,medium_airport,Calabar,NG,4.976020,8.347200,Africa/Lagos
CBR,YSCB,Canberra Airport,medium_airport,Canberra,AU,-35.306900,149.195007,Australia/Sydney
CBT,FNCT,Catumbela Airport,medium_airport,Catumbela,AO,-12.479200,13.486900,Africa/Luanda
CCA,SLHI,Chimore Airport,small_airport,Chimore,BO,-16.976834,-65.145568,America/La_Paz
CCC,MUCC,Jardines Del Rey Airport,medium_airport,Cayo Coco,CU,22.461000,-78.328400,America/Havana
CCE,HECP,Capital International Airport,medium_airport,New Cairo,EG,30.064650,31.839974,Africa/Cairo
CCF,LFMK,Carcassonne Salvaza Airport,medium_airport,Carcassonne,FR,43.216000,2.306320,Europe/Paris
CCJ,VOCL,Calicut International Airport,large_airport,Calicut,IN,11.135996,75.955152,Asia/Kolkata
CCK,YPCC,Cocos (Keeling) Islands Airport,large_airport,West Island,CC,-12.192218,96.834103,Indian/Cocos
CCP,SCIE,Carriel Sur International Airport,large_airport,Concepcion,CL,-36.772350,-73.062828,America/Santiago
CCR,KCCR,Buchanan Field,medium_airport,Concord,US,37.989700,-122.056999,America/Los_Angeles
CCS,SVMI,Maiquetía Simón Bolívar International Airport,large_airport,Maiquetía,VE,10.602214,-66.991174,America/Caracas
CCU,VECC,Netaji Subhash Chandra Bose International Airport,large_airport,Kolkata,IN,22.654012,88.447650,Asia/Kolkata
CCV,NVSF,Craig Cove Airport,small_airport,Craig Cove,VU,-16.264999,167.923996,Pacific/Efate
CCZ,MYBC,Chub Cay Airport,medium_airport,Chub Cay,BS,25.417101,-77.880898,America/Nassau
CDB,PACD,Cold Bay Airport,medium_airport,Cold Bay,US,55.207871,-162.725029,America/Nome
CDC,KCDC,Cedar City Regional Airport,medium_airport,Cedar City,US,37.701000,-113.098999,America/Denver
CDE,ZBCD,Chengde Puning Airport,medium_airport,Chengde,CN,41.122500,118.073889,Asia/Shanghai
CDG,LFPG,Charles de Gaulle International Airport,large_airport,"Paris (Roissy-en-France, Val-d'Oise)",FR,49.008960,2.554117,Europe/Paris
CDP,VOCP,Kadapa Airport,medium_airport,Kadapa,IN,14.513154,78.769183,Asia/Kolkata
CDR,KCDR,Chadron Municipal Airport,medium_airport,Chadron,US,42.837601,-103.095001,America/Denver
CDT,LECH,Castellón-Costa Azahar Airport,medium_airport,Castellón de la Plana,ES,40.213889,0.073333,Europe/Madrid
CDV,PACV,Merle K (Mudhole) Smith Airport,medium_airport,Cordova,US,60.491798,-145.477997,America/Anchorage
CEB,RPVM,Mactan Cebu International Airport,large_airport,Cebu City/Lapu-Lapu City,PH,10.309261,123.979740,Asia/Manila
CEC,KCEC,Jack Mc Namara Field Airport,medium_airport,Crescent City,US,41.778929,-124.236403,America/Los_Angeles
CED,YCDU,Ceduna Airport,medium_airport,,AU,-32.130600,133.710007,Australia/Adelaide
CEE,ULWC,Cherepovets Airport,medium_airport,Cherepovets,RU,59.273602,38.015800,Europe/Moscow
CEI,VTCT,Mae Fah Luang - Chiang Rai International Airport,large_airport,Chiang Rai,TH,19.952299,99.882896,Asia/Bangkok
CEK,USCC,Kurchatov Chelyabinsk International Airport,large_airport,Chelyabinsk,RU,55.303141,61.504927,Asia/Yekaterinburg
CEL,SSCN,Canela Airport,small_airport,Canela,BR,-29.370091,-50.831729,America/Sao_Paulo
CEM,PACE,Central Airport,small_airport,Central,US,65.573815,-144.780707,America/Anchorage
CEN,MMCN,Ciudad Obregón International Airport,medium_airport,Ciudad Obregón,MX,27.392599,-109.833000,America/Hermosillo
CEZ,KCEZ,Cortez Municipal Airport,medium_airport,Cortez,US,37.303001,-108.627998,America/Denver
CFB,SBCB,Cabo Frio Airport,small_airport,Cabo Frio,BR,-22.921485,-42.071874,America/Sao_Paulo
CFE,LFLC,Clermont-Ferrand Auvergne airport,large_airport,Clermont-Ferrand,FR,45.786701,3.169170,Europe/Paris
CFG,MUCF,Jaime Gonzalez Airport,medium_airport,Cienfuegos,CU,22.150000,-80.414200,America/Havana
CFK,DAOI,Chlef Aboubakr Belkaid International Airport,large_airport,Chlef,DZ,36.216614,1.341114,Africa/Algiers
CFN,EIDL,Donegal Airport,medium_airport,Donegal,IE,55.044201,-8.341000,Europe/Dublin
CFR,LFRK,Caen Carpiquet airport,medium_airport,Caen,FR,49.176780,-0.454883,Europe/Paris
CFS,YCFS,Coffs Harbour Airport,medium_airport,Coffs Harbour,AU,-30.320601,153.115997,Australia/Sydney
CFU,LGKR,Corfu Ioannis Kapodistrias International Airport,large_airport,Kerkyra (Corfu),GR,39.601450,19.912179,Europe/Athens
CGB,SBCY,Várzea Grande–Marechal Rondon International Airport,large_airport,Cuiabá,BR,-15.652900,-56.116699,America/Cuiaba
CGD,ZGCD,Changde Taohuayuan Airport,medium_airport,Changde (Dingcheng),CN,28.918900,111.639999,Asia/Shanghai
CGH,SBSP,Congonhas–Deputado Freitas Nobre Airport,large_airport,São Paulo,BR,-23.627657,-46.654601,America/Sao_Paulo
CGI,KCGI,Cape Girardeau Regional Airport,medium_airport,Cape Girardeau,US,37.225300,-89.570801,America/Chicago
CGK,WIII,Soekarno-Hatta International Airport,large_airport,Jakarta,ID,-6.125570,106.655998,Asia/Jakarta
CGM,RPMH,Camiguin Airport,medium_airport,Mambajao,PH,9.253894,124.709115,Asia/Manila
CGN,EDDK,Cologne Bonn Airport,large_airport,Köln (Cologne),DE,50.865898,7.142740,Europe/Berlin
CGO,ZHCC,Zhengzhou Xinzheng International Airport,large_airport,Zhengzhou,CN,34.526497,113.849165,Asia/Shanghai
CGP,VGEG,Shah Amanat International Airport,large_airport,Chattogram (Chittagong),BD,22.249599,91.813301,Asia/Dhaka
CGQ,ZYCC,Changchun Longjia International Airport,large_airport,Changchun,CN,43.996201,125.684998,Asia/Shanghai
CGR,SBCG,Campo Grande Airport,medium_airport,Campo Grande,BR,-20.469998,-54.673988,America/Campo_Grande
CGY,RPMY,Laguindingan International Airport,large_airport,Laguindingan,PH,8.612203,124.456496,Asia/Manila
CHA,KCHA,Chattanooga Metropolitan Airport (Lovell Field),medium_airport,Chattanooga,US,35.035301,-85.203796,America/New_York
CHC,NZCH,Christchurch International Airport,large_airport,Christchurch,NZ,-43.489029,172.532065,Pacific/Auckland
CHG,ZYCY,Chaoyang Airport,medium_airport,"Shuangta, Chaoyang",CN,41.538101,120.434998,Asia/Shanghai
CHH,SPPY,Chachapoyas Airport,medium_airport,Chachapoyas,PE,-6.201911,-77.856195,America/Lima
CHM,SPEO,FAP Lieutenant Jaime Andres de Montreuil Morales Airport,medium_airport,Chimbote,PE,-9.149610,-78.523804,America/Lima
CHO,KCHO,Charlottesville Albemarle Airport,medium_airport,Charlottesville,US,38.138599,-78.452904,America/New_York
CHQ,LGSA,Chania International Airport,large_airport,Souda,GR,35.531207,24.150673,Europe/Athens
CHS,KCHS,Charleston International Airport,large_airport,Charleston,US,32.896159,-80.038151,America/New_York
CHT,NZCI,Inia William Tuuta Memorial Airport,medium_airport,Te One,NZ,-43.811890,-176.465140,Pacific/Chatham
CHU,PACH,Chuathbaluk Airport,small_airport,Chuathbaluk,US,61.579102,-159.216003,America/Anchorage
CHX,MPCH,Changuinola Captain Manuel Niño International Airport,medium_airport,Changuinola,PA,9.458962,-82.515062,America/Costa_Rica
CHY,AGGC,Choiseul Bay Airport,small_airport,Choiseul Bay,SB,-6.711944,156.396111,Pacific/Guadalcanal
CIA,LIRA,Ciampino–G. B. Pastine International Airport,large_airport,Rome,IT,41.798769,12.595331,Europe/Rome
CID,KCID,The Eastern Iowa Airport,medium_airport,Cedar Rapids,US,41.884701,-91.710800,America/Chicago
CIF,ZBCF,Chifeng Yulong Airport,medium_airport,Chifeng,CN,42.159723,118.840971,Asia/Shanghai
CIH,ZBCZ,Changzhi Wangcun Airport,small_airport,Changzhi,CN,36.247501,113.125999,Asia/Shanghai
CIJ,SLCO,Capitán Aníbal Arab Airport,medium_airport,Cobija,BO,-11.039109,-68.782774,America/Rio_Branco
CIK,PACI,Chalkyitsik Airport,small_airport,Chalkyitsik,US,66.644997,-143.740005,America/Anchorage
CIT,UAII,Shymkent International Airport,large_airport,Shymkent,KZ,42.365021,69.475640,Asia/Almaty
CIU,KCIU,Chippewa County International Airport,medium_airport,Kincheloe,US,46.242038,-84.462082,America/Detroit
CIW,TVSC,Canouan Airport,medium_airport,Canouan,VC,12.699000,-61.342400,America/St_Vincent
CIX,SPHI,Capitán FAP José A. Quiñones González International Airport,large_airport,Chiclayo,PE,-6.789223,-79.828254,America/Lima
CIY,LICB,Comiso Airport,medium_airport,Comiso,IT,36.995830,14.608890,Europe/Rome
CJA,SPJR,Mayor General FAP Armando Revoredo Iglesias Airport,medium_airport,Cajamarca,PE,-7.139180,-78.489403,America/Lima
CJB,VOCB,Coimbatore International Airport,large_airport,Coimbatore,IN,11.030000,77.043404,Asia/Kolkata
CJC,SCCF,El Loa Airport,medium_airport,Calama,CL,-22.498199,-68.903603,America/Santiago
CJJ,RKTU,Cheongju International Airport/Cheongju Air Base (K-59/G-513),large_airport,Cheongju,KR,36.715560,127.500289,Asia/Seoul
CJL,OPCH,Chitral Airport,medium_airport,Chitral,PK,35.886213,71.799922,Asia/Karachi
CJM,VTSE,Chumphon Airport,medium_airport,Chumphon,TH,10.711200,99.361702,Asia/Bangkok
CJN,WICN,Nusawiru Airport,small_airport,Cijulang,ID,-7.719895,108.488995,Asia/Jakarta
CJS,MMCS,Abraham González International Airport,large_airport,Ciudad Juárez,MX,31.636673,-106.428533,America/Ciudad_Juarez
CJU,RKPC,Jeju International Airport,large_airport,Jeju City,KR,33.512058,126.492548,Asia/Seoul
CJZ,SJZA,Pedro Vieira Moreira Airport,small_airport,Cajazeiras,BR,-6.882700,-38.615830,America/Fortaleza
CKB,KCKB,North Central West Virginia Airport,medium_airport,Bridgeport,US,39.296600,-80.228104,America/New_York
CKD,PACJ,Crooked Creek Airport,small_airport,Crooked Creek,US,61.870315,-158.137636,America/Anchorage
CKG,ZUCK,Chongqing Jiangbei International Airport,large_airport,Chongqing,CN,29.712254,106.651895,Asia/Shanghai
CKH,UESO,Chokurdakh Airport,medium_airport,Chokurdah,RU,70.623100,147.901993,Asia/Srednekolymsk
CKS,SBCJ,Carajás Airport,medium_airport,Parauapebas,BR,-6.117841,-50.003372,America/Belem
CKW,YCHK,Christmas Creek Airport,small_airport,Christmas Creek Mine,AU,-22.354302,119.642603,Australia/Perth
CKX,,Chicken Airport,small_airport,Chicken,US,64.066495,-141.951342,America/Anchorage
CKY,GUCY,Ahmed Sékou Touré International Airport,large_airport,Conakry,GN,9.576890,-13.612000,Africa/Conakry
CKZ,LTBH,Çanakkale Airport,medium_airport,Çanakkale,TR,40.137699,26.426800,Europe/Istanbul
CLD,KCRQ,McClellan-Palomar Airport,medium_airport,Carlsbad,US,33.128300,-117.279999,America/Los_Angeles
CLE,KCLE,Cleveland Hopkins International Airport,large_airport,Cleveland,US,41.411701,-81.849800,America/New_York
CLJ,LRCL,Avram Iancu Cluj International Airport,large_airport,Cluj-Napoca,RO,46.786042,23.685733,Europe/Bucharest
CLL,KCLL,Easterwood Field,medium_airport,College Station,US,30.588600,-96.363800,America/Chicago
CLO,SKCL,Alfonso Bonilla Aragon International Airport,large_airport,Cali,CO,3.542717,-76.381898,America/Bogota
CLP,PFCL,Clarks Point Airport,small_airport,Clarks Point,US,58.833698,-158.529007,America/Anchorage
CLQ,MMIA,Licenciado Miguel de la Madrid International Airport,medium_airport,Colima,MX,19.277000,-103.577002,America/Mexico_City
CLT,KCLT,Charlotte Douglas International Airport,large_airport,Charlotte,US,35.214001,-80.943100,America/New_York
CLV,SBCN,Nelson Ribeiro Guimarães Airport,small_airport,Caldas Novas,BR,-17.725096,-48.606324,America/Sao_Paulo
CLY,LFKC,Calvi Sainte Catherine Airport,medium_airport,Calvi,FR,42.530422,8.792984,Europe/Paris
CMA,YCMU,Cunnamulla Airport,medium_airport,,AU,-28.030001,145.621994,Australia/Brisbane
CMB,VCBI,Bandaranaike International Colombo Airport,large_airport,Colombo,LK,7.180760,79.884102,Asia/Colombo
CME,MMCE,Ciudad del Carmen International Airport,medium_airport,Ciudad del Carmen,MX,18.651516,-91.799355,America/Merida
CMF,LFLB,Chambéry Aix les Bains airport,medium_airport,Chambéry,FR,45.638100,5.880230,Europe/Paris
CMG,SBCR,Corumbá International Airport,medium_airport,Corumbá,BR,-19.011930,-57.672772,America/Campo_Grande
CMH,KCMH,John Glenn Columbus International Airport,large_airport,Columbus,US,39.998001,-82.891899,America/New_York
CMI,KCMI,University of Illinois Willard Airport,medium_airport,Savoy,US,40.039819,-88.276249,America/Chicago
CMN,GMMN,Mohammed V International Airport,large_airport,Casablanca,MA,33.367500,-7.589970,Africa/Casablanca
CMU,AYCH,Chimbu Airport,medium_airport,Kundiawa,PG,-6.024290,144.970993,Pacific/Port_Moresby
CMW,MUCM,Ignacio Agramonte International Airport,large_airport,Camaguey,CU,21.419909,-77.848039,America/Havana
CMX,KCMX,Houghton County Memorial Airport,medium_airport,Hancock,US,47.168400,-88.489098,America/Detroit
CNB,YCNM,Coonamble Airport,medium_airport,,AU,-30.980946,148.377833,Australia/Sydney
CNC,YCCT,Coconut Island Airport,small_airport,,AU,-10.050139,143.070007,Australia/Brisbane
CND,LRCK,Mihail Kogălniceanu International Airport,large_airport,Constanța,RO,44.362202,28.488300,Europe/Bucharest
CNF,SBCF,Tancredo Neves International Airport,large_airport,Belo Horizonte,BR,-19.635710,-43.966928,America/Sao_Paulo
CNI,ZYCH,Changhai Dachangshandao Airport,small_airport,Dalian (Changhai),CN,39.266441,122.666960,Asia/Shanghai
CNJ,YCCY,Cloncurry Airport,medium_airport,Cloncurry,AU,-20.668600,140.503998,Australia/Brisbane
CNM,KCNM,Cavern City Air Terminal,medium_airport,Carlsbad,US,32.337502,-104.263000,America/Denver
CNN,VOKN,Kannur International Airport,large_airport,Kannur,IN,11.916343,75.544979,Asia/Kolkata
CNP,BGCO,Neerlerit Inaat Airport,medium_airport,Neerlerit Inaat,GL,70.743103,-22.650499,America/Scoresbysund
CNQ,SARC,Corrientes Airport,medium_airport,Corrientes,AR,-27.445500,-58.761900,America/Argentina/Cordoba
CNS,YBCS,Cairns International Airport,large_airport,Cairns,AU,-16.878921,145.749480,Australia/Brisbane
CNX,VTCC,Chiang Mai International Airport,large_airport,Chiang Mai,TH,18.766800,98.962601,Asia/Bangkok
CNY,KCNY,Canyonlands Regional Airport,medium_airport,Moab,US,38.755001,-109.754997,America/Denver
COD,KCOD,Yellowstone Regional Airport,medium_airport,Cody,US,44.520199,-109.024002,America/Denver
COK,VOCI,Cochin International Airport,large_airport,Kochi,IN,10.151047,76.400838,Asia/Kolkata
COL,EGEL,Coll Airport,small_airport,Coll Island,GB,56.601898,-6.617780,Europe/London
COO,DBBB,Cotonou Cadjehoun International Airport,large_airport,Cotonou,BJ,6.357230,2.384350,Africa/Porto-Novo
COQ,ZMCD,Choibalsan Airport,medium_airport,,MN,48.135381,114.647231,Asia/Ulaanbaatar
COR,SACO,Ingeniero Aeronáutico Ambrosio L.V. Taravella International Airport,large_airport,Cordoba,AR,-31.312346,-64.208329,America/Argentina/Cordoba
COS,KCOS,City of Colorado Springs Municipal Airport,large_airport,Colorado Springs,US,38.805801,-104.700996,America/Denver
COU,KCOU,Columbia Regional Airport,medium_airport,Columbia,US,38.818100,-92.219597,America/Chicago
COV,LTDB,Çukurova International Airport,large_airport,Tarsus,TR,36.891478,35.071235,Europe/Istanbul
CPC,SAZY,Aviador C. Campos Airport,medium_airport,Chapelco/San Martin de los Andes,AR,-40.075401,-71.137299,America/Argentina/Salta
CPD,YCBP,Coober Pedy Airport,medium_airport,Coober Pedy,AU,-29.038312,134.722166,Australia/Adelaide
CPE,MMCP,Ingeniero Alberto Acuña Ongay International Airport,medium_airport,Campeche,MX,19.815969,-90.500125,America/Merida
CPH,EKCH,Copenhagen Kastrup Airport,large_airport,Copenhagen,DK,55.617901,12.656000,Europe/Copenhagen
CPO,SCAT,Desierto de Atacama Airport,medium_airport,Copiapo,CL,-27.261200,-70.779198,America/Santiago
CPR,KCPR,Casper-Natrona County International Airport,medium_airport,Casper,US,42.907381,-106.461609,America/Denver
CPT,FACT,Cape Town International Airport,large_airport,Cape Town,ZA,-33.974030,18.604333,Africa/Johannesburg
CPV,SBKG,Presidente João Suassuna Airport,medium_airport,Campina Grande,BR,-7.269662,-35.896057,America/Fortaleza
CPX,TJCP,Benjamin Rivera Noriega Airport,medium_airport,Culebra,PR,18.312954,-65.303893,America/Puerto_Rico
CQW,ZUWL,Chongqing Xiannüshan Airport,medium_airport,Wulong,CN,29.465658,107.693664,Asia/Shanghai
CRA,LRCV,Craiova International Airport,large_airport,Craiova,RO,44.318100,23.888599,Europe/Bucharest
CRD,SAVC,General Enrique Mosconi International Airport,large_airport,Comodoro Rivadavia,AR,-45.786941,-67.463355,America/Argentina/Catamarca
CRI,MYCI,Colonel Hill Airport,medium_airport,Colonel Hill,BS,22.745600,-74.182404,America/Nassau
CRK,RPLC,Clark International Airport / Clark Air Base,large_airport,Mabalacat,PH,15.186000,120.559998,Asia/Manila
CRL,EBCI,Brussels South Charleroi Airport,large_airport,Charleroi,BE,50.461963,4.459562,Europe/Brussels
CRM,RPVF,Catarman National Airport,medium_airport,Catarman,PH,12.501610,124.635258,Asia/Manila
CRP,KCRP,Corpus Christi International Airport,medium_airport,Corpus Christi,US,27.770399,-97.501198,America/Chicago
CRU,TGPZ,Lauriston Airport,small_airport,Carriacou Island,GD,12.476100,-61.472801,America/St_Vincent
CRV,LIBC,Crotone Sant'Anna Pythagoras Airport,medium_airport,Isola di Capo Rizzuto (KR),IT,38.997200,17.080200,Europe/Rome
CRW,KCRW,Yeager Airport,medium_airport,Charleston,US,38.373100,-81.593201,America/New_York
CRZ,UTAV,Türkmenabat International Airport,large_airport,Türkmenabat,TM,38.930662,63.563982,Asia/Ashgabat
CSA,EGEY,Colonsay Airstrip,small_airport,Colonsay,GB,56.057499,-6.243060,Europe/London
CSG,KCSG,Columbus Airport,medium_airport,Columbus,US,32.516415,-84.939602,America/New_York
CSH,ULAS,Solovki Airport,small_airport,Solovetsky Islands,RU,65.029996,35.730558,Europe/Moscow
CSK,GOGS,Cap Skirring Airport,medium_airport,Cap Skirring,SN,12.395330,-16.748000,Africa/Dakar
CSW,MMSL,Cabo San Lucas International Airport,medium_airport,Cabo San Lucas,MX,22.949072,-109.939479,America/Mazatlan
CSX,ZGHA,Changsha Huanghua International Airport,large_airport,Changsha (Changsha),CN,28.189199,113.220001,Asia/Shanghai
CSY,UWKS,Cheboksary Airport,medium_airport,Cheboksary,RU,56.090302,47.347301,Europe/Moscow
CTA,LICC,Catania-Fontanarossa Airport,large_airport,Catania,IT,37.466801,15.066400,Europe/Rome
CTC,SANC,Coronel Felipe Varela International Airport,medium_airport,Catamarca,AR,-28.593117,-65.751200,America/Argentina/Catamarca
CTD,MPCE,Alonso Valderrama Airport,medium_airport,Chitré,PA,7.987840,-80.409837,America/Panama
CTG,SKCG,Rafael Nuñez International Airport,large_airport,Cartagena,CO,10.442400,-75.513000,America/Bogota
CTL,YBCV,Charleville Airport,medium_airport,Charleville,AU,-26.413300,146.261993,Australia/Brisbane
CTM,MMCM,Chetumal International Airport,medium_airport,Chetumal,MX,18.504985,-88.328018,America/Cancun
CTN,YCKN,Cooktown Airport,medium_airport,,AU,-15.443649,145.183221,Australia/Brisbane
CTS,RJCC,New Chitose Airport,large_airport,Sapporo,JP,42.774753,141.690414,Asia/Tokyo
CTU,ZUUU,Chengdu Shuangliu International Airport,large_airport,Chengdu (Shuangliu),CN,30.558257,103.945966,Asia/Shanghai
CUA,MMDA,Ciudad Constitución National Airport,small_airport,Comondú,MX,25.053801,-111.614998,America/Mazatlan
CUC,SKCC,Camilo Daza International Airport,medium_airport,Cúcuta,CO,7.927570,-72.511500,America/Bogota
CUE,SECU,Mariscal Lamar Airport,medium_airport,Cuenca,EC,-2.889470,-78.984398,America/Guayaquil
CUF,LIMZ,Cuneo International Airport,medium_airport,Levaldigi (CN),IT,44.547458,7.623045,Europe/Rome
CUK,MZCK,Caye Caulker Airport,medium_airport,Caye Caulker,BZ,17.735015,-88.032862,America/Belize
CUL,MMCL,Bachigualato Federal International Airport,large_airport,Culiacán,MX,24.765040,-107.475228,America/Mazatlan
CUM,SVCU,Antonio José de Sucre Airport,medium_airport,Cumaná,VE,10.450333,-64.130470,America/Caracas
CUN,MMUN,Cancún International Airport,large_airport,Cancún,MX,21.040817,-86.873470,America/Cancun
CUP,SVCP,General Francisco Bermúdez Airport,medium_airport,Carúpano,VE,10.660014,-63.261681,America/Caracas
CUQ,YCOE,Coen Airport,medium_airport,Coen,AU,-13.761133,143.113311,Australia/Brisbane
CUR,TNCC,Hato International Airport,large_airport,Willemstad,CW,12.188900,-68.959801,America/Curacao
CUU,MMCU,General Roberto Fierro Villalobos International Airport,large_airport,Chihuahua,MX,28.702649,-105.963764,America/Chihuahua
CUZ,SPZO,Alejandro Velasco Astete International Airport,large_airport,Cusco,PE,-13.535700,-71.938797,America/Lima
CVG,KCVG,Cincinnati Northern Kentucky International Airport,large_airport,Cincinnati / Covington,US,39.048801,-84.667801,America/New_York
CVM,MMCV,General Pedro Jose Mendez International Airport,medium_airport,Ciudad Victoria,MX,23.703300,-98.956497,America/Monterrey
CVN,KCVN,Clovis Municipal Airport,medium_airport,Clovis,US,34.426594,-103.078794,America/Chicago
CVQ,YCAR,Carnarvon Airport,medium_airport,Carnarvon,AU,-24.884337,113.666393,Australia/Perth
CVU,LPCR,Corvo Airport,small_airport,Corvo,PT,39.671501,-31.113600,Atlantic/Azores
CWA,KCWA,Central Wisconsin Airport,medium_airport,Mosinee,US,44.777448,-89.670238,America/Chicago
CWB,SBCT,Curitiba-Afonso Pena International Airport,large_airport,Curitiba,BR,-25.528500,-49.175800,America/Sao_Paulo
CWJ,ZPCW,Cangyuan Washan Airport,medium_airport,Lincang (Cangyuan),CN,23.276331,99.373169,Asia/Yangon
CWL,EGFF,Cardiff International Airport,large_airport,Cardiff,GB,51.396702,-3.343330,Europe/London
CWS,78WA,Center Island Airport,small_airport,Center Island,US,48.490046,-122.831612,America/Los_Angeles
CXB,VGCB,Cox's Bazar Airport,medium_airport,Cox's Bazar,BD,21.457517,91.963263,Asia/Dhaka
CXI,PLCH,Cassidy International Airport,large_airport,Kiritimati,KI,1.986278,-157.350011,Pacific/Kiritimati
CXJ,SBCX,Hugo Cantergiani Regional Airport,medium_airport,Caxias Do Sul,BR,-29.197183,-51.187647,America/Sao_Paulo
CXP,WAHL,Tunggul Wulung Airport,medium_airport,Cilacap,ID,-7.645060,109.033997,Asia/Jakarta
CXR,VVCR,Cam Ranh International Airport / Cam Ranh Air Base,large_airport,Nha Trang/nha Trang aiurportCam Ranh,VN,11.998200,109.219002,Asia/Ho_Chi_Minh
CYA,MTCA,Antoine-Simon International Airport,medium_airport,Les Cayes,HT,18.271099,-73.788300,America/Port-au-Prince
CYB,MWCB,Charles Kirkconnell International Airport,medium_airport,West End,KY,19.687000,-79.882797,America/Cayman
CYC,MZCP,Caye Chapel Airport,medium_airport,Caye Chapel,BZ,17.683792,-88.044985,America/Belize
CYF,PACK,Chefornak Airport,small_airport,Chefornak,US,60.136667,-164.279167,America/Nome
CYI,RCKU,Chiayi Airport,medium_airport,Shuishang,TW,23.462577,120.390544,Asia/Taipei
CYO,MUCL,Vilo Acuña International Airport,medium_airport,Cayo Largo del Sur,CU,21.616501,-81.545998,America/Havana
CYP,RPVC,Calbayog Airport,medium_airport,Calbayog City,PH,12.072574,124.545080,Asia/Manila
CYS,KCYS,Cheyenne Regional Jerry Olson Field,medium_airport,Cheyenne,US,41.155701,-104.811997,America/Denver
CYT,PACY,Yakataga Airport,small_airport,Yakataga,US,60.080974,-142.494541,America/Anchorage
CYU,RPLO,Cuyo Airport,small_airport,Cuyo,PH,10.858100,121.069000,Asia/Manila
CYX,UESS,Cherskiy Airport,medium_airport,Cherskiy,RU,68.740601,161.337997,Asia/Anadyr
CYZ,RPUY,Cauayan Airport,medium_airport,Cauayan City,PH,16.929899,121.752998,Asia/Manila
CZE,SVCR,José Leonardo Chirinos Airport,medium_airport,Coro,VE,11.414944,-69.680901,America/Caracas
CZH,MZCZ,Corozal Airport,medium_airport,Corozal,BZ,18.382200,-88.411903,America/Belize
CZL,DABC,Mohamed Boudiaf International Airport,large_airport,Constantine,DZ,36.276001,6.620390,Africa/Algiers
CZM,MMCZ,Cozumel International Airport,large_airport,Cozumel,MX,20.514922,-86.928538,America/Cancun
CZS,SBCZ,Cruzeiro do Sul Airport,medium_airport,Cruzeiro Do Sul,BR,-7.599910,-72.769501,America/Rio_Branco
CZU,SKCZ,Las Brujas Airport,medium_airport,Corozal,CO,9.332740,-75.285600,America/Bogota
CZX,ZSCG,Changzhou Benniu International Airport,medium_airport,Changzhou,CN,31.920485,119.775460,Asia/Shanghai
DAB,KDAB,Daytona Beach International Airport,medium_airport,Daytona Beach,US,29.182550,-81.059464,America/New_York
DAC,VGHS,Hazrat Shahjalal International Airport,large_airport,Dhaka,BD,23.843347,90.397783,Asia/Dhaka
DAD,VVDN,Da Nang International Airport,large_airport,Da Nang,VN,16.043900,108.198997,Asia/Ho_Chi_Minh
DAL,KDAL,Dallas Love Field,large_airport,Dallas,US,32.844776,-96.847653,America/Chicago
DAM,OSDI,Damascus International Airport,large_airport,Damascus,SY,33.411499,36.515598,Asia/Damascus
DAR,HTDA,Julius Nyerere International Airport,large_airport,Dar es Salaam,TZ,-6.873499,39.207288,Africa/Dar_es_Salaam
DAT,ZBDT,Datong Yungang International Airport,large_airport,Datong,CN,40.061390,113.480509,Asia/Shanghai
DAU,AYDU,Daru Airport,medium_airport,Daru,PG,-9.086760,143.207993,Pacific/Port_Moresby
DAV,MPDA,Enrique Malek International Airport,medium_airport,David,PA,8.388983,-82.436425,America/Panama
DAX,ZUDX,Dachuan Airport,small_airport,Dazhou (Daxian),CN,31.130200,107.429500,Asia/Shanghai
DAY,KDAY,James M. Cox Dayton International Airport,medium_airport,Dayton,US,39.902401,-84.219398,America/New_York
DBA,OPDB,Dalbandin Airport,small_airport,Dalbandin,PK,28.878300,64.399803,Asia/Karachi
DBB,HEAL,El Alamein International Airport,large_airport,El Alamein,EG,30.924324,28.461610,Africa/Cairo
DBC,ZYBA,Baicheng Chang'an Airport,medium_airport,Baicheng,CN,45.505278,123.019722,Asia/Shanghai
DBM,HADM,Debre Markos Airport,small_airport,Debre Markos,ET,10.321501,37.741887,Africa/Addis_Ababa
DBO,YSDU,Dubbo City Regional Airport,medium_airport,Dubbo,AU,-32.216702,148.574997,Australia/Sydney
DBQ,KDBQ,Dubuque Regional Airport,medium_airport,Dubuque,US,42.402000,-90.709503,America/Chicago
DBR,VEDH,Darbhanga Airport,medium_airport,Darbhanga,IN,26.192801,85.916901,Asia/Kolkata
DBV,LDDU,Dubrovnik Ruđer Bošković Airport,large_airport,Dubrovnik,HR,42.562247,18.265543,Europe/Zagreb
DCA,KDCA,Ronald Reagan Washington National Airport,large_airport,Washington,US,38.852100,-77.037697,America/New_York
DCF,TDCF,Canefield Airport,medium_airport,Canefield,DM,15.336693,-61.392108,America/Dominica
DCM,LFCK,Castres Mazamet Airport,medium_airport,Castres,FR,43.556301,2.289180,Europe/Paris
DCY,ZUDC,Daocheng Yading Airport,medium_airport,Garzê (Daocheng),CN,29.316320,100.060317,Asia/Shanghai
DDC,KDDC,Dodge City Regional Airport,medium_airport,Dodge City,US,37.763401,-99.965599,America/Chicago
DDG,ZYDD,Dandong Langtou International Airport,medium_airport,Dandong (Zhenxing),CN,40.025453,124.286690,Asia/Shanghai
DDR,ZUDR,Shigatse Tingri Airport,medium_airport,Xigazê (Dingri),CN,28.604567,86.798000,Asia/Shanghai
DEA,OPDG,Dera Ghazi Khan Airport,medium_airport,Dera Ghazi Khan,PK,29.961000,70.485901,Asia/Karachi
DEB,LHDC,Debrecen International Airport,large_airport,Debrecen,HU,47.489469,21.616278,Europe/Budapest
DEC,KDEC,Decatur Airport,medium_airport,Decatur,US,39.834599,-88.865700,America/Chicago
DED,VIDN,Dehradun Jolly Grant Airport,medium_airport,Dehradun (Jauligrant),IN,30.189243,78.176651,Asia/Kolkata
DEE,UHSM,Yuzhno-Kurilsk Mendeleyevo Airport,small_airport,Yuzhno-Kurilsk,RU,43.961066,145.684977,Asia/Magadan
DEF,OIAD,Dezful Airport,medium_airport,Dezful,IR,32.434399,48.397598,Asia/Tehran
DEL,VIDP,Indira Gandhi International Airport,large_airport,New Delhi,IN,28.555630,77.095190,Asia/Kolkata
DEM,HADD,Dembidollo Airport,small_airport,Dembidollo,ET,8.554000,34.858002,Africa/Addis_Ababa
DEN,KDEN,Denver International Airport,large_airport,Denver,US,39.860027,-104.673792,America/Denver
DEX,WAVD,Nop Goliat Dekai Airport,small_airport,Dekai,ID,-4.855700,139.482006,Asia/Jayapura
DFW,KDFW,Dallas Fort Worth International Airport,large_airport,Dallas-Fort Worth,US,32.896801,-97.038002,America/Chicago
DGA,MZPB,Dangriga Airport,medium_airport,Dangriga,BZ,16.982510,-88.230988,America/Belize
DGH,VEDO,Deoghar Airport,small_airport,Deoghar,IN,24.446842,86.704955,Asia/Kolkata
DGO,MMDO,General Guadalupe Victoria International Airport,medium_airport,Durango,MX,24.125468,-104.527938,America/Monterrey
DGT,RPVD,Sibulan Airport,medium_airport,Dumaguete City,PH,9.334183,123.301910,Asia/Manila
DHM,VIGG,Kangra Airport,medium_airport,Kangra,IN,32.164902,76.263018,Asia/Kolkata
DHN,KDHN,Dothan Regional Airport,medium_airport,Dothan,US,31.321301,-85.449600,America/Chicago
DHX,WARD,Dhoho International Airport,medium_airport,Kediri,ID,-7.749527,111.946831,Asia/Jakarta
DIA,OTBD,Doha International Airport,large_airport,Doha,QA,25.259431,51.565528,Asia/Qatar
DIB,VEMN,Dibrugarh Airport,medium_airport,Dibrugarh,IN,27.483900,95.016899,Asia/Kolkata
DIE,FMNA,Arrachart Airport,medium_airport,Antisiranana,MG,-12.349400,49.291698,Indian/Antananarivo
DIG,ZPDQ,Diqing Shangri-La Airport,medium_airport,Diqing (Shangri-La),CN,27.793600,99.677200,Asia/Shanghai
DIK,KDIK,Dickinson Theodore Roosevelt Regional Airport,medium_airport,Dickinson,US,46.797533,-102.801905,America/Denver
DIL,WPDL,Presidente Nicolau Lobato International Airport,large_airport,Dili,TL,-8.546562,125.524507,Asia/Makassar
DIN,VVDB,Dien Bien Phu Airport,medium_airport,Dien Bien Phu,VN,21.397499,103.008003,Asia/Vientiane
DIR,HADR,Aba Tenna Dejazmach Yilma International Airport,large_airport,Dire Dawa,ET,9.623549,41.855027,Africa/Addis_Ababa
DIU,VADU,Diu Airport,small_airport,Diu,IN,20.714185,70.921855,Asia/Kolkata
DIY,LTCC,Diyarbakır Airport,medium_airport,Diyarbakır,TR,37.893902,40.201000,Europe/Istanbul
DJB,WIJJ,Sultan Thaha Airport,small_airport,Jambi,ID,-1.638685,103.645063,Asia/Jakarta
DJE,DTTJ,Djerba Zarzis International Airport,large_airport,Mellita,TN,33.873719,10.777300,Africa/Tunis
DJG,DAAJ,Tiska Djanet Airport,large_airport,Djanet,DZ,24.285448,9.463652,Africa/Algiers
DJJ,WAJJ,Dortheys Hiyo Eluay International Airport,large_airport,Sentani,ID,-2.579627,140.519857,Asia/Jayapura
DJT,KDJT,President Donald J. Trump International Airport,large_airport,West Palm Beach,US,26.683201,-80.095596,America/New_York
DKA,DNKT,Umaru Musa Yar'adua Airport,medium_airport,Katsina,NG,13.007800,7.660450,Africa/Lagos
DLA,FKKD,Douala International Airport,large_airport,Douala,CM,4.006080,9.719480,Africa/Douala
DLC,ZYTL,Dalian Zhoushuizi International Airport,large_airport,Dalian (Ganjingzi),CN,38.965719,121.538477,Asia/Shanghai
DLE,LFGJ,Dole Tavaux Airport,medium_airport,Dole,FR,47.038955,5.427589,Europe/Paris
DLG,PADL,Dillingham Airport,medium_airport,Dillingham,US,59.044701,-158.505005,America/Anchorage
DLH,KDLH,Duluth International Airport,medium_airport,Duluth,US,46.841873,-92.198746,America/Chicago
DLI,VVDL,Lien Khuong Airport,medium_airport,Da Lat,VN,11.750556,108.366997,Asia/Ho_Chi_Minh
DLM,LTBS,Dalaman International Airport,large_airport,Dalaman,TR,36.713100,28.792500,Europe/Istanbul
DLR,UHHD,Dalnerechensk Airport,small_airport,Dalnerechensk,RU,45.879857,133.737629,Asia/Vladivostok
DLU,ZPDL,Dali Fengyi Airport,medium_airport,Dali (Xiaguan),CN,25.649401,100.319000,Asia/Shanghai
DLZ,ZMDZ,Dalanzadgad Airport,medium_airport,Dalanzadgad,MN,43.608628,104.367734,Asia/Ulaanbaatar
DMB,UADD,Taraz International Airport,large_airport,Taraz,KZ,42.853600,71.303596,Asia/Almaty
DMD,YDMG,Doomadgee Airport,small_airport,,AU,-17.940300,138.822006,Australia/Brisbane
DME,UUDD,Domodedovo International Airport,large_airport,Moscow,RU,55.408798,37.906300,Europe/Moscow
DMK,VTBD,Don Mueang International Airport,large_airport,Bangkok,TH,13.912600,100.607002,Asia/Bangkok
DMM,OEDF,King Fahd International Airport,large_airport,Ad Dammam,SA,26.469100,49.798209,Asia/Riyadh
DMU,VEMR,Dimapur Airport,medium_airport,Dimapur,IN,25.883900,93.771103,Asia/Kolkata
DND,EGPN,Dundee Airport,medium_airport,Dundee,GB,56.452499,-3.025830,Europe/London
DNH,ZLDH,Dunhuang Mogao International Airport,large_airport,Dunhuang,CN,40.161953,94.812827,Asia/Shanghai
DNZ,LTAY,Çardak Airport,medium_airport,Denizli,TR,37.785599,29.701300,Europe/Istanbul
DOD,HTDO,Dodoma Airport,medium_airport,Dodoma,TZ,-6.170559,35.756036,Africa/Dar_es_Salaam
DOG,HSDN,Dongola Airport,medium_airport,Dongola,SD,19.153666,30.430069,Africa/Khartoum
DOH,OTHH,Hamad International Airport,large_airport,Doha,QA,25.273056,51.608056,Asia/Qatar
DOL,LFRG,Deauville Normandie airport,medium_airport,Deauville,FR,49.365237,0.154481,Europe/Paris
DOM,TDPD,Douglas-Charles Airport,medium_airport,Marigot,DM,15.546673,-61.301082,America/Dominica
DOP,VNDP,Dolpa Airport,small_airport,Dolpa,NP,28.985659,82.818703,Asia/Kathmandu
DOV,KDOV,Dover Civil Air Terminal/Dover Air Force Base,medium_airport,Dover,US,39.129501,-75.466003,America/New_York
DOY,ZSDY,Dongying Shengli Airport,medium_airport,Dongying (Kenli),CN,37.501370,118.789863,Asia/Shanghai
DPL,RPMG,Dipolog Airport,medium_airport,Dipolog,PH,8.601983,123.341875,Asia/Manila
DPO,YDPO,Devonport Airport,medium_airport,Devonport,AU,-41.169701,146.429993,Australia/Hobart
DPS,WADD,Denpasar I Gusti Ngurah Rai International Airport,large_airport,"Kuta, Badung",ID,-8.748409,115.167123,Asia/Makassar
DPT,UEBD,Deputatskiy Airport,small_airport,Deputatskiy,RU,69.392503,139.890012,Asia/Vladivostok
DQA,ZYDQ,Daqing Sartu Airport,small_airport,Daqing,CN,46.750883,125.138642,Asia/Shanghai
DQM,OODQ,Duqm International Airport,large_airport,Duqm,OM,19.501944,57.634167,Asia/Muscat
DRG,PADE,Deering Airport,medium_airport,Deering,US,66.068901,-162.766914,America/Nome
DRJ,SMDA,Drietabbetje Airport,small_airport,Drietabbetje,SR,4.111359,-54.672766,America/Paramaribo
DRO,KDRO,Durango La Plata County Airport,medium_airport,Durango,US,37.151501,-107.753998,America/Denver
DRP,RPLK,Bicol International Airport,large_airport,Legazpi,PH,13.111915,123.676829,Asia/Manila
DRS,EDDC,Dresden Airport,large_airport,Dresden,DE,51.134123,13.767831,Europe/Berlin
DRV,VRMD,Dharavandhoo Airport,small_airport,Baa Atoll,MV,5.156100,73.130200,Indian/Maldives
DRW,YPDN,Darwin International Airport / RAAF Darwin,large_airport,Darwin,AU,-12.414970,130.881850,Australia/Darwin
DSD,TFFA,La Désirade Airport,small_airport,Grande Anse,GP,16.296902,-61.084400,America/Guadeloupe
DSE,HADC,Kombolcha Airport,small_airport,Dessie,ET,11.109750,39.725911,Africa/Addis_Ababa
DSI,KDTS,Destin Executive Airport,medium_airport,Destin,US,30.400101,-86.471497,America/Chicago
DSM,KDSM,Des Moines International Airport,large_airport,Des Moines,US,41.534027,-93.656719,America/Chicago
DSN,ZBDS,Ordos Ejin Horo International Airport,large_airport,Ordos,CN,39.493514,109.859900,Asia/Shanghai
DSO,ZKSD,Sondok Airport,medium_airport,Sŏndŏng-ni,KP,39.745201,127.473999,Asia/Pyongyang
DSS,GOBD,Blaise Diagne International Airport,large_airport,Dakar,SN,14.670878,-17.072829,Africa/Dakar
DSY,VDDS,Dara Sakor International Airport,large_airport,Ta Noun,KH,10.914244,103.226652,Asia/Phnom_Penh
DTB,WIMN,Silangit Airport,small_airport,Siborong-Borong,ID,2.259730,98.991898,Asia/Jakarta
DTD,WALJ,Datadawai Airport,small_airport,Datadawai-Borneo Island,ID,0.807028,114.529052,Asia/Makassar
DTM,EDLW,Dortmund Airport,large_airport,Dortmund,DE,51.518299,7.612240,Europe/Berlin
DTR,WN07,Decatur Shores Airport,small_airport,Decatur,US,48.500171,-122.813973,America/Los_Angeles
DTU,ZYDU,Wudalianchi Dedu Airport,medium_airport,Heihe,CN,48.441037,126.128374,Asia/Shanghai
DTW,KDTW,Detroit Metropolitan Wayne County Airport,large_airport,Detroit,US,42.213770,-83.353786,America/Detroit
DUB,EIDW,Dublin Airport,large_airport,Dublin,IE,53.428713,-6.262121,Europe/Dublin
DUD,NZDN,Dunedin International Airport,medium_airport,Dunedin,NZ,-45.929017,170.197758,Pacific/Auckland
DUE,FNDU,Dundo Airport,medium_airport,Chitato,AO,-7.400890,20.818501,Africa/Lubumbashi
DUJ,KDUJ,DuBois Regional Airport,medium_airport,Dubois,US,41.178299,-78.898697,America/New_York
DUM,WIBD,Pinang Kampai Airport,medium_airport,Dumai,ID,1.609026,101.433493,Asia/Jakarta
DUR,FALE,King Shaka International Airport,large_airport,Durban,ZA,-29.614444,31.119722,Africa/Johannesburg
DUS,EDDL,Düsseldorf Airport,large_airport,Düsseldorf,DE,51.289501,6.766780,Europe/Berlin
DUT,PADU,Tom Madsen (Dutch Harbor) Airport,medium_airport,Unalaska,US,53.898810,-166.544996,America/Nome
DVL,KDVL,Devils Lake Regional Airport,medium_airport,Devils Lake,US,48.115454,-98.908796,America/Chicago
DVO,RPMD,Francisco Bangoy International Airport,large_airport,Davao,PH,7.125520,125.646004,Asia/Manila
DWB,FMNO,Soalala Airport,small_airport,Soalala,MG,-16.101690,45.358837,Indian/Antananarivo
DWC,OMDW,Al Maktoum International Airport,large_airport,Dubai(Jebel Ali),AE,24.896171,55.162350,Asia/Dubai
DWD,OEDM,Dawadmi Domestic Airport,medium_airport,Dawadmi,SA,24.449900,44.121201,Asia/Riyadh
DXB,OMDB,Dubai International Airport,large_airport,Dubai,AE,25.249790,55.370992,Asia/Dubai
DXJ,ZGXX,Xiangxi Biancheng Airport,small_airport,Xiangxi,CN,28.497200,109.521800,Asia/Shanghai
DXN,VIND,Noida International Airport,large_airport,Gautam Buddha Nagar,IN,28.179868,77.611843,Asia/Kolkata
DYG,ZGDY,Zhangjiajie Hehua International Airport,large_airport,Zhangjiajie (Yongding),CN,29.104749,110.442786,Asia/Shanghai
DYR,UHMA,Ugolny Yuri Ryktheu Airport,medium_airport,Anadyr,RU,64.734902,177.740997,Asia/Anadyr
DYU,UTDD,Dushanbe International Airport,large_airport,Dushanbe,TJ,38.543746,68.822977,Asia/Dushanbe
DZA,FMCZ,Dzaoudzi Pamandzi International Airport,large_airport,Dzaoudzi,YT,-12.809319,45.281815,Indian/Mayotte
DZH,ZUDA,Dazhou Jinya Airport,medium_airport,Dazhou (Dachuan),CN,31.048815,107.435646,Asia/Shanghai
DZN,UAKD,Zhezkazgan National Airport,large_airport,Zhezkazgan,KZ,47.708953,67.738094,Asia/Almaty
EAA,PAEG,Eagle Airport,small_airport,Eagle,US,64.778003,-141.150455,America/Anchorage
EAM,OENG,Najran Domestic Airport,medium_airport,Najran,SA,17.611401,44.419201,Asia/Riyadh
EAR,KEAR,Kearney Regional Airport,medium_airport,Kearney,US,40.727001,-99.006798,America/Chicago
EAS,LESO,San Sebastián Airport,medium_airport,Hondarribia,ES,43.356499,-1.790610,Europe/Madrid
EAT,KEAT,Pangborn Memorial Airport,medium_airport,Wenatchee,US,47.398899,-120.207001,America/Los_Angeles
EAU,KEAU,Chippewa Valley Regional Airport,medium_airport,Eau Claire,US,44.865799,-91.484299,America/Chicago
EAX,SMEG,Eduard Alexander Gummels Airport,small_airport,Kwatta,SR,5.863807,-55.189504,America/Paramaribo
EBA,LIRJ,Marina di Campo Airport,medium_airport,Campo nell'Elba (LI),IT,42.760871,10.239811,Europe/Rome
EBB,HUEN,Entebbe International Airport,large_airport,Entebbe,UG,0.042386,32.443501,Africa/Kampala
EBD,HSOB,El-Obeid Airport,medium_airport,El-Obeid,SD,13.153200,30.232700,Africa/Khartoum
EBH,DAOY,El Bayadh Airport,small_airport,El Bayadh,DZ,33.721667,1.092500,Africa/Algiers
EBJ,EKEB,Esbjerg Airport,medium_airport,Esbjerg,DK,55.525902,8.553400,Europe/Copenhagen
EBL,ORER,Erbil International Airport,large_airport,Arbil,IQ,36.236047,43.946615,Asia/Baghdad
ECN,LCEN,Ercan International Airport,large_airport,Tymbou (Kirklar),CY,35.153064,33.507352,Asia/Famagusta
ECP,KECP,Northwest Florida Beaches International Airport,medium_airport,Panama City Beach,US,30.357106,-85.795414,America/Chicago
EDI,EGPH,Edinburgh Airport,large_airport,"Ingliston, Edinburgh",GB,55.950145,-3.372288,Europe/London
EDL,HKEL,Eldoret International Airport,large_airport,Eldoret,KE,0.404458,35.238899,Africa/Nairobi
EDO,LTFD,Balıkesir Koca Seyit Airport,large_airport,Edremit,TR,39.552533,27.010192,Europe/Istanbul
EDR,YPMP,Pormpuraaw Airport,small_airport,Pormpuraaw,AU,-14.896451,141.609080,Australia/Brisbane
EEK,PAEE,Eek Airport,small_airport,Eek,US,60.213173,-162.044048,America/Nome
EFL,LGKF,Kefallinia Airport,medium_airport,Kefallinia Island,GR,38.120098,20.500500,Europe/Athens
EGC,LFBE,Bergerac Dordogne-Périgord airport,medium_airport,Bergerac,FR,44.825298,0.518611,Europe/Paris
EGE,KEGE,Eagle County Regional Airport,medium_airport,Eagle,US,39.642601,-106.917999,America/Denver
EGS,BIEG,Egilsstaðir Airport,medium_airport,Egilsstaðir,IS,65.283302,-14.401400,Atlantic/Reykjavik
EGX,PAII,Egegik Airport,medium_airport,Egegik,US,58.184386,-157.374873,America/Anchorage
EHU,ZHEC,Ezhou Huahu International Airport,large_airport,Ezhou,CN,30.341178,115.039260,Asia/Shanghai
EIE,UNII,Yeniseysk Airport,medium_airport,Yeniseysk,RU,58.474201,92.112503,Asia/Krasnoyarsk
EIN,EHEH,Eindhoven Airport,large_airport,Eindhoven,NL,51.450100,5.374530,Europe/Amsterdam
EIS,TUPJ,Terrance B. Lettsome International Airport,large_airport,Beef Island,VG,18.445492,-64.541707,America/Tortola
EJA,SKEJ,Yariguíes Airport,medium_airport,Barrancabermeja,CO,7.024330,-73.806800,America/Bogota
EJH,OEWJ,Al Wajh Domestic Airport,medium_airport,Al Wajh,SA,26.198601,36.476398,Asia/Riyadh
EJT,,Enejit Airport,small_airport,Enejit Island,MH,6.040400,171.984600,Pacific/Majuro
EKO,KEKO,Elko Regional Airport,medium_airport,Elko,US,40.824902,-115.792000,America/Los_Angeles
EKS,UHSK,Shakhtyorsk Airport,small_airport,Shakhtyorsk,RU,49.190300,142.082993,Asia/Sakhalin
ELC,YELD,Elcho Island Airport,medium_airport,Elcho Island,AU,-12.019400,135.570999,Australia/Darwin
ELD,KELD,South Arkansas Regional Airport at Goodwin Field,medium_airport,El Dorado,US,33.221001,-92.813301,America/Chicago
ELF,HSFS,El Fasher Airport,medium_airport,El Fasher,SD,13.614900,25.324600,Africa/Khartoum
ELG,DAUE,El Golea Airport,medium_airport,El Menia,DZ,30.580732,2.861595,Africa/Algiers
ELH,MYEH,North Eleuthera Airport,medium_airport,North Eleuthera,BS,25.475823,-76.680784,America/Nassau
ELI,PFEL,Elim Airport,small_airport,Elim,US,64.614700,-162.272003,America/Nome
ELM,KELM,Elmira Corning Regional Airport,medium_airport,Elmira/Corning,US,42.159901,-76.891602,America/New_York
ELP,KELP,El Paso International Airport,large_airport,El Paso,US,31.809908,-106.375607,America/Denver
ELQ,OEGS,Prince Naif bin Abdulaziz International Airport,large_airport,Qassim,SA,26.302799,43.774399,Asia/Riyadh
ELS,FAEL,King Phalo Airport,large_airport,East London,ZA,-33.035599,27.825899,Africa/Johannesburg
ELU,DAUO,Guemar Airport - مطار قمار بالوادي,medium_airport,Guemar,DZ,33.511398,6.776790,Africa/Algiers
EMA,EGNX,East Midlands Airport,large_airport,"Nottingham, Leicestershire",GB,52.831100,-1.328060,Europe/London
EMD,YEML,Emerald Airport,medium_airport,Emerald,AU,-23.567499,148.179001,Australia/Brisbane
EME,EDWE,Emden Airport,small_airport,Emden,DE,53.391109,7.227500,Europe/Berlin
EMK,PAEM,Emmonak Airport,medium_airport,Emmonak,US,62.786098,-164.490997,America/Nome
ENA,PAEN,Kenai Municipal Airport,medium_airport,Kenai,US,60.570946,-151.245174,America/Anchorage
ENE,WATE,H. Hasan Aroeboesman (Ende) Airport,small_airport,Ende,ID,-8.849114,121.661010,Asia/Makassar
ENF,EFET,Enontekio Airport,medium_airport,Enontekio,FI,68.362602,23.424299,Europe/Helsinki
ENH,ZHES,Enshi Xujiaping Airport,medium_airport,Enshi (Enshi),CN,30.320299,109.485001,Asia/Shanghai
ENI,RPEN,El Nido Airport,small_airport,El Nido,PH,11.202399,119.416087,Asia/Manila
ENO,SGEN,Teniente Ramon A. Ayub Gonzalez International Airport,large_airport,Encarnación,PY,-27.227537,-55.837584,America/Asuncion
ENT,PKMA,Eniwetok Airport,small_airport,Eniwetok Atoll,MH,11.340700,162.328003,Pacific/Majuro
ENU,DNEN,Akanu Ibiam International Airport,large_airport,Enegu,NG,6.473718,7.560463,Africa/Lagos
ENY,ZLYA,Yan'an Nanniwan Airport,medium_airport,Yan'an (Baota),CN,36.479413,109.464083,Asia/Shanghai
EOH,SKMD,Enrique Olaya Herrera Airport,medium_airport,Medellín,CO,6.219686,-75.590597,America/Bogota
EOI,EGED,Eday Airport,medium_airport,Eday,GB,59.190601,-2.772220,Europe/London
EPR,YESP,Esperance Airport,medium_airport,Esperance,AU,-33.684399,121.822998,Australia/Perth
EPU,EEPU,Pärnu Airport,medium_airport,Pärnu,EE,58.418999,24.472799,Europe/Tallinn
EQS,SAVE,Esquel Brigadier Antonio Parodi International Airport,medium_airport,Esquel,AR,-42.908001,-71.139503,America/Argentina/Catamarca
ERC,LTCD,Erzincan Airport,medium_airport,Erzincan,TR,39.710201,39.527000,Europe/Istanbul
ERF,EDDE,Erfurt-Weimar Airport,large_airport,Erfurt,DE,50.978281,10.960713,Europe/Berlin
ERH,GMFK,Moulay Ali Cherif Airport,medium_airport,Errachidia,MA,31.947500,-4.398330,Africa/Casablanca
ERI,KERI,Erie International Tom Ridge Field,medium_airport,Erie,US,42.083127,-80.173867,America/New_York
ERL,ZBER,Erenhot Saiwusu International Airport,medium_airport,Erenhot,CN,43.424079,112.091081,Asia/Shanghai
ERS,FYWE,Eros Airport,medium_airport,Windhoek,NA,-22.604920,17.079002,Africa/Windhoek
ERZ,LTCE,Erzurum International Airport,medium_airport,Erzurum,TR,39.956501,41.170200,Europe/Istanbul
ESB,LTAC,Esenboğa International Airport,large_airport,Ankara,TR,40.128101,32.995098,Europe/Istanbul
ESC,KESC,Delta County Airport,medium_airport,Escanaba,US,45.723199,-87.088623,America/Detroit
ESD,KORS,Orcas Island Airport,medium_airport,Eastsound,US,48.708199,-122.910004,America/Los_Angeles
ESL,URWI,Elista Airport,medium_airport,Elista,RU,46.373901,44.330898,Europe/Moscow
ESM,SETN,Carlos Concha Torres International Airport,large_airport,Tachina,EC,0.978519,-79.626602,America/Guayaquil
ESR,SCES,Ricardo García Posada Airport,medium_airport,El Salvador,CL,-26.311100,-69.765198,America/Santiago
ESU,GMMI,Essaouira-Mogador Airport,medium_airport,Essaouira,MA,31.397499,-9.681670,Africa/Casablanca
ETM,LLER,Ramon International Airport,large_airport,Eilat,IL,29.727009,35.014116,Asia/Jerusalem
ETR,SERO,Santa Rosa - Artillery Colonel Victor Larrea International Airport,medium_airport,Santa Rosa,EC,-3.441986,-79.996957,America/Guayaquil
ETZ,LFJL,Metz-Nancy-Lorraine Airport,medium_airport,Goin,FR,48.982101,6.251320,Europe/Paris
EUA,NFTE,Kaufana Airport,small_airport,Eua Island,TO,-21.378300,-174.957993,Pacific/Tongatapu
EUG,KEUG,Eugene Airport,medium_airport,Eugene,US,44.124599,-123.211998,America/Los_Angeles
EUN,GMML,Laayoune Hassan I International Airport,large_airport,El Aaiún,EH,27.142467,-13.224947,Africa/El_Aaiun
EUX,TNCE,F. D. Roosevelt Airport,medium_airport,Oranjestad,BQ,17.496500,-62.979401,America/Kralendijk
EVE,ENEV,Harstad/Narvik Airport,large_airport,Evenes,NO,68.491302,16.678101,Europe/Oslo
EVG,ESND,Sveg Airport,small_airport,Sveg,SE,62.047798,14.422900,Europe/Stockholm
EVN,UDYZ,Zvartnots International Airport,large_airport,Yerevan,AM,40.148941,44.397887,Asia/Yerevan
EVV,KEVV,Evansville Regional Airport,medium_airport,Evansville,US,38.036999,-87.532402,America/Chicago
EWB,KEWB,New Bedford Regional Airport,medium_airport,New Bedford,US,41.676102,-70.956902,America/New_York
EWN,KEWN,Coastal Carolina Regional Airport,medium_airport,New Bern,US,35.073002,-77.042900,America/New_York
EWR,KEWR,Newark Liberty International Airport,large_airport,Newark,US,40.689400,-74.170545,America/New_York
EXT,EGTE,Exeter International Airport,medium_airport,"Exeter, Devon",GB,50.734261,-3.413984,Europe/London
EYK,USHQ,Beloyarskiy Airport,medium_airport,,RU,63.686901,66.698601,Asia/Yekaterinburg
EYP,SKYP,El Alcaravan - Yopal Airport,medium_airport,Yopal,CO,5.319110,-72.384000,America/Bogota
EYW,KEYW,Key West International Airport,medium_airport,Key West,US,24.556119,-81.759579,America/New_York
EZE,SAEZ,Ezeiza International Airport - Ministro Pistarini,large_airport,Buenos Aires (Ezeiza),AR,-34.822200,-58.535800,America/Argentina/Buenos_Aires
EZS,LTCA,Elazığ Airport,medium_airport,Elazığ,TR,38.597974,39.283480,Europe/Istanbul
FAE,EKVG,Vágar Airport,large_airport,Vágar,FO,62.063256,-7.275782,Atlantic/Faroe
FAI,PAFA,Fairbanks International Airport,medium_airport,Fairbanks,US,64.815102,-147.856003,America/Anchorage
FAO,LPFR,Faro - Gago Coutinho International Airport,large_airport,Faro,PT,37.015909,-7.970939,Europe/Lisbon
FAR,KFAR,Hector International Airport,medium_airport,Fargo,US,46.920700,-96.815804,America/Chicago
FAT,KFAT,Fresno Yosemite International Airport,large_airport,Fresno,US,36.775767,-119.718018,America/Los_Angeles
FAV,NTGF,Fakarava Airport,medium_airport,,PF,-16.054100,-145.656998,Pacific/Tahiti
FAY,KFAY,Fayetteville Regional Airport - Grannis Field,medium_airport,Fayetteville,US,34.991199,-78.880302,America/New_York
FBD,OAFZ,Fayzabad Airport,small_airport,Fayzabad,AF,37.122148,70.520100,Asia/Kabul
FBE,SSFB,Paulo Abdala Airport,small_airport,Francisco Beltrão,BR,-26.059380,-53.063827,America/Sao_Paulo
FBM,FZQA,Lubumbashi International Airport,large_airport,Lubumbashi,CD,-11.591494,27.530753,Africa/Lubumbashi
FCA,KGPI,Glacier Park International Airport,medium_airport,Kalispell,US,48.310501,-114.255997,America/Denver
FCN,ETMN,Sea-Airport Cuxhaven/Nordholz / Nordholz Naval Airbase,medium_airport,Wurster Nordseeküste,DE,53.767689,8.659201,Europe/Berlin
FCO,LIRF,Rome–Fiumicino Leonardo da Vinci International Airport,large_airport,Rome,IT,41.804532,12.251998,Europe/Rome
FDE,ENBL,"Førde Airport, Bringeland",small_airport,Førde,NO,61.391102,5.756940,Europe/Oslo
FDF,TFFF,Martinique Aimé Césaire International Airport,large_airport,Fort-de-France,MQ,14.591000,-61.003201,America/Martinique
FDH,EDNY,Bodensee Airport Friedrichshafen,large_airport,Friedrichshafen,DE,47.671299,9.511490,Europe/Berlin
FDU,FZBO,Bandundu Airport,medium_airport,Bandundu,CD,-3.311320,17.381701,Africa/Kinshasa
FEG,UZFF,Fergana International Airport,medium_airport,Fergana,UZ,40.358799,71.745003,Asia/Tashkent
FEN,SBFN,Fernando de Noronha Airport,medium_airport,Fernando de Noronha,BR,-3.854534,-32.423017,America/Noronha
FEZ,GMFF,Fes Saïss International Airport,large_airport,Saïss,MA,33.927299,-4.977960,Africa/Casablanca
FGU,NTGB,Fangatau Airport,medium_airport,Fangatau,PF,-15.820044,-140.888071,Pacific/Tahiti
FHZ,NTKH,Fakahina Airport,small_airport,Fakahina,PF,-15.992259,-140.164246,Pacific/Tahiti
FIE,EGEF,Fair Isle Airport,small_airport,Fair Isle,GB,59.534721,-1.628509,Europe/London
FIH,FZAA,Ndjili International Airport,large_airport,Kinshasa,CD,-4.385750,15.444600,Africa/Kinshasa
FIZ,YFTZ,Fitzroy Crossing Airport,medium_airport,,AU,-18.183596,125.559783,Australia/Perth
FJR,OMFJ,Fujairah International Airport,large_airport,Fujairah,AE,25.108411,56.328061,Asia/Dubai
FKB,EDSB,Karlsruhe Baden-Baden Airport,large_airport,Rheinmünster,DE,48.779400,8.080500,Europe/Berlin
FKI,FZIC,Bangoka International Airport,large_airport,Kisangani,CD,0.481639,25.337999,Africa/Lubumbashi
FKQ,WASF,Fakfak Airport,medium_airport,Fakfak,ID,-2.920508,132.267011,Asia/Jayapura
FKS,RJSF,Fukushima Airport,medium_airport,Sukagawa,JP,37.227402,140.431000,Asia/Tokyo
FLA,SKFL,Gustavo Artunduaga Paredes Airport,medium_airport,Florencia,CO,1.589190,-75.564400,America/Bogota
FLG,KFLG,Flagstaff Pulliam Airport,medium_airport,Flagstaff,US,35.139757,-111.669826,America/Phoenix
FLL,KFLL,Fort Lauderdale Hollywood International Airport,large_airport,Fort Lauderdale,US,26.072599,-80.152702,America/New_York
FLN,SBFL,Hercílio Luz International Airport,large_airport,Florianópolis,BR,-27.670279,-48.552502,America/Sao_Paulo
FLO,KFLO,Florence Regional Airport,medium_airport,Florence,US,34.185398,-79.723900,America/New_York
FLR,LIRQ,"Florence Airport, Peretola",large_airport,Firenze (FI),IT,43.808558,11.202822,Europe/Rome
FLS,YFLI,Flinders Island Airport,small_airport,Whitemark,AU,-40.091702,147.992996,Australia/Hobart
FLW,LPFL,Flores Airport,medium_airport,Santa Cruz das Flores,PT,39.455299,-31.131399,Atlantic/Azores
FLZ,WIMS,Dr. Ferdinand Lumban Tobing Airport,medium_airport,Sibolga (Pinangsori),ID,1.557127,98.887145,Asia/Jakarta
FMA,SARF,Formosa National Airport,medium_airport,Formosa,AR,-26.212700,-58.228100,America/Argentina/Cordoba
FMI,FZRF,Kalemie Airport,medium_airport,Kalemie,CD,-5.875560,29.250000,Africa/Lubumbashi
FMM,EDJA,Memmingen Allgau Airport,large_airport,Memmingen,DE,47.988092,10.238248,Europe/Berlin
FMO,EDDG,Münster Osnabrück Airport,large_airport,Greven,DE,52.133816,7.688482,Europe/Berlin
FMT,VRQF,Faresmaathoda Airport,small_airport,Faresmaathodaa,MV,0.192647,73.196755,Indian/Maldives
FNA,GFLL,Lungi International Airport,large_airport,Freetown (Lungi-Town),SL,8.616440,-13.195500,Africa/Freetown
FNC,LPMA,Cristiano Ronaldo International Airport,large_airport,Funchal,PT,32.697812,-16.774613,Atlantic/Madeira
FND,VRCF,Funadhoo Airport,small_airport,Funadhoo,MV,6.162443,73.287520,Indian/Maldives
FNI,LFTW,Nîmes-Arles-Camargue Airport,medium_airport,Nîmes/Garons,FR,43.757401,4.416350,Europe/Paris
FNJ,ZKPY,Pyongyang Sunan International Airport,large_airport,Pyongyang,KP,39.224098,125.669998,Asia/Pyongyang
FNT,KFNT,Bishop International Airport,medium_airport,Flint,US,42.969294,-83.743355,America/Detroit
FOA,EG3G,Foula Airfield,small_airport,Foula,GB,60.121916,-2.053439,Europe/London
FOC,ZSFZ,Fuzhou Changle International Airport,large_airport,Fuzhou (Changle),CN,25.929254,119.672524,Asia/Shanghai
FOD,KFOD,Fort Dodge Regional Airport,medium_airport,Fort Dodge,US,42.552624,-94.191237,America/Chicago
FOG,LIBF,Foggia Gino Lisa Airport,medium_airport,Foggia (FG),IT,41.433596,15.534566,Europe/Rome
FON,MRAN,La Fortuna Arenal Airport,medium_airport,La Fortuna,CR,10.469311,-84.579073,America/Costa_Rica
FOR,SBFZ,Pinto Martins International Airport,large_airport,Fortaleza,BR,-3.775833,-38.532222,America/Fortaleza
FPO,MYGF,Grand Bahama International Airport,large_airport,Freeport,BS,26.557996,-78.695583,America/Nassau
FRA,EDDF,Frankfurt Main Airport,large_airport,Frankfurt am Main,DE,50.026706,8.558350,Europe/Berlin
FRD,KFHR,Friday Harbor Airport,medium_airport,Friday Harbor,US,48.523654,-123.024645,America/Los_Angeles
FRE,AGGF,Fera/Maringe Airport,small_airport,Fera Island,SB,-8.107500,159.576996,Pacific/Guadalcanal
FRL,LIPK,Forlì-Luigi Ridolfi International Airport,medium_airport,Forlì (FC),IT,44.194801,12.070100,Europe/Rome
FRO,ENFL,Florø Airport,medium_airport,Florø,NO,61.583599,5.024720,Europe/Oslo
FRS,MGMM,Mundo Maya International Airport,medium_airport,San Benito,GT,16.913707,-89.866143,America/Guatemala
FRW,FBPM,Phillip Gaonwe Matante International Airport,large_airport,Francistown,BW,-21.159183,27.468826,Africa/Gaborone
FSC,LFKF,Figari Sud-Corse Airport,large_airport,Figari,FR,41.501850,9.097092,Europe/Paris
FSD,KFSD,Sioux Falls Regional Airport,medium_airport,Sioux Falls,US,43.585463,-96.741152,America/Chicago
FSH,WIMI,Syekh Hamzah Fansyuri Airport,small_airport,Singkil,ID,2.269614,97.967863,Asia/Jakarta
FSM,KFSM,Fort Smith Regional Airport,medium_airport,Fort Smith,US,35.336601,-94.367401,America/Chicago
FSP,LFVP,Saint-Pierre Pointe-Blanche Airport,medium_airport,Saint-Pierre,PM,46.762651,-56.174990,America/St_Johns
FSZ,RJNS,Mount Fuji Shizuoka Airport,large_airport,Makinohara / Shimada,JP,34.795022,138.190976,Asia/Tokyo
FTA,NVVF,Futuna Airport,small_airport,Futuna Island,VU,-19.516399,170.231995,Pacific/Efate
FTE,SAWC,El Calafate - Commander Armando Tola International Airport,medium_airport,El Calafate,AR,-50.280267,-72.053401,America/Argentina/Rio_Gallegos
FTI,NSFQ,Fitiuta Airport,small_airport,Fitiuta Village,AS,-14.216131,-169.423771,Pacific/Pago_Pago
FTU,FMSD,Tôlanaro Airport,medium_airport,Tôlanaro,MG,-25.038099,46.956100,Indian/Antananarivo
FTW,KFTW,Fort Worth Meacham International Airport,medium_airport,Fort Worth,US,32.819919,-97.360818,America/Chicago
FUE,GCFV,Fuerteventura Airport,large_airport,El Matorral,ES,28.452700,-13.863800,Atlantic/Canary
FUG,ZSFY,Fuyang Xiguan Airport,medium_airport,"Yingzhou, Fuyang",CN,32.882157,115.734364,Asia/Shanghai
FUJ,RJFE,Fukue Airport,medium_airport,Goto,JP,32.666302,128.832993,Asia/Tokyo
FUK,RJFF,Fukuoka Airport,large_airport,Fukuoka,JP,33.585899,130.451004,Asia/Tokyo
FUN,NGFU,Funafuti International Airport,medium_airport,Funafuti,TV,-8.523885,179.196976,Pacific/Funafuti
FUO,ZGFS,Foshan Shadi Airport,medium_airport,Foshan (Nanhai),CN,23.082500,113.070833,Asia/Shanghai
FUT,NLWF,Pointe Vele Airport,small_airport,Futuna Island,WF,-14.311565,-178.066492,Pacific/Wallis
FWA,KFWA,Fort Wayne International Airport,medium_airport,Fort Wayne,US,40.978896,-85.194465,America/Indiana/Indianapolis
FYJ,ZYFY,Fuyuan Dongji Airport,medium_airport,Fuyuan,CN,48.197219,134.362980,Asia/Shanghai
FYN,ZWFY,Fuyun Koktokay Airport,medium_airport,Fuyun,CN,46.804169,89.512006,Asia/Urumqi
FYU,PFYU,Fort Yukon Airport,medium_airport,Fort Yukon,US,66.571651,-145.249987,America/Anchorage
GAJ,RJSC,Yamagata Airport,medium_airport,Higashine,JP,38.411900,140.371002,Asia/Tokyo
GAL,PAGA,Edward G. Pitka Sr Airport,medium_airport,Galena,US,64.736198,-156.936997,America/Anchorage
GAM,PAGM,Gambell Airport,medium_airport,Gambell,US,63.767694,-171.733303,Asia/Anadyr
GAN,VRMG,Gan International Airport,large_airport,Gan,MV,-0.692975,73.152627,Indian/Maldives
GAQ,GAGO,Gao International Airport,medium_airport,Gao,ML,16.248466,-0.005389,Africa/Bamako
GAU,VEGT,Lokpriya Gopinath Bordoloi International Airport,large_airport,Guwahati,IN,26.106654,91.585226,Asia/Kolkata
GAX,FOGX,Gamba Airport,small_airport,Gamba,GA,-2.785278,10.047222,Africa/Libreville
GAY,VEGY,Gaya Airport,medium_airport,Gaya,IN,24.744301,84.951202,Asia/Kolkata
GBB,UBBQ,Gabala International Airport,medium_airport,Gabala,AZ,40.808617,47.725389,Asia/Baku
GBE,FBSK,Sir Seretse Khama International Airport,large_airport,Gaborone,BW,-24.555201,25.918200,Africa/Gaborone
GBI,VOGB,Kalaburagi Airport,small_airport,Kalaburagi,IN,17.308154,76.965246,Asia/Kolkata
GBJ,TFFM,Marie-Galante Airport,medium_airport,Grand-Bourg,GP,15.868925,-61.270087,America/Dominica
GBZ,NZGB,Great Barrier Aerodrome,small_airport,Claris,NZ,-36.241402,175.472000,Pacific/Auckland
GCC,KGCC,Northeast Wyoming Regional Airport,medium_airport,Gillette,US,44.348900,-105.539001,America/Denver
GCH,OIAH,Gachsaran Airport,medium_airport,Gachsaran,IR,30.333869,50.833796,Asia/Tehran
GCI,EGJB,Guernsey Airport,medium_airport,Saint Peter Port,GG,49.435001,-2.601970,Europe/Guernsey
GCK,KGCK,Garden City Regional Airport,medium_airport,Garden City,US,37.927502,-100.723999,America/Chicago
GCM,MWCR,Owen Roberts International Airport,large_airport,George Town,KY,19.292801,-81.357697,America/Cayman
GCN,KGCN,Grand Canyon National Park Airport,medium_airport,Grand Canyon - Tusayan,US,35.952400,-112.147003,America/Phoenix
GDB,VAGD,Gondia Airport,medium_airport,Gondia,IN,21.526817,80.290347,Asia/Kolkata
GDE,HAGO,Gode Airport,medium_airport,Gode,ET,5.935130,43.578602,Africa/Addis_Ababa
GDL,MMGL,Guadalajara International Airport,large_airport,Guadalajara,MX,20.523342,-103.310108,America/Mexico_City
GDN,EPGD,Gdańsk Lech Wałęsa Airport,large_airport,Gdańsk,PL,54.377602,18.466200,Europe/Warsaw
GDQ,HAGN,Gondar Airport,medium_airport,Azezo,ET,12.519900,37.433998,Africa/Addis_Ababa
GDT,MBGT,JAGS McCartney International Airport,medium_airport,Cockburn Town,TC,21.444500,-71.142303,America/Santo_Domingo
GDV,KGDV,Dawson Community Airport,medium_airport,Glendive,US,47.137658,-104.806910,America/Denver
GDX,UHMM,Sokol Airport,medium_airport,Magadan,RU,59.910999,150.720001,Asia/Magadan
GDZ,URKG,Gelendzhik Airport,medium_airport,Gelendzhik,RU,44.582093,38.012481,Europe/Moscow
GEA,NWWM,Nouméa Magenta Airport,medium_airport,Nouméa,NC,-22.257706,166.472822,Pacific/Noumea
GEG,KGEG,Spokane International Airport,large_airport,Spokane,US,47.619900,-117.533997,America/Los_Angeles
GEL,SBNM,Santo Ângelo Airport,medium_airport,Santo Ângelo,BR,-28.282503,-54.169623,America/Sao_Paulo
GEM,FGMY,President Obiang Nguema International Airport,medium_airport,Mengomeyén,GQ,1.676437,11.024904,Africa/Malabo
GEO,SYCJ,Cheddi Jagan International Airport,large_airport,Georgetown,GY,6.498550,-58.254101,America/Guyana
GER,MUNG,Rafael Cabrera Airport,medium_airport,Nueva Gerona,CU,21.834700,-82.783798,America/Havana
GES,RPMR,General Santos International Airport,large_airport,General Santos,PH,6.057208,125.096243,Asia/Manila
GET,YGEL,Geraldton Airport,medium_airport,Moonyoonooka,AU,-28.796101,114.707001,Australia/Perth
GEV,ESNG,Gällivare Airport,medium_airport,Gällivare,SE,67.132401,20.814600,Europe/Stockholm
GFF,YGTH,Griffith Airport,medium_airport,Griffith,AU,-34.250801,146.067001,Australia/Sydney
GFK,KGFK,Grand Forks International Airport,medium_airport,Grand Forks,US,47.949299,-97.176102,America/Chicago
GGF,SNYA,Almeirim Airport,small_airport,Almeirim,BR,-1.479524,-52.578214,America/Santarem
GGG,KGGG,East Texas Regional Airport,medium_airport,Longview,US,32.383999,-94.711502,America/Chicago
GGJ,SSGY,Guaíra Airport,small_airport,Guaíra,BR,-24.081100,-54.191700,America/Sao_Paulo
GGR,HCGR,Garowe Airport,small_airport,Garowe,SO,8.458474,48.568136,Africa/Mogadishu
GGS,SAWR,Gobernador Gregores Airport,small_airport,Gobernador Gregores,AR,-48.783100,-70.150002,America/Argentina/Rio_Gallegos
GGT,MYEF,Exuma International Airport,medium_airport,Moss Town,BS,23.562599,-75.877998,America/Nassau
GGW,KGGW,Glasgow Valley County Airport Wokal Field,medium_airport,Glasgow,US,48.212502,-106.614998,America/Denver
GHA,DAUG,Noumérat - Moufdi Zakaria Airport,medium_airport,El Atteuf,DZ,32.384102,3.794110,Africa/Algiers
GHB,MYEM,Governor's Harbour Airport,medium_airport,Governor's Harbour,BS,25.284700,-76.331001,America/Nassau
GHV,LRBV,Brașov-Ghimbav International Airport,large_airport,Brașov (Ghimbav),RO,45.705580,25.522871,Europe/Bucharest
GIB,LXGB,Gibraltar Airport,large_airport,Gibraltar,GI,36.151679,-5.349780,Europe/Gibraltar
GIC,YBOI,Boigu Island Airport,small_airport,Boigu Island,AU,-9.232780,142.218002,Pacific/Port_Moresby
GID,HBBE,Gitega Airport,medium_airport,Gitega,BI,-3.417209,29.911308,Africa/Bujumbura
GIG,SBGL,Rio de Janeiro Galeão – Tom Jobim International Airport,large_airport,Rio De Janeiro,BR,-22.809999,-43.250557,America/Sao_Paulo
GIL,OPGT,Gilgit Airport,medium_airport,Gilgit,PK,35.918800,74.333603,Asia/Karachi
GIS,NZGS,Gisborne Airport,medium_airport,Gisborne,NZ,-38.663300,177.977997,Pacific/Auckland
GIZ,OEGN,Jizan Regional Airport / King Abdullah bin Abdulaziz Airport,medium_airport,Jizan,SA,16.901100,42.585800,Asia/Riyadh
GJA,MHNJ,La Laguna Airport,medium_airport,Guanaja,HN,16.445400,-85.906601,America/Tegucigalpa
GJL,DAAV,Jijel Ferhat Abbas Airport,large_airport,Tahir,DZ,36.794125,5.873652,Africa/Algiers
GJT,KGJT,Grand Junction Regional Airport,medium_airport,Grand Junction,US,39.126663,-108.529387,America/Denver
GKA,AYGA,Goroka Airport,medium_airport,Goronka,PG,-6.081690,145.391998,Pacific/Port_Moresby
GKK,VRMO,Kooddoo Airport,small_airport,Huvadhu Atoll,MV,0.732400,73.433600,Indian/Maldives
GKN,PAGK,Gulkana Airport,medium_airport,Gulkana,US,62.155859,-145.454662,America/Anchorage
GLA,EGPF,Glasgow Airport,large_airport,Glasgow,GB,55.871899,-4.433060,Europe/London
GLF,MRGF,Golfito Airport,medium_airport,Golfito,CR,8.654010,-83.182198,America/Costa_Rica
GLH,KGLH,Mid Delta Regional Airport,medium_airport,Greenville,US,33.482899,-90.985603,America/Chicago
GLK,HCMR,Galcaio Airport,small_airport,Galcaio,SO,6.780830,47.454700,Africa/Mogadishu
GLT,YGLA,Gladstone Airport,medium_airport,Gladstone,AU,-23.869763,151.225439,Australia/Brisbane
GLV,PAGL,Golovin Airport,small_airport,Golovin,US,64.550499,-163.007004,America/Nome
GMA,FZFK,Gemena Airport,medium_airport,Gemena,CD,3.235370,19.771299,Africa/Kinshasa
GMB,HAGM,Gambela Airport,medium_airport,Gambela,ET,8.128760,34.563099,Africa/Addis_Ababa
GME,UMGG,Gomel Airport,medium_airport,Gomel,BY,52.527000,31.016701,Europe/Minsk
GMI,AYGT,Gasmata Island Airport,small_airport,Gasmata Island,PG,-6.271110,150.330994,Pacific/Port_Moresby
GMO,DNGO,Gombe Lawanti International Airport,medium_airport,Gombe,NG,10.298889,10.900000,Africa/Lagos
GMP,RKSS,Seoul Gimpo International Airport,large_airport,Seoul,KR,37.558300,126.791000,Asia/Seoul
GMQ,ZLGL,Golog Maqên Airport,medium_airport,Golog (Maqên),CN,34.418066,100.301144,Asia/Shanghai
GMR,NTGJ,Totegegie Airport,medium_airport,,PF,-23.079901,-134.889999,Pacific/Gambier
GMZ,GCGM,La Gomera Airport,small_airport,"Alajero, La Gomera Island",ES,28.029600,-17.214600,Atlantic/Canary
GNB,LFLS,Grenoble Alpes Isère Airport,medium_airport,Grenoble,FR,45.362900,5.329370,Europe/Paris
GND,TGPY,Maurice Bishop International Airport,large_airport,Saint George's,GD,12.003996,-61.785302,America/St_Vincent
GNJ,UBBG,Ganja International Airport,large_airport,Ganja,AZ,40.738692,46.320383,Asia/Baku
GNS,WIMB,Binaka Airport,medium_airport,Gunungsitoli,ID,1.166275,97.705196,Asia/Jakarta
GNU,,Goodnews Airport,small_airport,Goodnews,US,59.117561,-161.575241,America/Anchorage
GNV,KGNV,Gainesville Regional Airport,medium_airport,Gainesville,US,29.690100,-82.271797,America/New_York
GNY,LTCS,Şanlıurfa GAP Airport,large_airport,Şanlıurfa,TR,37.445663,38.895592,Europe/Istanbul
GOA,LIMJ,Genoa Cristoforo Colombo Airport,large_airport,Genova (GE),IT,44.412039,8.840732,Europe/Rome
GOH,BGGH,Nuuk International Airport,large_airport,Nuuk,GL,64.191066,-51.679140,America/Nuuk
GOI,VOGO,Goa Dabolim International Airport,large_airport,Vasco da Gama,IN,15.380062,73.833328,Asia/Kolkata
GOJ,UWGG,Nizhny Novgorod / Strigino International Airport,large_airport,Nizhny Novgorod,RU,56.227351,43.785152,Europe/Moscow
GOM,FZNA,Goma International Airport,large_airport,Goma,CD,-1.666758,29.238037,Africa/Lubumbashi
GOP,VEGK,Gorakhpur Airport,medium_airport,Gorakhpur,IN,26.739700,83.449699,Asia/Kolkata
GOQ,ZLGM,Golmud Airport,medium_airport,Golmud,CN,36.400600,94.786102,Asia/Shanghai
GOT,ESGG,Göteborg Landvetter Airport,large_airport,Göteborg,SE,57.662800,12.279800,Europe/Stockholm
GOU,FKKR,Garoua International Airport,large_airport,Garoua,CM,9.334785,13.372129,Africa/Douala
GOV,YPGV,Gove Airport,medium_airport,Nhulunbuy,AU,-12.269400,136.817993,Australia/Darwin
GOX,VOGA,Manohar International Airport,large_airport,Mopa,IN,15.744257,73.860625,Asia/Kolkata
GOY,UNIT,Tura Mountain Airport,small_airport,Tura,RU,64.333511,100.432892,Asia/Krasnoyarsk
GPA,LGRX,Patras Araxos Agamemnon Airport,medium_airport,Patras,GR,38.151100,21.425600,Europe/Athens
GPI,SKGP,Guapi Airport,medium_airport,Guapi,CO,2.570130,-77.897969,America/Bogota
GPS,SEGS,Seymour Galapagos Ecological Airport,medium_airport,Isla Baltra,EC,-0.453758,-90.265900,Pacific/Galapagos
GPT,KGPT,Gulfport Biloxi International Airport,medium_airport,Gulfport,US,30.405582,-89.069836,America/Chicago
GRB,KGRB,Austin Straubel International Airport,medium_airport,Green Bay,US,44.483459,-88.130805,America/Chicago
GRI,KGRI,Central Nebraska Regional Airport,medium_airport,Grand Island,US,40.967499,-98.309601,America/Chicago
GRJ,FAGG,George Airport,large_airport,George,ZA,-34.005600,22.378902,Africa/Johannesburg
GRK,KGRK,Killeen Regional Airport / Robert Gray Army Airfield,medium_airport,Fort Cavazos,US,31.067200,-97.828903,America/Chicago
GRO,LEGE,Girona-Costa Brava Airport,large_airport,Girona,ES,41.904639,2.761774,Europe/Madrid
GRQ,EHGG,Groningen Airport Eelde,large_airport,Groningen,NL,53.119107,6.577652,Europe/Amsterdam
GRR,KGRR,Gerald R. Ford International Airport,large_airport,Grand Rapids,US,42.880798,-85.522797,America/Detroit
GRU,SBGR,São Paulo/Guarulhos–Governor André Franco Montoro International Airport,large_airport,São Paulo,BR,-23.431274,-46.469954,America/Sao_Paulo
GRV,URMG,Akhmat Kadyrov Grozny International Airport,large_airport,Grozny,RU,43.388106,45.699772,Europe/Moscow
GRW,LPGR,Graciosa Airport,medium_airport,Santa Cruz da Graciosa,PT,39.092201,-28.029800,Atlantic/Azores
GRX,LEGR,F.G.L. Airport Granada-Jaén Airport,medium_airport,Granada,ES,37.188702,-3.777360,Europe/Madrid
GRY,BIGR,Grímsey Airport,medium_airport,Grímsey/Sandvík,IS,66.545800,-18.017300,Atlantic/Reykjavik
GRZ,LOWG,Graz Airport,large_airport,Feldkirchen bei Graz,AT,46.991100,15.439600,Europe/Vienna
GSM,OIKQ,Qeshm International Airport,large_airport,Qeshm(Dayrestan),IR,26.754639,55.902353,Asia/Tehran
GSO,KGSO,Piedmont Triad International Airport,large_airport,Greensboro,US,36.099370,-79.937262,America/New_York
GSP,KGSP,Greenville-Spartanburg International Airport,medium_airport,Greenville/Greer/Spartanburg,US,34.895699,-82.218903,America/New_York
GST,PAGS,Gustavus Airport,medium_airport,Gustavus,US,58.425301,-135.707001,America/Juneau
GSV,UWSG,Gagarin International Airport,large_airport,Saratov,RU,51.712778,46.171111,Europe/Saratov
GTA,AGOK,Gatokae Aerodrome,small_airport,Gatokae,SB,-8.738358,158.202836,Pacific/Guadalcanal
GTE,YGTE,Groote Eylandt Airport,medium_airport,Groote Eylandt,AU,-13.972405,136.458553,Australia/Darwin
GTF,KGTF,Great Falls International Airport,medium_airport,Great Falls,US,47.481998,-111.371002,America/Denver
GTO,WAMG,Jalaluddin Airport,small_airport,Gorontalo,ID,0.637119,122.849998,Asia/Makassar
GTR,KGTR,Golden Triangle Regional Airport,medium_airport,Columbus/W Point/Starkville,US,33.450298,-88.591400,America/Chicago
GUA,MGGT,La Aurora International Airport,large_airport,Guatemala City,GT,14.582896,-90.527515,America/Guatemala
GUB,MMGR,Guerrero Negro Airport,small_airport,San Quintín,MX,28.026100,-114.024002,America/Mazatlan
GUC,KGUC,Gunnison Crested Butte Regional Airport,medium_airport,Gunnison,US,38.534672,-106.934566,America/Denver
GUM,PGUM,Antonio B. Won Pat International Airport,large_airport,Hagåtña,GU,13.485000,144.797282,Pacific/Guam
GUP,KGUP,Gallup Municipal Airport,medium_airport,Gallup,US,35.511653,-108.788166,America/Denver
GUR,AYGN,Gurney Airport,medium_airport,Gurney,PG,-10.311500,150.334000,Pacific/Port_Moresby
GUW,UATG,Atyrau International Airport,large_airport,Atyrau,KZ,47.121318,51.820343,Asia/Atyrau
GUZ,SNGA,Guarapari Airport,small_airport,Guarapari,BR,-20.646500,-40.491901,America/Sao_Paulo
GVA,LSGG,Geneva International Airport,large_airport,Geneva,CH,46.238098,6.108950,Europe/Zurich
GVR,SBGV,Coronel Altino Machado Airport,medium_airport,Governador Valadares,BR,-18.895882,-41.982869,America/Sao_Paulo
GWD,OPGW,New Gwadar International Airport,large_airport,Gurandani,PK,25.296733,62.498822,Asia/Karachi
GWL,VIGR,Gwalior Airport,medium_airport,Gwalior,IN,26.293301,78.227798,Asia/Kolkata
GWT,EDXW,Westerland Sylt Airport,medium_airport,Sylt,DE,54.913200,8.340470,Europe/Berlin
GXF,OYSY,Seiyun Hadhramaut International Airport,large_airport,Seiyun,YE,15.965887,48.788146,Asia/Aden
GXG,FNNG,Negage Airport,medium_airport,Negage,AO,-7.754510,15.287700,Africa/Luanda
GXH,ZLXH,Gannan Xiahe Airport,medium_airport,Gannan (Xiahe),CN,34.819014,102.622261,Asia/Shanghai
GYA,SLGM,Guayaramerín Airport,medium_airport,Guayaramerín,BO,-10.888560,-65.380955,America/Porto_Velho
GYD,UBBB,Heydar Aliyev International Airport,large_airport,Baku,AZ,40.472780,50.050931,Asia/Baku
GYE,SEGU,José Joaquín de Olmedo International Airport,large_airport,Guayaquil,EC,-2.157420,-79.883598,America/Guayaquil
GYM,MMGM,General José María Yáñez International Airport,medium_airport,Guaymas,MX,27.969000,-110.925003,America/Hermosillo
GYN,SBGO,Santa Genoveva International Airport,large_airport,Goiânia,BR,-16.632000,-49.220699,America/Sao_Paulo
GYS,ZUGU,Guangyuan Panlong Airport,medium_airport,Guangyuan (Lizhou),CN,32.390254,105.694571,Asia/Shanghai
GYU,ZLGY,Guyuan Liupanshan Airport,medium_airport,Guyuan (Yuanzhou),CN,36.078889,106.216944,Asia/Shanghai
GYY,KGYY,Gary/Chicago International Airport,medium_airport,Gary,US,41.617087,-87.413206,America/Chicago
GYZ,YGRM,Gruyere Airport,small_airport,Cosmo Newbery,AU,-28.034548,123.815060,Australia/Perth
GZG,ZUGZ,Garze Gesar Airport,small_airport,Garzê (Garzê),CN,31.757500,99.554167,Asia/Shanghai
GZO,AGGN,Nusatupe Airport,small_airport,Gizo,SB,-8.097780,156.863998,Pacific/Guadalcanal
GZP,LTFG,Gazipaşa-Alanya Airport,medium_airport,Gazipaşa,TR,36.298832,32.297017,Europe/Istanbul
GZT,LTAJ,Gaziantep Oğuzeli International Airport,large_airport,Gaziantep,TR,36.947201,37.478699,Europe/Istanbul
HAA,ENHK,Hasvik Airport,small_airport,Hasvik,NO,70.486702,22.139700,Europe/Oslo
HAC,RJTH,Hachijojima Airport,medium_airport,Hachijojima,JP,33.114843,139.785645,Asia/Tokyo
HAD,ESMT,Halmstad Airport,medium_airport,Halmstad,SE,56.691101,12.820200,Europe/Stockholm
HAH,FMCH,Prince Said Ibrahim International Airport,large_airport,Moroni,KM,-11.533700,43.271900,Indian/Comoro
HAJ,EDDV,Hannover Airport,large_airport,Hannover,DE,52.461102,9.685080,Europe/Berlin
HAK,ZJHK,Haikou Meilan International Airport,large_airport,Haikou (Meilan),CN,19.934900,110.459000,Asia/Shanghai
HAL,FYHI,Halali Airport,small_airport,Halali,NA,-19.028500,16.458500,Africa/Windhoek
HAM,EDDH,Hamburg Helmut Schmidt Airport,large_airport,Hamburg,DE,53.630402,9.988230,Europe/Berlin
HAN,VVNB,Noi Bai International Airport,large_airport,Hanoi (Soc Son),VN,21.221201,105.806999,Asia/Bangkok
HAQ,VRMH,Hanimaadhoo International Airport,large_airport,Haa Dhaalu Atoll,MV,6.743235,73.167072,Indian/Maldives
HAS,OEHL,Hail International Airport,large_airport,Hail,SA,27.437901,41.686298,Asia/Riyadh
HAU,ENHD,"Haugesund Airport, Karmøy",medium_airport,Karmøy,NO,59.345299,5.208360,Europe/Oslo
HAV,MUHA,José Martí International Airport,large_airport,Havana,CU,22.989201,-82.409103,America/Havana
HBA,YMHB,Hobart International Airport,large_airport,Hobart (Cambridge),AU,-42.837032,147.513022,Australia/Hobart
HBE,HEAX,Alexandria International Airport,large_airport,Alexandria,EG,30.932490,29.696437,Africa/Cairo
HBQ,ZLHB,Haibei Qilian Airport,small_airport,Haibei (Qilian),CN,38.008068,100.645065,Asia/Shanghai
HBX,VOHB,Hubballi Airport,medium_airport,Hubballi,IN,15.361084,75.082096,Asia/Kolkata
HCJ,ZGHC,Hechi Jinchengjiang Airport,medium_airport,Hechi (Jinchengjiang),CN,24.804344,107.710819,Asia/Shanghai
HCR,PAHC,Holy Cross Airport,medium_airport,Holy Cross,US,62.188301,-159.774994,America/Anchorage
HCZ,ZGCZ,Chenzhou Beihu Airport,medium_airport,Chenzhou,CN,25.753419,112.845404,Asia/Shanghai
HDD,OPKD,Hyderabad Airport,small_airport,Hyderabad,PK,25.318100,68.366096,Asia/Karachi
HDF,EDAH,Heringsdorf Airport,medium_airport,Zirchow,DE,53.878700,14.152300,Europe/Berlin
HDG,ZBHD,Handan Airport,medium_airport,Handan,CN,36.524824,114.424126,Asia/Shanghai
HDK,VRBK,Kulhudhuffushi Airport,small_airport,Kulhudhuffushi,MV,6.630762,73.067815,Indian/Maldives
HDM,OIHH,Hamadan Airport,medium_airport,Hamadan,IR,34.866416,48.560690,Asia/Tehran
HDN,KHDN,Yampa Valley Airport,medium_airport,Hayden,US,40.481201,-107.218002,America/Denver
HDO,VIDX,Hindon Airport / Hindon Air Force Station,small_airport,Ghaziabad,IN,28.707701,77.358902,Asia/Kolkata
HDS,FAHS,Eastgate Airport / Air Force Base Hoedspruit,medium_airport,Hoedspruit,ZA,-24.361864,31.052921,Africa/Johannesburg
HDY,VTSS,Hat Yai International Airport,large_airport,Hat Yai,TH,6.933210,100.392998,Asia/Bangkok
HEA,OAHR,Herat - Khwaja Abdullah Ansari International Airport,large_airport,Guzara,AF,34.209999,62.228298,Asia/Kabul
HEH,VYHH,Heho Airport,medium_airport,Heho,MM,20.747140,96.792029,Asia/Yangon
HEI,EDXB,Heide-Büsum Airport,small_airport,Oesterdeichstrich,DE,54.153332,8.901667,Europe/Berlin
HEK,ZYHE,Heihe Aihui Airport,medium_airport,Heihe,CN,50.171621,127.308884,Asia/Shanghai
HEL,EFHK,Helsinki Vantaa Airport,large_airport,Helsinki (Vantaa),FI,60.318363,24.963341,Europe/Helsinki
HER,LGIR,Heraklion International Nikos Kazantzakis Airport,large_airport,Heraklion,GR,35.339699,25.180300,Europe/Athens
HET,ZBHH,Hohhot Baita International Airport,large_airport,Hohhot,CN,40.849658,111.824598,Asia/Shanghai
HFA,LLHA,Uri Michaeli Haifa International Airport,medium_airport,Haifa,IL,32.810219,35.043719,Asia/Jerusalem
HFE,ZSOF,Hefei Xinqiao International Airport,large_airport,Hefei,CN,31.987790,116.976900,Asia/Shanghai
HFN,BIHN,Hornafjörður Airport,medium_airport,Höfn,IS,64.295601,-15.227200,Atlantic/Reykjavik
HFS,ESOH,Hagfors Airport,small_airport,Råda,SE,60.020100,13.578900,Europe/Stockholm
HFT,ENHF,Hammerfest Airport,medium_airport,Hammerfest,NO,70.679703,23.668600,Europe/Oslo
HGA,HCMH,Egal International Airport,large_airport,Hargeisa,SO,9.514082,44.083469,Africa/Mogadishu
HGD,YHUG,Hughenden Airport,small_airport,Hughenden,AU,-20.815001,144.225006,Australia/Brisbane
HGH,ZSHC,Hangzhou Xiaoshan International Airport,large_airport,Hangzhou,CN,30.236090,120.428865,Asia/Shanghai
HGI,VEHO,Itanagar Donyi Polo Hollongi Airport,medium_airport,Hollongi,IN,26.966830,93.638792,Asia/Kolkata
HGL,EDXH,Helgoland-Düne Airport,small_airport,Helgoland,DE,54.185280,7.915833,Europe/Berlin
HGN,VTCH,Mae Hong Son Airport,medium_airport,Mae Hong Son,TH,19.301300,97.975800,Asia/Bangkok
HGO,DIKO,Korhogo Airport,medium_airport,Korhogo,CI,9.387180,-5.556660,Africa/Abidjan
HGR,KHGR,Hagerstown Regional Richard A Henson Field,medium_airport,Hagerstown,US,39.708771,-77.728014,America/New_York
HGU,AYMH,Mount Hagen Kagamuga Airport,medium_airport,Mount Hagen,PG,-5.828212,144.299412,Pacific/Port_Moresby
HHH,KHXD,Hilton Head Airport,medium_airport,Hilton Head Island,US,32.224400,-80.697502,America/New_York
HHN,EDFH,Frankfurt-Hahn Airport,large_airport,Frankfurt am Main (Lautzenhausen),DE,49.946353,7.261734,Europe/Berlin
HHQ,VTPH,Hua Hin Airport,medium_airport,Hua Hin,TH,12.636200,99.951500,Asia/Bangkok
HHR,KHHR,Jack Northrop Field Hawthorne Municipal Airport,medium_airport,Hawthorne,US,33.922798,-118.334999,America/Los_Angeles
HHZ,NTGH,Hikueru Airport,small_airport,Hikueru,PF,-17.548297,-142.612037,Pacific/Tahiti
HIA,ZSSH,Huai'an Lianshui Airport,large_airport,Huai'an,CN,33.792712,119.126657,Asia/Shanghai
HIB,KHIB,Range Regional Airport,medium_airport,Hibbing,US,47.384831,-92.836905,America/Chicago
HID,YHID,Horn Island Airport,medium_airport,Horn,AU,-10.585636,142.292770,Australia/Brisbane
HII,KHII,Lake Havasu City Airport,medium_airport,Lake Havasu City,US,34.570506,-114.357745,America/Phoenix
HIJ,RJOA,Hiroshima Airport,large_airport,Hiroshima,JP,34.436100,132.919006,Asia/Tokyo
HIL,HASL,Shilavo Airport,small_airport,Shilavo,ET,6.077545,44.763736,Africa/Addis_Ababa
HIN,RKPS,Sacheon Airport / Sacheon Air Base,medium_airport,Sacheon,KR,35.088591,128.071747,Asia/Seoul
HIR,AGGH,Honiara International Airport,large_airport,Honiara,SB,-9.428000,160.054993,Pacific/Guadalcanal
HJB,ZWHJ,Hejing Bayinbuluke Airport,small_airport,Hejing,CN,42.976395,83.995543,Asia/Urumqi
HJJ,ZGCJ,Huaihua Zhijiang Airport,medium_airport,Huaihua,CN,27.443087,109.704666,Asia/Shanghai
HJR,VEKO,Khajuraho Airport,medium_airport,Khajuraho,IN,24.817200,79.918602,Asia/Kolkata
HKD,RJCH,Hakodate Airport,large_airport,Hakodate,JP,41.770000,140.822006,Asia/Tokyo
HKG,VHHH,Hong Kong International Airport,large_airport,Hong Kong,HK,22.311840,113.914862,Asia/Hong_Kong
HKK,NZHK,Hokitika Airfield,medium_airport,,NZ,-42.713600,170.985001,Pacific/Auckland
HKN,AYHK,Hoskins Airport,medium_airport,Kimbe,PG,-5.463846,150.407327,Pacific/Port_Moresby
HKT,VTSP,Phuket International Airport,large_airport,Phuket,TH,8.113257,98.317400,Asia/Bangkok
HLA,FALA,Lanseria International Airport,large_airport,Johannesburg,ZA,-25.938964,27.926642,Africa/Johannesburg
HLD,ZBLA,Hulunbuir Hailar Airport,large_airport,Hailar,CN,49.208616,119.822301,Asia/Shanghai
HLE,FHSH,Saint Helena International Airport,medium_airport,Jamestown,SH,-15.958898,-5.646066,Atlantic/St_Helena
HLH,ZBUL,Ulanhot Yilelite Airport,small_airport,Ulanhot,CN,46.195333,122.008333,Asia/Shanghai
HLN,KHLN,Helena Regional Airport,medium_airport,Helena,US,46.606800,-111.983002,America/Denver
HLP,WIHH,Halim Perdanakusuma International Airport,large_airport,Jakarta,ID,-6.266989,106.890318,Asia/Jakarta
HLZ,NZHN,Hamilton International Airport,medium_airport,Hamilton,NZ,-37.866961,175.331952,Pacific/Auckland
HMA,USHH,Khanty Mansiysk Airport,medium_airport,Khanty-Mansiysk,RU,61.028500,69.086098,Asia/Yekaterinburg
HMB,HESG,Suhaj International Airport,large_airport,Suhaj,EG,26.342515,31.743017,Africa/Cairo
HME,DAUH,Hassi Messaoud-Oued Irara Krim Belkacem Airport,medium_airport,Hassi Messaoud,DZ,31.673000,6.140440,Africa/Algiers
HMI,ZWHM,Hami Airport,medium_airport,Hami,CN,42.841400,93.669197,Asia/Urumqi
HMO,MMHO,General Ignacio L. Pesqueira International Airport,large_airport,Hermosillo,MX,29.092811,-111.053015,America/Hermosillo
HMS,WAGB,Haji Muhammad Sidik Airport,small_airport,Muara Teweh,ID,-1.025810,114.928810,Asia/Pontianak
HMV,ESUT,Hemavan Airport,small_airport,Hemavan,SE,65.806099,15.082800,Europe/Stockholm
HNA,RJSI,Iwate Hanamaki Airport,medium_airport,Hanamaki,JP,39.428600,141.134995,Asia/Tokyo
HND,RJTT,Tokyo Haneda International Airport,large_airport,Tokyo,JP,35.549678,139.786958,Asia/Tokyo
HNH,PAOH,Hoonah Airport,small_airport,Hoonah,US,58.096100,-135.410111,America/Sitka
HNL,PHNL,Daniel K. Inouye International Airport,large_airport,"Honolulu, Oahu",US,21.318387,-157.925670,Pacific/Honolulu
HNM,PHHN,Hana Airport,medium_airport,Hana,US,20.795601,-156.014008,Pacific/Honolulu
HNS,PAHN,Haines Airport,medium_airport,Haines,US,59.243921,-135.523925,America/Juneau
HNY,ZGHY,Hengyang Nanyue Airport,small_airport,Hengyang,CN,26.722080,112.617958,Asia/Shanghai
HOB,KHOB,Lea County Regional Airport,medium_airport,Hobbs,US,32.687500,-103.217003,America/Denver
HOF,OEAH,Al-Ahsa International Airport,large_airport,Hofuf,SA,25.285299,49.485199,Asia/Riyadh
HOG,MUHG,Frank Pais International Airport,large_airport,Holguin,CU,20.785148,-76.315526,America/Nassau
HOI,NTTO,Hao Airport,medium_airport,Otepa,PF,-18.074800,-140.945999,Pacific/Tahiti
HOK,YHOO,Hooker Creek Airport,small_airport,Lajamanu,AU,-18.336700,130.638000,Australia/Darwin
HOM,PAHO,Homer Airport,medium_airport,Homer,US,59.644456,-151.479235,America/Anchorage
HOR,LPHR,Horta Airport,medium_airport,Horta,PT,38.519901,-28.715900,Atlantic/Azores
HOT,KHOT,Memorial Field Airport,medium_airport,Hot Springs,US,34.478800,-93.096262,America/Chicago
HOU,KHOU,William P. Hobby Airport,large_airport,Houston,US,29.645336,-95.276812,America/Chicago
HOV,ENOV,"Ørsta-Volda Airport, Hovden",medium_airport,Ørsta,NO,62.180000,6.074100,Europe/Oslo
HPA,NFTL,Lifuka Island Airport,medium_airport,Lifuka,TO,-19.777000,-174.341003,Pacific/Tongatapu
HPB,PAHP,Hooper Bay Airport,small_airport,Hooper Bay,US,61.523899,-166.147003,America/Nome
HPG,ZHSN,Shennongjia Hongping Airport,medium_airport,Shennongjia (Hongping),CN,31.626000,110.340000,Asia/Shanghai
HPH,VVCI,Cat Bi International Airport,large_airport,Haiphong (Hai An),VN,20.817428,106.724315,Asia/Bangkok
HPN,KHPN,Westchester County Airport,medium_airport,White Plains,US,41.067001,-73.707603,America/New_York
HQL,ZWTK,Tashikuergan Hongqilafu Airport,medium_airport,Tashikuergan,CN,37.661333,75.288877,Asia/Urumqi
HQQ,ZHQQ,Anyang Hongqiqu Airport,small_airport,Anyang,CN,35.870833,114.461944,Asia/Shanghai
HRB,ZYHB,Harbin Taiping International Airport,large_airport,Harbin,CN,45.623402,126.250000,Asia/Shanghai
HRE,FVRG,Robert Gabriel Mugabe International Airport,large_airport,Harare,ZW,-17.931801,31.092800,Africa/Harare
HRF,VRAH,Hoarafushi Airport,small_airport,,MV,6.969670,72.896287,Indian/Maldives
HRG,HEGN,Hurghada International Airport,large_airport,Hurghada,EG,27.176776,33.796692,Africa/Cairo
HRI,VCRI,Mattala Rajapaksa International Airport,medium_airport,Mattala,LK,6.283878,81.124163,Asia/Colombo
HRL,KHRL,Valley International Airport,medium_airport,Harlingen,US,26.228500,-97.654404,America/Chicago
HRO,KHRO,Boone County Airport,medium_airport,Harrison,US,36.261501,-93.154701,America/Chicago
HSA,UAIT,Hazrat Sultan International Airport,large_airport,Turkıstan,KZ,43.311087,68.550352,Asia/Almaty
HSC,ZGSG,Shaoguan Danxia Airport,medium_airport,Shaoguan,CN,24.978600,113.420998,Asia/Shanghai
HSG,RJFS,Kyushu Saga International Airport,large_airport,Saga,JP,33.149700,130.302002,Asia/Tokyo
HSL,PAHL,Huslia Airport,medium_airport,Huslia,US,65.697899,-156.350998,America/Anchorage
HSN,ZSZS,Zhoushan Putuoshan International Airport,large_airport,Zhoushan,CN,29.933874,122.362307,Asia/Shanghai
HSR,VAHS,Rajkot International Airport,large_airport,Rajkot,IN,22.378824,71.039391,Asia/Kolkata
HSS,VIHR,Maharaja Agrasen International Airport,large_airport,Hisar,IN,29.186065,75.741420,Asia/Kolkata
HSV,KHSV,Huntsville International Airport,medium_airport,Huntsville,US,34.636244,-86.774378,America/Chicago
HTA,UIAA,Chita-Kadala International Airport,large_airport,Chita,RU,52.024841,113.305839,Asia/Chita
HTG,UOHH,Khatanga Airport,medium_airport,Khatanga,RU,71.978104,102.490997,Asia/Krasnoyarsk
HTI,YBHM,Hamilton Island Airport,medium_airport,Hamilton Island,AU,-20.358101,148.951996,Australia/Brisbane
HTN,ZWTN,Hotan Airport,medium_airport,Hotan,CN,37.038502,79.864899,Asia/Urumqi
HTS,KHTS,Tri-State Airport / Milton J. Ferguson Field,medium_airport,Huntington,US,38.366699,-82.557999,America/New_York
HTT,ZLHX,Huatugou Airport,medium_airport,Mengnai,CN,38.201645,90.837843,Asia/Shanghai
HTY,LTDA,Hatay Airport,medium_airport,Antakya,TR,36.360790,36.285589,Europe/Istanbul
HUE,HAHU,Humera Airport,small_airport,Akwi,ET,13.830120,36.882370,Africa/Addis_Ababa
HUG,MGHT,Huehuetenango Airport,small_airport,Huehuetenango,GT,15.316667,-91.505556,America/Guatemala
HUH,NTTH,Huahine-Fare Airport,medium_airport,Fare,PF,-16.687084,-151.021593,Pacific/Tahiti
HUI,VVPB,Phu Bai International Airport,large_airport,Huế,VN,16.400581,107.704094,Asia/Ho_Chi_Minh
HUN,RCYU,Hualien Chiashan Airport,large_airport,Hualien City,TW,24.023163,121.617991,Asia/Taipei
HUO,ZBHZ,Holingol Huolinhe Airport,medium_airport,Holingol,CN,45.487222,119.407222,Asia/Shanghai
HUS,PAHU,Hughes Airport,small_airport,Hughes,US,66.041100,-154.263001,America/Anchorage
HUU,SPNC,Alferez Fap David Figueroa Fernandini Airport,medium_airport,Huánuco,PE,-9.878810,-76.204803,America/Lima
HUX,MMBT,Bahías de Huatulco International Airport,large_airport,Huatulco,MX,15.775437,-96.260456,America/Mexico_City
HUY,EGNJ,Humberside Airport,medium_airport,"Grimsby, Lincolnshire",GB,53.576152,-0.349540,Europe/London
HUZ,ZGHZ,Huizhou Pingtan Airport,medium_airport,Huizhou (Pingtan),CN,23.049999,114.599998,Asia/Shanghai
HVB,YHBA,Hervey Bay Airport,medium_airport,Hervey Bay,AU,-25.320127,152.880662,Australia/Brisbane
HVD,ZMKD,Khovd Airport,medium_airport,Khovd,MN,47.954102,91.628197,Asia/Hovd
HVG,ENHV,"Honningsvåg Airport, Valan",medium_airport,Honningsvåg,NO,71.009697,25.983601,Europe/Oslo
HVN,KHVN,Tweed New Haven Airport,medium_airport,New Haven,US,41.262869,-72.887694,America/New_York
HVR,KHVR,Havre City County Airport,medium_airport,Havre,US,48.541387,-109.762859,America/Denver
HWR,VIHX,Halwara International Airport,large_airport,Halwara,IN,30.748501,75.629799,Asia/Kolkata
HXD,ZLDL,Haixi Delingha Airport,medium_airport,Delingha,CN,37.125286,97.268658,Asia/Shanghai
HYA,KHYA,Cape Cod Gateway Airport,medium_airport,Hyannis,US,41.669300,-70.280403,America/New_York
HYD,VOHS,Rajiv Gandhi International Airport,large_airport,Hyderabad,IN,17.231318,78.429855,Asia/Kolkata
HYN,ZSLQ,Taizhou Luqiao Airport,medium_airport,Taizhou (Luqiao),CN,28.562201,121.429001,Asia/Shanghai
HYS,KHYS,Hays Regional Airport,medium_airport,Hays,US,38.844521,-99.273148,America/Chicago
HZA,ZSHZ,Heze Mudan Airport,medium_airport,Heze (Dingtao),CN,35.212972,115.736748,Asia/Shanghai
HZG,ZLHZ,Hanzhong Chenggu Airport,medium_airport,Hanzhong (Chenggu),CN,33.133527,107.203817,Asia/Shanghai
HZH,ZUNP,Liping Airport,medium_airport,Liping,CN,26.322170,109.149900,Asia/Shanghai
IAA,UOII,Igarka Airport,medium_airport,Igarka,RU,67.437202,86.621902,Asia/Krasnoyarsk
IAD,KIAD,Washington Dulles International Airport,large_airport,Dulles,US,38.944500,-77.455803,America/New_York
IAG,KIAG,Niagara Falls International Airport,medium_airport,Niagara Falls,US,43.107300,-78.946198,America/New_York
IAH,KIAH,George Bush Intercontinental Airport,large_airport,Houston,US,29.984400,-95.341400,America/Chicago
IAM,DAUZ,Zarzaitine - In Aménas Airport,medium_airport,In Aménas,DZ,28.051500,9.642910,Africa/Tripoli
IAN,PAIK,Bob Baker Memorial Airport,medium_airport,Kiana,US,66.976128,-160.439014,America/Anchorage
IAO,RPNS,Siargao Airport,small_airport,Del Carmen,PH,9.859100,126.014000,Asia/Manila
IAR,UUDL,Golden Ring Yaroslavl International Airport,large_airport,Tunoshna,RU,57.560699,40.157398,Europe/Moscow
IAS,LRIA,Iaşi International Airport,large_airport,Iaşi,RO,47.179633,27.621431,Europe/Bucharest
IBA,DNIB,Ibadan Airport,medium_airport,Ibadan,NG,7.362460,3.978330,Africa/Lagos
IBB,SEII,General Villamil Airport,small_airport,Puerto Villamil,EC,-0.942628,-90.953003,Pacific/Galapagos
IBE,SKIB,Perales Airport,medium_airport,Ibagué,CO,4.421610,-75.133300,America/Bogota
IBR,RJAH,Ibaraki Airport,large_airport,Omitama,JP,36.181456,140.414434,Asia/Tokyo
IBZ,LEIB,Ibiza Airport,large_airport,Ibiza (Eivissa),ES,38.872898,1.373120,Europe/Madrid
ICC,SVIE,Andrés Miguel Salazar Marcano Airport,small_airport,Isla de Coche,VE,10.794432,-63.981590,America/Caracas
ICI,NFCI,Cicia Airport,small_airport,Cicia,FJ,-17.743299,-179.341995,Pacific/Fiji
ICN,RKSI,Incheon International Airport,large_airport,Seoul,KR,37.469101,126.450996,Asia/Seoul
ICT,KICT,Wichita Dwight D. Eisenhower National Airport,medium_airport,Wichita,US,37.650314,-97.428583,America/Chicago
IDA,KIDA,Idaho Falls Regional Airport,medium_airport,Idaho Falls,US,43.514599,-112.070999,America/Boise
IDR,VAID,Devi Ahilya Bai Holkar International Airport,large_airport,Indore,IN,22.721404,75.800510,Asia/Kolkata
IEG,EPZG,Zielona Góra-Babimost Airport,medium_airport,Nowe Kramsko,PL,52.138500,15.798600,Europe/Warsaw
IFJ,BIIS,Ísafjörður Airport,medium_airport,Ísafjörður,IS,66.058098,-23.135300,Atlantic/Reykjavik
IFN,OIFM,Isfahan Shahid Beheshti International Airport,large_airport,Isfahan,IR,32.755142,51.883877,Asia/Tehran
IGA,MYIG,Inagua Airport,medium_airport,Matthew Town,BS,20.975000,-73.666901,America/Nassau
IGD,LTCT,Iğdır Airport,medium_airport,Iğdır,TR,39.976627,43.876648,Europe/Istanbul
IGG,PAIG,Igiugig Airport,small_airport,Igiugig,US,59.324001,-155.901993,America/Anchorage
IGR,SARI,Cataratas Del Iguazú International Airport,medium_airport,Puerto Iguazu,AR,-25.737301,-54.473400,America/Argentina/Cordoba
IGT,URMS,Magas Airport,medium_airport,Sunzha,RU,43.323268,45.012568,Europe/Moscow
IGU,SBFI,Cataratas International Airport,large_airport,Foz do Iguaçu,BR,-25.594167,-54.489444,America/Sao_Paulo
IIA,EIMN,Inishmaan Aerodrome,small_airport,Inis Meáin,IE,53.092999,-9.568060,Europe/Dublin
IJK,USII,Izhevsk Airport,medium_airport,Izhevsk,RU,56.834524,53.462172,Europe/Samara
IKA,OIIE,Imam Khomeini International Airport,large_airport,Tehran,IR,35.416100,51.152199,Asia/Tehran
IKG,UCFK,Karakol International Airport,medium_airport,Karakol,KG,42.508099,78.407799,Asia/Bishkek
IKI,RJDB,Iki Airport,medium_airport,Iki,JP,33.749001,129.785004,Asia/Tokyo
IKO,PAKO,Nikolski Air Station,small_airport,Nikolski,US,52.941552,-168.849478,America/Adak
IKS,UEST,Tiksi Airport,medium_airport,Tiksi,RU,71.697701,128.903000,Asia/Yakutsk
IKT,UIII,Irkutsk International Airport,large_airport,Irkutsk,RU,52.266707,104.395563,Asia/Irkutsk
IKU,UCFL,Issyk-Kul International Airport,large_airport,Tamchy,KG,42.585584,76.701181,Asia/Bishkek
ILD,LEDA,Lleida-Alguaire Airport,medium_airport,Lleida,ES,41.728185,0.535023,Europe/Madrid
ILF,CZBD,Ilford Airport,small_airport,Ilford,CA,56.051622,-95.618820,America/Winnipeg
ILG,KILG,Wilmington Airport,medium_airport,Wilmington,US,39.678699,-75.606499,America/New_York
ILI,PAIL,Iliamna Airport,medium_airport,Iliamna,US,59.754398,-154.910996,America/Anchorage
ILM,KILM,Wilmington International Airport,medium_airport,Wilmington,US,34.272345,-77.905117,America/New_York
ILO,RPVI,Iloilo International Airport,large_airport,Cabatuan,PH,10.833017,122.493358,Asia/Manila
ILP,NWWE,Île des Pins Airport,medium_airport,Île des Pins,NC,-22.588900,167.455994,Pacific/Noumea
ILQ,SPLO,General Jorge Fernandez Maldon Airport,medium_airport,Ilo,PE,-17.695000,-71.344002,America/Lima
ILR,DNIL,General Tunde Idiagbon International Airport,large_airport,Ilorin/Ogbomosho,NG,8.440210,4.493920,Africa/Lagos
ILS,MSSS,Ilopango International Airport,medium_airport,San Salvador,SV,13.699500,-89.119904,America/El_Salvador
ILY,EGPI,Islay Airport,medium_airport,"Isle of Islay, Argyll and Bute",GB,55.682708,-6.257525,Europe/London
IMF,VEIM,Bir Tikendrajit International Airport,large_airport,Imphal,IN,24.760000,93.896698,Asia/Kolkata
IMK,VNST,Simikot Airport,small_airport,Simikot,NP,29.971100,81.818901,Asia/Kathmandu
IMP,SBIZ,Prefeito Renato Moreira Airport,medium_airport,Imperatriz,BR,-5.531290,-47.459999,America/Fortaleza
IMT,KIMT,Ford Airport,medium_airport,Kingsford,US,45.819110,-88.114557,America/Menominee
INB,MZSV,Independence Airport,small_airport,Independence,BZ,16.534560,-88.441615,America/Guatemala
INC,ZLIC,Yinchuan Hedong International Airport,large_airport,Yinchuan,CN,38.322758,106.393214,Asia/Shanghai
IND,KIND,Indianapolis International Airport,large_airport,Indianapolis,US,39.717300,-86.294403,America/Indiana/Indianapolis
INH,FQIN,Inhambane Airport,medium_airport,Inhambane,MZ,-23.876400,35.408501,Africa/Maputo
INI,LYNI,Niš Constantine the Great Airport,large_airport,Niš,RS,43.336538,21.856242,Europe/Belgrade
INL,KINL,Falls International Airport,medium_airport,International Falls,US,48.566200,-93.403099,America/Chicago
INN,LOWI,Innsbruck Airport,large_airport,Innsbruck,AT,47.260201,11.344000,Europe/Vienna
INO,FZBA,Inongo Airport,small_airport,Inongo,CD,-1.947220,18.285801,Africa/Kinshasa
INQ,EIIR,Inisheer Aerodrome,small_airport,Inis Oírr,IE,53.064701,-9.510900,Europe/Dublin
INU,ANYN,Nauru International Airport,medium_airport,Yaren,NR,-0.547893,166.919525,Pacific/Nauru
INV,EGPE,Inverness Airport,medium_airport,Inverness,GB,57.542500,-4.047500,Europe/London
INZ,DAUI,In Salah Airport,medium_airport,In Salah,DZ,27.250999,2.512020,Africa/Algiers
IOA,LGIO,Ioannina King Pyrrhus National Airport,medium_airport,Ioannina,GR,39.696400,20.822500,Europe/Athens
IOM,EGNS,Isle of Man Airport,large_airport,Castletown,IM,54.083081,-4.623871,Europe/Isle_of_Man
IOR,EIIM,Inishmore Aerodrome,small_airport,Inis Mór,IE,53.106701,-9.653610,Europe/Dublin
IOS,SBIL,Bahia - Jorge Amado Airport,medium_airport,Ilhéus,BR,-14.815929,-39.033458,America/Bahia
IPC,SCIP,Mataveri International Airport,large_airport,Isla De Pascua,CL,-27.165411,-109.421027,Pacific/Easter
IPH,WMKI,Sultan Azlan Shah Airport,large_airport,Ipoh,MY,4.567330,101.091643,Asia/Kuala_Lumpur
IPI,SKIP,San Luis Airport,medium_airport,Ipiales,CO,0.861946,-77.671783,America/Bogota
IPL,KIPL,Imperial County Airport,medium_airport,Imperial,US,32.835390,-115.574026,America/Los_Angeles
IPN,SBIP,Usiminas Airport,medium_airport,Ipatinga,BR,-19.470699,-42.487598,America/Sao_Paulo
IPT,KIPT,Williamsport Regional Airport,medium_airport,Williamsport,US,41.242126,-76.922450,America/New_York
IQM,ZWCM,Qiemo Yudu Airport,medium_airport,Qiemo,CN,38.234516,85.465462,Asia/Urumqi
IQN,ZLQY,Qingyang Xifeng Airport,medium_airport,Qingyang (Xifeng),CN,35.802638,107.598896,Asia/Shanghai
IQQ,SCDA,Diego Aracena International Airport,large_airport,Iquique,CL,-20.536273,-70.181373,America/Santiago
IQT,SPQT,Coronel FAP Francisco Secada Vignetta International Airport,large_airport,Iquitos,PE,-3.784740,-73.308800,America/Lima
IRA,AGGK,Ngorangora Airport,small_airport,Kirakira,SB,-10.449700,161.897995,Pacific/Guadalcanal
IRC,PACR,Circle City (New) Airport,small_airport,Circle,US,65.827673,-144.076195,America/Anchorage
IRG,YLHR,Lockhart River Airport,medium_airport,Lockhart River,AU,-12.786900,143.304993,Australia/Brisbane
IRJ,SANL,Capitan V A Almonacid Airport,medium_airport,La Rioja,AR,-29.381599,-66.795799,America/Argentina/La_Rioja
IRK,KIRK,Kirksville Regional Airport,medium_airport,Kirksville,US,40.093498,-92.544899,America/Chicago
IRP,FZJH,Matari Airport,medium_airport,Isiro,CD,2.827610,27.588301,Africa/Lubumbashi
IRZ,SWTP,Tapuruquara Airport,small_airport,Santa Isabel do Rio Negro,BR,-0.378604,-64.992558,America/Manaus
ISA,YBMA,Mount Isa Airport,medium_airport,Mount Isa,AU,-20.666380,139.488468,Australia/Brisbane
ISB,OPIS,Islamabad International Airport,large_airport,Attock,PK,33.549000,72.825660,Asia/Karachi
ISC,EGHE,St. Mary's Airport,small_airport,"St. Mary's, Isles of Scilly",GB,49.913375,-6.291894,Europe/London
ISE,LTFC,Süleyman Demirel International Airport,medium_airport,Isparta,TR,37.855400,30.368401,Europe/Istanbul
ISG,ROIG,New Ishigaki Airport,medium_airport,Ishigaki,JP,24.396389,124.245000,Asia/Tokyo
ISK,VAOZ,Nashik International Airport,large_airport,Nashik,IN,20.119101,73.912903,Asia/Kolkata
ISP,KISP,Long Island MacArthur Airport,medium_airport,Islip,US,40.796324,-73.101703,America/New_York
IST,LTFM,İstanbul Airport,large_airport,Istanbul,TR,41.274874,28.732136,Europe/Istanbul
ISU,ORSJ,Jalal Talabani International Airport,medium_airport,Sulaymaniyah,IQ,35.560487,45.315137,Asia/Baghdad
ITB,SBIH,Itaituba Airport,medium_airport,Itaituba,BR,-4.242131,-56.000651,America/Santarem
ITH,KITH,Ithaca Tompkins Regional Airport,medium_airport,Ithaca,US,42.491001,-76.458397,America/New_York
ITM,RJOO,Osaka Itami International Airport,large_airport,Osaka,JP,34.780853,135.440829,Asia/Tokyo
ITO,PHTO,Hilo International Airport,medium_airport,Hilo,US,19.721350,-155.045428,Pacific/Honolulu
ITU,UHSI,Iturup Airport,small_airport,Kurilsk,RU,45.256389,147.955490,Asia/Magadan
IUE,NIUE,Niue International Airport,medium_airport,Alofi,NU,-19.080109,-169.923493,Pacific/Niue
IVC,NZNV,Invercargill Airport,medium_airport,Invercargill,NZ,-46.412399,168.313004,Pacific/Auckland
IVL,EFIV,Ivalo Airport,large_airport,Ivalo,FI,68.607300,27.405300,Europe/Helsinki
IWA,UUBI,Ivanovo South Airport,medium_airport,Ivanovo,RU,56.939400,40.940800,Europe/Moscow
IWD,KIWD,Gogebic Iron County Airport,small_airport,Ironwood,US,46.525298,-90.131578,America/Menominee
IWJ,RJOW,Iwami Airport,medium_airport,Masuda,JP,34.676399,131.789993,Asia/Tokyo
IWK,RJOI,Iwakuni Kintaikyo Airport,medium_airport,Iwakuni,JP,34.146333,132.247238,Asia/Tokyo
IXA,VEAT,Agartala - Maharaja Bir Bikram Airport,medium_airport,Agartala,IN,23.886999,91.240402,Asia/Kolkata
IXB,VEBD,Bagdogra Airport,large_airport,Siliguri,IN,26.681200,88.328598,Asia/Kolkata
IXC,VICG,Shaheed Bhagat Singh International Airport,large_airport,Chandigarh,IN,30.673500,76.788498,Asia/Kolkata
IXD,VEAB,Prayagraj Airport,medium_airport,Allahabad,IN,25.440100,81.733902,Asia/Kolkata
IXE,VOML,Mangaluru International Airport,large_airport,Mangaluru,IN,12.954710,74.886812,Asia/Kolkata
IXG,VOBM,Belagavi Airport,medium_airport,Belgaum,IN,15.859300,74.618301,Asia/Kolkata
IXI,VELR,Lilabari North Lakhimpur Airport,medium_airport,Lilabari,IN,27.295682,94.097266,Asia/Kolkata
IXJ,VIJU,Jammu Airport,medium_airport,Jammu,IN,32.688849,74.838152,Asia/Kolkata
IXK,VAKS,Keshod Airport,medium_airport,Keshod,IN,21.317101,70.270401,Asia/Kolkata
IXL,VILH,Leh Kushok Bakula Rimpochee Airport,medium_airport,Leh,IN,34.135899,77.546501,Asia/Kolkata
IXM,VOMD,Madurai Airport,medium_airport,Madurai,IN,9.834510,78.093399,Asia/Kolkata
IXP,VIPK,Pathankot Airport,medium_airport,Pathankot,IN,32.233611,75.634444,Asia/Kolkata
IXR,VERC,Birsa Munda Airport,medium_airport,Ranchi,IN,23.314301,85.321701,Asia/Kolkata
IXS,VEKU,Silchar Airport,medium_airport,Silchar,IN,24.912901,92.978699,Asia/Kolkata
IXU,VAAU,Aurangabad Airport,medium_airport,Aurangabad,IN,19.862875,75.396312,Asia/Kolkata
IXY,VAKE,Kandla Airport,medium_airport,Kandla,IN,23.112700,70.100304,Asia/Kolkata
IXZ,VOPB,Veer Savarkar International Airport / INS Utkrosh,large_airport,Port Blair,IN,11.640194,92.729020,Asia/Kolkata
IZA,SBZM,Presidente Itamar Franco Airport,medium_airport,Juiz de Fora,BR,-21.513086,-43.173069,America/Sao_Paulo
IZO,RJOC,Izumo Enmusubi Airport,medium_airport,Izumo,JP,35.413601,132.889999,Asia/Tokyo
IZT,MMIT,General Antonio Cárdenas Rodríguez National Airport / Ixtepec Air Base,medium_airport,Ixtepec,MX,16.445961,-95.093708,America/Mexico_City
JAC,KJAC,Jackson Hole Airport,medium_airport,Jackson,US,43.607300,-110.737999,America/Boise
JAE,SPJE,Shumba Airport,medium_airport,Jaén,PE,-5.592480,-78.774002,America/Lima
JAF,VCCJ,Jaffna International Airport,large_airport,Jaffna,LK,9.792330,80.070099,Asia/Colombo
JAI,VIJP,Jaipur International Airport,large_airport,Jaipur,IN,26.824200,75.812202,Asia/Kolkata
JAN,KJAN,Jackson-Medgar Wiley Evers International Airport,medium_airport,Jackson,US,32.311199,-90.075897,America/Chicago
JAU,SPJJ,Francisco Carle Airport,medium_airport,Jauja,PE,-11.783100,-75.473396,America/Lima
JAV,BGJN,Ilulissat Airport,medium_airport,Ilulissat,GL,69.243202,-51.057098,America/Nuuk
JAX,KJAX,Jacksonville International Airport,large_airport,Jacksonville,US,30.492469,-81.687813,America/New_York
JBB,WARE,Notohadinegoro Airport,small_airport,Jember,ID,-8.242494,113.693476,Asia/Jakarta
JBK,ZWQT,Qitai Jiangbulake Airport,small_airport,Qitai,CN,44.166086,89.550140,Asia/Urumqi
JBQ,MDJB,La Isabela International Airport,medium_airport,La Isabela,DO,18.572500,-69.985603,America/Santo_Domingo
JBR,KJBR,Jonesboro Municipal Airport,medium_airport,Jonesboro,US,35.831699,-90.646400,America/Chicago
JCK,YJLC,Julia Creek Airport,small_airport,,AU,-20.668301,141.723007,Australia/Brisbane
JCL,LKCS,České Budějovice South Bohemian Airport,large_airport,České Budějovice,CZ,48.948171,14.428320,Europe/Prague
JDF,SBJF,Francisco de Assis Airport,medium_airport,Juiz de Fora,BR,-21.791482,-43.386072,America/Sao_Paulo
JDH,VIJO,Jodhpur Airport,medium_airport,Jodhpur,IN,26.251101,73.048897,Asia/Kolkata
JDO,SBJU,Orlando Bezerra de Menezes Airport,small_airport,Juazeiro do Norte,BR,-7.219320,-39.269096,America/Fortaleza
JDZ,ZSJD,Jingdezhen Luojia Airport,medium_airport,Jingdezhen,CN,29.338600,117.176003,Asia/Shanghai
JED,OEJN,King Abdulaziz International Airport,large_airport,Jeddah,SA,21.680241,39.157436,Asia/Riyadh
JEE,MTJE,Jérémie Airport,medium_airport,Carrefour Sanon,HT,18.663099,-74.170303,America/Port-au-Prince
JEG,BGAA,Aasiaat Airport,medium_airport,Aasiaat,GL,68.721802,-52.784698,America/Nuuk
JEJ,,Jeh Airport,small_airport,Ailinglapalap Atoll,MH,7.565350,168.962006,Pacific/Majuro
JER,EGJJ,Jersey Airport,medium_airport,St. Peter,JE,49.207901,-2.195510,Europe/Jersey
JFK,KJFK,John F. Kennedy International Airport,large_airport,New York,US,40.639447,-73.779317,America/New_York
JFR,BGPT,Paamiut Airport,small_airport,Paamiut,GL,62.014736,-49.670937,America/Nuuk
JGA,VAJM,Jamnagar Airport,medium_airport,Jamnagar,IN,22.465500,70.012604,Asia/Kolkata
JGB,VEJR,Jagdalpur Airport,small_airport,Jagdalpur,IN,19.074301,82.036797,Asia/Kolkata
JGD,ZYJD,Daxing'anling Elunchun Airport,medium_airport,Jiagedaqi,CN,50.371389,124.117500,Asia/Shanghai
JGN,ZLJQ,Jiayuguan International Airport,large_airport,Jiayuguan,CN,39.859052,98.339344,Asia/Shanghai
JGS,ZSGS,Jinggangshan Airport,medium_airport,Ji'an,CN,26.856899,114.737000,Asia/Shanghai
JHB,WMKJ,Senai International Airport,large_airport,Johor Bahru,MY,1.641310,103.669998,Asia/Kuala_Lumpur
JHG,ZPJH,Xishuangbanna Gasa International Airport,large_airport,Jinghong (Gasa),CN,21.974648,100.762224,Asia/Shanghai
JHM,PHJH,Kapalua Airport,medium_airport,Lahaina,US,20.962900,-156.673004,Pacific/Honolulu
JHS,BGSS,Sisimiut Airport,medium_airport,Sisimiut,GL,66.951302,-53.729301,America/Nuuk
JIB,HDAM,Djibouti-Ambouli Airport,large_airport,Djibouti City,DJ,11.547300,43.159500,Africa/Djibouti
JIC,ZLJC,Jinchang Jinchuan Airport,medium_airport,Jinchang,CN,38.542222,102.348333,Asia/Shanghai
JIJ,HAJJ,Gerad Wilwal International Airport,large_airport,Jijiga,ET,9.331907,42.911811,Africa/Addis_Ababa
JIK,LGIK,Ikaria Airport,small_airport,Ikaria Island,GR,37.682701,26.347099,Europe/Athens
JIM,HAJM,Jimma Airport,medium_airport,Jimma,ET,7.666090,36.816601,Africa/Addis_Ababa
JIO,WAPM,Jos Orno Imsula Airport,small_airport,Tiakur,ID,-8.140683,127.909669,Asia/Jayapura
JIQ,ZUQJ,Qianjiang Wulingshan Airport,medium_airport,Qianjiang,CN,29.513333,108.831111,Asia/Shanghai
JIU,ZSJJ,Jiujiang Lushan Airport,small_airport,Jiujiang,CN,29.476944,115.801111,Asia/Shanghai
JJD,SBJE,Comandante Ariston Pessoa Airport,medium_airport,Cruz,BR,-2.906425,-40.357338,America/Fortaleza
JJG,SBJA,Humberto Ghizzo Bortoluzzi Regional Airport,small_airport,Jaguaruna,BR,-28.675300,-49.059600,America/Sao_Paulo
JJM,HKMK,Mulika Lodge Airport,small_airport,Meru-Kinna,KE,0.165083,38.195141,Africa/Nairobi
JJN,ZSQZ,Quanzhou Jinjiang International Airport,large_airport,Quanzhou,CN,24.795855,118.588599,Asia/Shanghai
JJU,BGQO,Qaqortoq Airport,medium_airport,Qaqortoq,GL,60.763830,-46.065001,America/Nuuk
JKG,ESGJ,Jönköping Airport,medium_airport,Jönköping,SE,57.757599,14.068700,Europe/Stockholm
JKH,LGHI,Chios Island National Airport,medium_airport,Chios Island,GR,38.343201,26.140600,Europe/Athens
JKL,LGKY,Kalymnos Airport,small_airport,Kalymnos Island,GR,36.963299,26.940599,Europe/Athens
JKR,VNJP,Janakpur Airport,medium_airport,Janakpur,NP,26.708799,85.922401,Asia/Kathmandu
JLG,VAJL,Jalgaon Airport,small_airport,Jalgaon,IN,20.962678,75.627492,Asia/Kolkata
JLN,KJLN,Joplin Regional Airport,medium_airport,Joplin,US,37.151798,-94.498299,America/Chicago
JLR,VAJB,Jabalpur Airport,medium_airport,Jabalpur,IN,23.177799,80.052002,Asia/Kolkata
JMJ,ZPJM,Lancang Jingmai Airport,medium_airport,Pu'er (Lancang),CN,22.417733,99.784012,Asia/Shanghai
JMK,LGMK,Mykonos Island National Airport,medium_airport,Mykonos,GR,37.435101,25.348101,Europe/Athens
JMO,VNJS,Jomsom Airport,small_airport,Jomsom,NP,28.780426,83.723000,Asia/Kathmandu
JMS,KJMS,Jamestown Regional Airport,medium_airport,Jamestown,US,46.929699,-98.678200,America/Chicago
JMU,ZYJM,Jiamusi Songjiang International Airport,medium_airport,Jiamusi,CN,46.842793,130.464260,Asia/Shanghai
JNB,FAOR,O.R. Tambo International Airport,large_airport,Johannesburg,ZA,-26.140081,28.246801,Africa/Johannesburg
JNG,ZSJG,Jining Da'an Airport,medium_airport,Jining,CN,35.647358,116.743269,Asia/Shanghai
JNH,ZSJX,Jiaxing Nanhu Airport,medium_airport,"Xiuzhou, Hangzhou",CN,30.698056,120.663056,Asia/Shanghai
JNU,PAJN,Juneau International Airport,medium_airport,Juneau,US,58.354935,-134.574416,America/Juneau
JNX,LGNX,Naxos Island National Airport,small_airport,Naxos,GR,37.081100,25.368099,Europe/Athens
JNZ,ZYJZ,Jinzhou Bay Airport,medium_airport,Jinzhou (Linghai),CN,40.936032,121.277114,Asia/Shanghai
JOE,EFJO,Joensuu Airport,medium_airport,Joensuu,FI,62.658815,29.619398,Europe/Helsinki
JOG,WAHH,Adisutjipto International Airport,medium_airport,Yogyakarta,ID,-7.788180,110.431999,Asia/Jakarta
JOI,SBJV,Lauro Carneiro de Loyola Airport,medium_airport,Joinville,BR,-26.224501,-48.797401,America/Sao_Paulo
JOL,RPMJ,Jolo Airport,medium_airport,Jolo,PH,6.053670,121.011002,Asia/Manila
JOS,DNJO,Yakubu Gowon Airport,medium_airport,Jos,NG,9.639830,8.869050,Africa/Lagos
JPA,SBJP,Presidente Castro Pinto International Airport,large_airport,João Pessoa,BR,-7.148691,-34.950554,America/Fortaleza
JPE,SNEB,Nagib Demachki Airport,small_airport,Paragominas,BR,-3.019798,-47.316474,America/Belem
JPR,SBJI,Ji-Paraná Airport,small_airport,Ji-Paraná,BR,-10.870743,-61.846675,America/Cuiaba
JQA,BGUQ,Qaarsut Airport,small_airport,Uummannaq,GL,70.734200,-52.696201,America/Nuuk
JRG,VEJH,Jharsuguda Airport,small_airport,,IN,21.913500,84.050400,Asia/Kolkata
JRH,VEJT,Jorhat Airport,medium_airport,Jorhat,IN,26.730456,94.175416,Asia/Kolkata
JRO,HTKJ,Kilimanjaro International Airport,large_airport,Arusha,TZ,-3.427049,37.073530,Africa/Dar_es_Salaam
JSA,VIJR,Jaisalmer Airport,medium_airport,,IN,26.888700,70.864998,Asia/Kolkata
JSH,LGST,Sitia Airport,medium_airport,Crete Island,GR,35.216099,26.101299,Europe/Athens
JSI,LGSK,Skiathos Island National Airport,medium_airport,Skiathos,GR,39.177101,23.503700,Europe/Athens
JSJ,ZYJS,Jiansanjiang Shidi Airport,medium_airport,Jiansanjiang,CN,47.108248,132.657920,Asia/Shanghai
JSK,OIZJ,Jask Airport,small_airport,Bandar-e-Jask,IR,25.654757,57.801718,Asia/Tehran
JSR,VGJR,Jessore Airport,medium_airport,Jashore (Jessore),BD,23.183800,89.160797,Asia/Dhaka
JST,KJST,John Murtha Johnstown Cambria County Airport,medium_airport,Johnstown,US,40.316101,-78.833900,America/New_York
JSU,BGMQ,Maniitsoq Airport,small_airport,Maniitsoq,GL,65.412498,-52.939400,America/Nuuk
JSY,LGSO,Syros Airport,small_airport,Syros Island,GR,37.422798,24.950899,Europe/Athens
JTC,SBAE,Bauru/Arealva–Moussa Nakhal Tobias State Airport,medium_airport,Bauru,BR,-22.160755,-49.070325,America/Sao_Paulo
JTR,LGSR,Santorini International Airport,large_airport,Santorini Island,GR,36.400045,25.478638,Europe/Athens
JTY,LGPL,Astypalaia Airport,small_airport,Astypalaia Island,GR,36.579899,26.375799,Europe/Athens
JUB,HJJJ,Juba International Airport,large_airport,Juba,SS,4.872010,31.601101,Africa/Juba
JUH,ZSJH,Chizhou Jiuhuashan Airport,small_airport,Chizhou,CN,30.740300,117.685600,Asia/Shanghai
JUI,EDWJ,Juist Airport,small_airport,Juist,DE,53.681421,7.056398,Europe/Berlin
JUJ,SASJ,Gobernador Horacio Guzman International Airport,large_airport,San Salvador de Jujuy,AR,-24.392799,-65.097801,America/Argentina/Jujuy
JUL,SPJL,Inca Manco Capac International Airport,large_airport,Juliaca,PE,-15.467689,-70.156530,America/Lima
JUM,VNJL,Jumla Airport,small_airport,Jumla,NP,29.274200,82.193298,Asia/Kathmandu
JUV,BGUK,Upernavik Airport,small_airport,Upernavik,GL,72.790199,-56.130600,America/Nuuk
JUZ,ZSJU,Quzhou Airport,medium_airport,Quzhou (Kezheng),CN,28.966130,118.898793,Asia/Shanghai
JXA,ZYJX,Jixi Xingkaihu Airport,medium_airport,Jixi,CN,45.293000,131.193000,Asia/Shanghai
JYV,EFJY,Jyväskylä Airport,medium_airport,Jyväskylän Maalaiskunta,FI,62.399502,25.678301,Europe/Helsinki
JZH,ZUJZ,Jiuzhai Huanglong Airport,medium_airport,Ngawa (Songpan),CN,32.853333,103.682222,Asia/Shanghai
KAA,FLKS,Kasama Airport,small_airport,Kasama,ZM,-10.210169,31.123045,Africa/Lusaka
KAB,FVKB,Kariba Airport,medium_airport,Kariba,ZW,-16.519800,28.885000,Africa/Lusaka
KAC,OSKL,Qamishli International Airport,medium_airport,Qamishli,SY,37.020599,41.191399,Asia/Damascus
KAD,DNKA,Kaduna International Airport,large_airport,Kaduna,NG,10.696000,7.320110,Africa/Lagos
KAI,SYKA,Kaieteur Airport,medium_airport,Kaieteur Falls,GY,5.177349,-59.488980,America/Guyana
KAJ,EFKI,Kajaani Airport,medium_airport,Kajaani,FI,64.285500,27.692400,Europe/Helsinki
KAL,PAKV,Kaltag Airport,small_airport,Kaltag,US,64.318640,-158.741970,America/Anchorage
KAN,DNKN,Mallam Aminu Kano International Airport,large_airport,Kano,NG,12.045613,8.523566,Africa/Lagos
KAO,EFKS,Kuusamo Airport,medium_airport,Kuusamo,FI,65.987602,29.239401,Europe/Helsinki
KAT,NZKT,Kaitaia Airport,medium_airport,Awanui,NZ,-35.069837,173.287053,Pacific/Auckland
KAW,VYKT,Kawthoung Airport,medium_airport,Kawthoung,MM,10.049300,98.538002,Asia/Bangkok
KAX,YKBR,Kalbarri Airport,small_airport,Kalbarri,AU,-27.692813,114.259169,Australia/Perth
KBC,,Birch Creek Airport,small_airport,Birch Creek,US,66.274002,-145.824005,America/Anchorage
KBL,OAKB,Kabul International Airport,large_airport,Kabul,AF,34.565899,69.212303,Asia/Kabul
KBR,WMKC,Sultan Ismail Petra Airport,medium_airport,Kota Baharu,MY,6.166850,102.292999,Asia/Kuala_Lumpur
KBU,WAOK,Gusti Syamsir Alam Airport,small_airport,Stagen,ID,-3.294796,116.163815,Asia/Makassar
KBV,VTSG,Krabi International Airport,large_airport,Krabi,TH,8.095591,98.988955,Asia/Bangkok
KCA,ZWKC,Kuqa Qiuci Airport,small_airport,Kuqa,CN,41.677856,82.872917,Asia/Urumqi
KCG,PAJC,Chignik Airport,small_airport,Chignik,US,56.311501,-158.373001,America/Anchorage
KCH,WBGG,Kuching International Airport,large_airport,Kuching,MY,1.487364,110.352859,Asia/Kuching
KCM,LTCN,Kahramanmaraş Airport,medium_airport,Kahramanmaraş,TR,37.538826,36.953522,Europe/Istanbul
KCQ,,Chignik Lake Airport,small_airport,Chignik Lake,US,56.255001,-158.774994,America/Anchorage
KCT,VCCK,Koggala Airport,medium_airport,Galle,LK,5.993680,80.320297,Asia/Colombo
KCY,UNKM,Krasnoyarsk Cheremshanka Airport,medium_airport,Krasnoyarsk,RU,56.177584,92.545881,Asia/Krasnoyarsk
KCZ,RJOK,Kochi Ryoma Airport,large_airport,Nankoku,JP,33.545217,133.670166,Asia/Tokyo
KDD,OPKH,Khuzdar Airport,small_airport,Khuzdar,PK,27.790600,66.647301,Asia/Karachi
KDH,OAKN,Ahmad Shah Baba International Airport,large_airport,Kandahar,AF,31.505769,65.847963,Asia/Kabul
KDI,WAWW,Haluoleo Airport,small_airport,Kendari,ID,-4.081610,122.417999,Asia/Makassar
KDL,EEKA,Kärdla Airport,medium_airport,Kärdla,EE,58.990799,22.830700,Europe/Tallinn
KDM,VRMT,Kaadedhdhoo Airport,medium_airport,Huvadhu Atoll,MV,0.488131,72.996902,Indian/Maldives
KDO,VRMK,Kadhdhoo Airport,medium_airport,Kadhdhoo,MV,1.859170,73.521896,Indian/Maldives
KDU,OPSD,Skardu International Airport,large_airport,Skardu,PK,35.338660,75.538648,Asia/Karachi
KDV,NFKD,Vunisea Airport,small_airport,Vunisea,FJ,-19.058100,178.156998,Pacific/Fiji
KEB,,Nanwalek Airport,small_airport,Nanwalek,US,59.352100,-151.925003,America/Anchorage
KEF,BIKF,Keflavik International Airport,large_airport,Reykjavík,IS,63.985001,-22.605600,Atlantic/Reykjavik
KEJ,UNEE,Alexei Leonov Kemerovo International Airport,large_airport,Kemerovo,RU,55.270100,86.107201,Asia/Novokuznetsk
KEM,EFKE,Kemi-Tornio Airport,medium_airport,Kemi / Tornio,FI,65.778702,24.582100,Europe/Helsinki
KEP,VNNG,Nepalgunj Airport,medium_airport,Nepalgunj,NP,28.103600,81.667000,Asia/Kolkata
KER,OIKK,Ayatollah Hashemi Rafsanjani International Airport,large_airport,Kerman,IR,30.271276,56.949692,Asia/Tehran
KET,VYKG,Kengtung Airport,medium_airport,Kengtung,MM,21.301600,99.636002,Asia/Yangon
KEW,CPV8,Keewaywin Airport,small_airport,Keewaywin,CA,52.991100,-92.836403,America/Winnipeg
KFG,YKKG,Kalkgurung Airport,small_airport,,AU,-17.431900,130.807999,Australia/Darwin
KFP,PAKF,False Pass Airport,small_airport,False Pass,US,54.847510,-163.407168,America/Nome
KFS,LTAL,Kastamonu Airport,medium_airport,Kastamonu,TR,41.314201,33.795799,Europe/Istanbul
KGA,FZUA,Kananga Airport,medium_airport,Kananga,CD,-5.900050,22.469200,Africa/Lubumbashi
KGC,YKSC,Kingscote Airport,medium_airport,,AU,-35.713902,137.520996,Australia/Adelaide
KGD,UMKK,Khrabrovo Airport,large_airport,Kaliningrad,RU,54.891610,20.598559,Europe/Kaliningrad
KGE,AGKG,Kaghau Airport,small_airport,Kagau Island,SB,-7.330500,157.585000,Pacific/Guadalcanal
KGF,UAKK,Sary-Arka Airport,large_airport,Karaganda,KZ,49.670799,73.334396,Asia/Almaty
KGI,YPKG,Kalgoorlie Boulder Airport,medium_airport,Broadwood,AU,-30.791543,121.464586,Australia/Perth
KGK,PAJZ,Koliganek Airport,small_airport,Koliganek,US,59.726601,-157.259003,America/Anchorage
KGL,HRYR,Kigali International Airport,large_airport,Kigali,RW,-1.968630,30.139500,Africa/Kigali
KGP,USRK,Kogalym International Airport,medium_airport,Kogalym,RU,62.190399,74.533798,Asia/Yekaterinburg
KGS,LGKO,"Kos International Airport ""Ippokratis""",large_airport,Kos Island,GR,36.794523,27.091150,Europe/Athens
KGT,ZUKD,Kangding Airport,medium_airport,Garzê (Kangding),CN,30.142464,101.738720,Asia/Shanghai
KGX,PAGX,Grayling Airport,small_airport,Grayling,US,62.895187,-160.066289,America/Anchorage
KHD,OICK,Khoram Abad Airport,medium_airport,,IR,33.435398,48.282902,Asia/Tehran
KHG,ZWSH,Kashgar Laining International Airport,large_airport,Kashgar,CN,39.542273,76.020230,Asia/Urumqi
KHH,RCKH,Kaohsiung International Airport,large_airport,Kaohsiung (Xiaogang),TW,22.577101,120.349998,Asia/Taipei
KHI,OPKC,Jinnah International Airport,large_airport,Karachi,PK,24.906500,67.160797,Asia/Karachi
KHK,OIBQ,Khark Airport,medium_airport,Khark,IR,29.260503,50.322193,Asia/Tehran
KHM,VYKI,Kanti Airport,small_airport,Kanti,MM,25.988300,95.674400,Asia/Yangon
KHN,ZSCN,Nanchang Changbei International Airport,large_airport,Nanchang,CN,28.864815,115.902710,Asia/Shanghai
KHS,OOKB,Khasab Airport,medium_airport,Khasab,OM,26.171000,56.240601,Asia/Muscat
KHT,OAKS,Khost International Airport,medium_airport,Khost,AF,33.284605,69.807340,Asia/Kabul
KHV,UHHH,Khabarovsk Novy Airport,medium_airport,Khabarovsk,RU,48.528338,135.188588,Asia/Vladivostok
KHX,,Savannah Airstrip,medium_airport,Kihihi,UG,-0.716500,29.699700,Africa/Kampala
KHZ,NTKA,Kauehi Airport,small_airport,Kauehi,PF,-15.780622,-145.128443,Pacific/Tahiti
KIE,AYIQ,Aropa Airport,small_airport,Kieta,PG,-6.305727,155.728249,Pacific/Guadalcanal
KIF,CNM5,Kingfisher Lake Airport,small_airport,Kingfisher Lake,CA,53.012501,-89.855301,America/Toronto
KIH,OIBK,Kish International Airport,large_airport,Kish Island,IR,26.525427,53.980462,Asia/Tehran
KIJ,RJSN,Niigata Airport,large_airport,Niigata,JP,37.954166,139.112189,Asia/Tokyo
KIK,ORKK,Kirkuk International Airport,large_airport,Kirkuk,IQ,35.469501,44.348900,Asia/Baghdad
KIM,FAKM,Kimberley Airport,large_airport,Kimberley,ZA,-28.805401,24.764872,Africa/Johannesburg
KIN,MKJP,Norman Manley International Airport,large_airport,Kingston,JM,17.935699,-76.787498,America/Jamaica
KIO,,Kili Airport,small_airport,Kili Island,MH,5.643860,169.124586,Pacific/Majuro
KIR,EIKY,Kerry Airport,medium_airport,Farranfore,IE,52.180901,-9.523780,Europe/Dublin
KIS,HKKI,Kisumu International Airport,large_airport,Kisumu,KE,-0.086139,34.728901,Africa/Nairobi
KIT,LGKC,Kithira Airport,small_airport,Kithira Island,GR,36.273978,23.016719,Europe/Athens
KIX,RJBB,Kansai International Airport,large_airport,Osaka,JP,34.427299,135.244003,Asia/Tokyo
KJA,UNKL,Krasnoyarsk International Airport,large_airport,Krasnoyarsk,RU,56.175743,92.485788,Asia/Krasnoyarsk
KJB,VOKU,Kurnool Airport,medium_airport,Orvakal,IN,15.716288,78.169230,Asia/Kolkata
KJH,ZUKJ,Kaili Huangping Airport,medium_airport,Kaili  (Huangping),CN,26.972000,107.988000,Asia/Shanghai
KJI,ZWKN,Burqin Kanas Airport,medium_airport,Burqin,CN,48.222300,86.995900,Asia/Urumqi
KJT,WICA,Kertajati International Airport,medium_airport,Kertajati,ID,-6.647384,108.165561,Asia/Jakarta
KKA,PAKK,Koyuk Alfred Adams Airport,small_airport,Koyuk,US,64.939499,-161.154007,America/Anchorage
KKC,VTUK,Khon Kaen Airport,medium_airport,Khon Kaen,TH,16.466600,102.783997,Asia/Bangkok
KKE,NZKK,Kerikeri Airport,medium_airport,Kerikeri,NZ,-35.259148,173.913317,Pacific/Auckland
KKH,PADY,Kongiganak Airport,small_airport,Kongiganak,US,59.960800,-162.880997,America/Anchorage
KKI,PFZK,Akiachak Airport,small_airport,Akiachak,US,60.913809,-161.493329,America/Nome
KKJ,RJFR,Kitakyushu Airport,large_airport,Kitakyushu,JP,33.845901,131.035004,Asia/Tokyo
KKN,ENKR,"Kirkenes Airport, Høybuktmoen",medium_airport,Kirkenes,NO,69.725800,29.891300,Europe/Oslo
KKR,NTGK,Kaukura Airport,medium_airport,Raitahiti,PF,-15.663300,-146.884995,Pacific/Tahiti
KKS,OIFK,Kashan Airport,medium_airport,Kashan,IR,33.895302,51.577000,Asia/Tehran
KKW,FZCA,Kikwit Airport,medium_airport,Kikwit,CD,-5.035770,18.785601,Africa/Kinshasa
KKX,RJKI,Kikai Airport,medium_airport,Kikai,JP,28.321301,129.927994,Asia/Tokyo
KLG,PALG,Kalskag Airport,small_airport,Kalskag,US,61.536301,-160.341003,America/Anchorage
KLH,VAKP,Kolhapur Airport,medium_airport,Kolhapur,IN,16.664700,74.289398,Asia/Kolkata
KLN,PALB,Larsen Bay Airport,small_airport,Larsen Bay,US,57.535160,-153.976455,America/Anchorage
KLO,RPVK,Kalibo International Airport,large_airport,Kalibo,PH,11.679400,122.375999,Asia/Manila
KLP,WAGF,Seruyan Kuala Pembuang Airport,small_airport,Seruyan,ID,-3.376062,112.536521,Asia/Pontianak
KLR,ESMQ,Kalmar Airport,medium_airport,Kalmar,SE,56.685501,16.287600,Europe/Stockholm
KLU,LOWK,Klagenfurt Airport,large_airport,Klagenfurt am Wörthersee,AT,46.642502,14.337700,Europe/Vienna
KLV,LKKV,Karlovy Vary Airport,large_airport,Karlovy Vary,CZ,50.202999,12.915000,Europe/Prague
KLW,PAKW,Klawock Airport,medium_airport,Klawock,US,55.579201,-133.076004,America/Sitka
KLX,LGKL,Kalamata Airport,medium_airport,Kalamata,GR,37.068298,22.025499,Europe/Athens
KMA,AYKM,Kerema Airport,medium_airport,Kerema,PG,-7.963610,145.770996,Pacific/Port_Moresby
KMC,OEKK,King Khaled Military City Airport,medium_airport,King Khaled Military City,SA,27.900900,45.528198,Asia/Riyadh
KME,HRZA,Kamembe Airport,medium_airport,Kamembe,RW,-2.462240,28.907900,Africa/Kigali
KMG,ZPPP,Kunming Changshui International Airport,large_airport,Kunming,CN,25.110313,102.936743,Asia/Shanghai
KMI,RJFM,Miyazaki Airport,large_airport,Miyazaki,JP,31.877199,131.449005,Asia/Tokyo
KMJ,RJFT,Kumamoto Airport,large_airport,Kumamoto,JP,32.837299,130.854996,Asia/Tokyo
KMN,FZSB,Kamina City Airport,small_airport,Kamina,CD,-8.728878,24.991407,Africa/Lubumbashi
KMO,PAMB,Manokotak Airport,small_airport,Manokotak,US,58.932056,-158.901886,America/Anchorage
KMQ,RJNK,Komatsu Airport / JASDF Komatsu Air Base,large_airport,Kanazawa,JP,36.393407,136.406895,Asia/Tokyo
KMS,DGSI,Prempeh I International Airport,large_airport,Kumasi,GH,6.714560,-1.590820,Africa/Accra
KMW,UUBA,Kostroma Sokerkino Airport,medium_airport,Kostroma,RU,57.796902,41.019402,Europe/Moscow
KND,FZOA,Kindu Airport,medium_airport,Kindu,CD,-2.919180,25.915400,Africa/Lubumbashi
KNG,WASK,Utarom Airport,medium_airport,Kaimana,ID,-3.644600,133.695116,Asia/Jayapura
KNH,RCBS,Kinmen Airport,medium_airport,Shang-I,TW,24.427900,118.359001,Asia/Taipei
KNK,PFKK,Kokhanok Airport,small_airport,Kokhanok,US,59.433248,-154.802170,America/Anchorage
KNO,WIMM,Kualanamu International Airport,large_airport,Beringin,ID,3.637847,98.870566,Asia/Jakarta
KNQ,NWWD,Koné Airport,medium_airport,Koné,NC,-21.053551,164.838768,Pacific/Noumea
KNS,YKII,King Island Airport,medium_airport,,AU,-39.877499,143.878006,Australia/Hobart
KNU,VECX,Kanpur Airport,medium_airport,Kanpur,IN,26.404301,80.410103,Asia/Kolkata
KNW,PANW,New Stuyahok Airport,small_airport,New Stuyahok,US,59.451838,-157.373829,America/Anchorage
KNX,YPKU,East Kimberley Regional (Kununurra) Airport,medium_airport,Kununurra,AU,-15.778100,128.707993,Australia/Perth
KOA,PHKO,Ellison Onizuka Kona International Airport at Keāhole,large_airport,Kailua-Kona,US,19.738783,-156.045603,Pacific/Honolulu
KOC,NWWK,Koumac Airport,small_airport,Koumac,NC,-20.546323,164.255648,Pacific/Noumea
KOE,WATT,El Tari Airport,medium_airport,Kupang,ID,-10.171600,123.670998,Asia/Makassar
KOI,EGPA,Kirkwall Airport,medium_airport,"Kirkwall, Orkney Islands",GB,58.957903,-2.905077,Europe/London
KOJ,RJFK,Kagoshima Airport,large_airport,Kagoshima,JP,31.803400,130.718994,Asia/Tokyo
KOK,EFKK,Kokkola-Pietarsaari Airport,medium_airport,Kokkola / Kruunupyy,FI,63.721199,23.143101,Europe/Helsinki
KOP,VTUW,Nakhon Phanom Airport,medium_airport,Nakhon Phanom,TH,17.383801,104.642998,Asia/Bangkok
KOS,VDSV,Sihanouk International Airport,large_airport,Preah Sihanouk,KH,10.570557,103.632067,Asia/Phnom_Penh
KOT,PFKO,Kotlik Airport,small_airport,Kotlik,US,63.030602,-163.533005,America/Nome
KOV,UACK,Kokshetau International Airport,large_airport,Kokshetau,KZ,53.329102,69.594597,Asia/Almaty
KOW,ZSGZ,Ganzhou Huangjin Airport,small_airport,Ganzhou,CN,25.853333,114.778889,Asia/Shanghai
KOZ,,Ouzinkie Airport,small_airport,Ouzinkie,US,57.942094,-152.464314,America/Anchorage
KPN,PAKI,Kipnuk Airport,small_airport,Kipnuk,US,59.931796,-164.028196,America/Nome
KPO,RKTH,Pohang Airport (G-815/K-3),medium_airport,Pohang,KR,35.987955,129.420383,Asia/Seoul
KPV,PAPE,Perryville Airport,small_airport,Perryville,US,55.906500,-159.160910,America/Anchorage
KPW,UHMK,Keperveem Airport,medium_airport,Keperveem,RU,67.845001,166.139999,Asia/Anadyr
KQA,PAUT,Akutan Airport,small_airport,Akutan,US,54.144590,-165.604332,America/Nome
KQH,VIKG,Kishangarh Airport Ajmer,medium_airport,Ajmer (Kishangarh),IN,26.591007,74.812956,Asia/Kolkata
KQR,YKAR,Karara Airport,small_airport,Karara,AU,-29.217223,116.687154,Australia/Perth
KQT,UTDT,Bokhtar International Airport,large_airport,Bokhtar,TJ,37.866315,68.864475,Asia/Dushanbe
KRB,YKMB,Karumba Airport,small_airport,,AU,-17.456699,140.830002,Australia/Brisbane
KRC,WIJI,Departi Parbo Airport,small_airport,Sungai Penuh,ID,-2.094042,101.470250,Asia/Jakarta
KRE,HBBO,Kirundo Airport,small_airport,Kirundo,BI,-2.544772,30.094575,Africa/Bujumbura
KRF,ESNK,Kramfors-Sollefteå Höga Kusten Airport,medium_airport,Nyland,SE,63.048599,17.768900,Europe/Stockholm
KRI,AYKK,Kikori Airport,small_airport,Kikori,PG,-7.424380,144.250076,Pacific/Port_Moresby
KRK,EPKK,Kraków John Paul II International Airport,large_airport,Balice,PL,50.077702,19.784800,Europe/Warsaw
KRL,ZWKL,Korla Licheng Airport,medium_airport,Korla,CN,41.614979,86.140817,Asia/Urumqi
KRN,ESNQ,Kiruna Airport,large_airport,Kiruna,SE,67.821999,20.336800,Europe/Stockholm
KRO,USUU,Kurgan Airport,medium_airport,Kurgan,RU,55.475300,65.415604,Asia/Yekaterinburg
KRP,EKKA,Midtjyllands Airport / Air Base Karup,medium_airport,Karup,DK,56.297139,9.104311,Europe/Copenhagen
KRR,URKK,Krasnodar Pashkovsky International Airport,large_airport,Krasnodar,RU,45.034465,39.174215,Europe/Moscow
KRS,ENCN,Kristiansand Airport,large_airport,Kristiansand(Kjevik),NO,58.204201,8.085370,Europe/Oslo
KRT,HSSK,Khartoum International Airport,large_airport,Khartoum,SD,15.589500,32.553200,Africa/Khartoum
KRW,UTAK,Turkmenbaşy International Airport,medium_airport,Turkmenbaşy,TM,40.062833,53.005085,Asia/Ashgabat
KRY,ZWKM,Karamay Airport,small_airport,Karamay,CN,45.466550,84.952700,Asia/Urumqi
KSA,PTSA,Kosrae International Airport,large_airport,Okat,FM,5.356980,162.957993,Pacific/Kosrae
KSC,LZKZ,Košice International Airport,medium_airport,Košice,SK,48.663101,21.241100,Europe/Bratislava
KSD,ESOK,Karlstad Airport,medium_airport,Karlstad,SE,59.444698,13.337400,Europe/Stockholm
KSF,EDVK,Kassel Airport,large_airport,Calden,DE,51.418395,9.391638,Europe/Berlin
KSH,OICC,Shahid Ashrafi Esfahani Airport,medium_airport,Kermanshah,IR,34.345901,47.158100,Asia/Tehran
KSJ,LGKS,Kasos Airport,small_airport,Kasos Island,GR,35.421398,26.910000,Europe/Athens
KSL,HSKA,Kassala Airport,medium_airport,Kassala,SD,15.387500,36.328800,Africa/Khartoum
KSM,PASM,St Mary's Airport,small_airport,St Mary's,US,62.060501,-163.302002,America/Nome
KSN,UAUU,Kostanay International Airport,large_airport,Kostanay,KZ,53.206902,63.550301,Asia/Qostanay
KSO,LGKA,Kastoria National Airport Aristotle,small_airport,Argos Orestiko,GR,40.446301,21.282200,Europe/Athens
KSQ,UZSK,Karshi Airport,small_airport,Karshi,UZ,38.802246,65.773068,Asia/Samarkand
KSR,WAWH,Selayar - Haji Aroeppala Airport,small_airport,Benteng,ID,-6.179210,120.437479,Asia/Makassar
KSU,ENKB,"Kristiansund Airport, Kvernberget",medium_airport,Kvernberget,NO,63.111801,7.824520,Europe/Oslo
KSY,LTCF,Kars Airport,medium_airport,Kars,TR,40.562199,43.115002,Europe/Istanbul
KSZ,ULKK,Kotlas Airport,medium_airport,Kotlas,RU,61.235802,46.697498,Europe/Moscow
KTA,YPKA,Karratha Airport,medium_airport,Karratha,AU,-20.712200,116.773003,Australia/Perth
KTD,RORK,Kitadaito Airport,medium_airport,Kitadaitōjima,JP,25.944700,131.326996,Asia/Tokyo
KTG,WIOK,Rahadi Osman Airport,medium_airport,Ketapang,ID,-1.817165,109.963469,Asia/Pontianak
KTI,VDTI,Techo International Airport,large_airport,Phnom Penh (Boeng Khyang),KH,11.359987,104.921272,Asia/Phnom_Penh
KTM,VNKT,Tribhuvan International Airport,large_airport,Kathmandu,NP,27.696600,85.359100,Asia/Kathmandu
KTN,PAKT,Ketchikan International Airport,medium_airport,Ketchikan,US,55.355598,-131.714004,America/Sitka
KTP,MKTP,Tinson Pen Airport,medium_airport,Tinson Pen,JM,17.988600,-76.823799,America/Jamaica
KTS,PFKT,Brevig Mission Airport,small_airport,Brevig Mission,US,65.331826,-166.467848,America/Nome
KTT,EFKT,Kittilä International Airport,large_airport,Kittilä,FI,67.700996,24.846800,Europe/Helsinki
KTW,EPKT,Katowice Wojciech Korfanty International Airport,large_airport,Katowice,PL,50.476015,19.080705,Europe/Warsaw
KUA,WMKD,Kuantan Airport,medium_airport,Kuantan,MY,3.775390,103.209000,Asia/Kuala_Lumpur
KUD,WBKT,Kudat Airport,small_airport,Kudat,MY,6.924111,116.837068,Asia/Kuching
KUF,UWWW,Kurumoch International Airport,large_airport,Samara,RU,53.504902,50.164299,Europe/Samara
KUG,YKUB,Kubin Island Airport,small_airport,Kubin Island,AU,-10.226480,142.219619,Australia/Brisbane
KUH,RJCK,Kushiro Airport,medium_airport,Kushiro,JP,43.041000,144.192993,Asia/Tokyo
KUK,PFKA,Kasigluk Airport,small_airport,Kasigluk,US,60.872747,-162.524700,America/Nome
KUL,WMKK,Kuala Lumpur International Airport,large_airport,Sepang,MY,2.745580,101.709999,Asia/Kuala_Lumpur
KUM,RJFC,Yakushima Airport,medium_airport,Yakushima,JP,30.385599,130.658997,Asia/Tokyo
KUN,EYKA,Kaunas International Airport,large_airport,Kaunas,LT,54.963965,24.085820,Europe/Vilnius
KUO,EFKU,Kuopio Airport,large_airport,Kuopio / Siilinjärvi,FI,63.007099,27.797800,Europe/Helsinki
KUS,BGKK,Kulusuk Airport,medium_airport,Kulusuk,GL,65.573601,-37.123600,America/Nuuk
KUT,UGKO,David the Builder Kutaisi International Airport,large_airport,Kopitnari,GE,42.177448,42.485353,Asia/Tbilisi
KUU,VIBR,Kullu Manali Airport,medium_airport,Bhuntar,IN,31.876699,77.154404,Asia/Kolkata
KUV,RKJK,Gunsan Airport / Gunsan Air Base,medium_airport,Gunsan,KR,35.903801,126.615997,Asia/Seoul
KVA,LGKV,Kavala Alexander the Great International Airport,large_airport,Kavala,GR,40.913300,24.619200,Europe/Athens
KVC,PAVC,King Cove Airport,small_airport,King Cove,US,55.116299,-162.266006,America/Nome
KVG,AYKV,Kavieng Airport,medium_airport,Kavieng,PG,-2.579400,150.807999,Pacific/Port_Moresby
KVK,XLMK,Kirovsk-Apatity Airport,small_airport,Apatity,RU,67.462851,33.585294,Europe/Moscow
KVL,PAVL,Kivalina Airport,small_airport,Kivalina,US,67.734565,-164.559917,America/Nome
KVM,UHMO,Markovo Airport,small_airport,Markovo,RU,64.665446,170.417626,Asia/Anadyr
KVO,LYKV,Morava Airport,medium_airport,Kraljevo,RS,43.817519,20.586662,Europe/Belgrade
KVX,USKK,Pobedilovo Airport,medium_airport,Kirov,RU,58.503883,49.347831,Europe/Kirov
KWA,PKWA,Bucholz Army Air Field,medium_airport,Kwajalein,MH,8.720120,167.731995,Pacific/Majuro
KWB,WAHU,Dewadaru Airport,small_airport,Karimunjawa,ID,-5.800910,110.478380,Asia/Jakarta
KWE,ZUGY,Guiyang Longdongbao International Airport,large_airport,Guiyang (Nanming),CN,26.541805,106.804020,Asia/Shanghai
KWI,OKKK,Kuwait International Airport,large_airport,Kuwait City,KW,29.224487,47.969813,Asia/Kuwait
KWJ,RKJJ,Gwangju Airport,medium_airport,Gwangju,KR,35.123173,126.805444,Asia/Seoul
KWK,PAGG,Kwigillingok Airport,small_airport,Kwigillingok,US,59.876499,-163.169005,America/Nome
KWL,ZGKL,Guilin Liangjiang International Airport,large_airport,Guilin (Lingui),CN,25.219828,110.039553,Asia/Shanghai
KWM,YKOW,Kowanyama Airport,medium_airport,Kowanyama,AU,-15.485369,141.752572,Australia/Brisbane
KWN,PAQH,Quinhagak Airport,small_airport,Quinhagak,US,59.755100,-161.845000,America/Anchorage
KWT,PFKW,Kwethluk Airport,small_airport,Kwethluk,US,60.790298,-161.444000,America/Nome
KWZ,FZQM,Kolwezi Airport,medium_airport,Kolwezi,CD,-10.765900,25.505699,Africa/Lubumbashi
KXB,WAWP,Sangia Nibandera Airport,medium_airport,Kolaka,ID,-4.338158,121.524047,Asia/Makassar
KXF,NFNO,Koro Island Airport,small_airport,Koro Island,FJ,-17.345800,179.421997,Pacific/Fiji
KXK,UHKK,Komsomolsk-on-Amur Airport,medium_airport,Komsomolsk-on-Amur,RU,50.409000,136.934006,Asia/Vladivostok
KXO,HUKI,Kisoro Airport,small_airport,Kisoro,UG,-1.283700,29.719700,Africa/Kampala
KYA,LTAN,Konya Airport,large_airport,Konya,TR,37.979000,32.561901,Europe/Istanbul
KYD,RCLY,Lanyu Airport,medium_airport,Orchid Island,TW,22.027000,121.535004,Asia/Taipei
KYK,PAKY,Karluk Airport,small_airport,Karluk,US,57.565919,-154.453762,America/Anchorage
KYP,VYKP,Kyaukpyu Airport,medium_airport,Kyaukpyu,MM,19.426399,93.534798,Asia/Yangon
KYS,GAKD,Kayes Dag Dag Airport,medium_airport,Kayes,ML,14.482521,-11.399335,Africa/Bamako
KYU,PFKU,Koyukuk Airport,small_airport,Koyukuk,US,64.876099,-157.727005,America/Anchorage
KYZ,UNKY,Kyzyl Airport,medium_airport,Kyzyl,RU,51.669399,94.400597,Asia/Krasnoyarsk
KZI,LGKZ,Kozani National Airport Filippos,medium_airport,Kozani,GR,40.286098,21.840799,Europe/Athens
KZN,UWKD,Kazan International Airport,large_airport,Kazan,RU,55.606201,49.278702,Europe/Moscow
KZO,UAOO,Korkyt Ata International Airport,large_airport,Kyzylorda,KZ,44.706902,65.592499,Asia/Qyzylorda
KZR,LTBZ,Zafer Airport,medium_airport,Altıntaş,TR,39.111107,30.130405,Europe/Istanbul
KZS,LGKJ,Kastelorizo Airport,small_airport,Kastelorizo Island,GR,36.141701,29.576401,Europe/Istanbul
LAD,FNLU,Quatro de Fevereiro International Airport,large_airport,Luanda,AO,-8.858370,13.231200,Africa/Luanda
LAE,AYNZ,Nadzab Tomodachi International Airport,large_airport,Lae,PG,-6.567995,146.726544,Pacific/Port_Moresby
LAF,KLAF,Purdue University Airport,medium_airport,West Lafayette,US,40.412875,-86.939363,America/Indiana/Indianapolis
LAJ,SBLJ,Lages Airport,medium_airport,Lages,BR,-27.782101,-50.281502,America/Sao_Paulo
LAK,CYKD,Aklavik/Freddie Carmichael Airport,small_airport,Aklavik,CA,68.223297,-135.005990,America/Inuvik
LAL,KLAL,Lakeland Linder International Airport,medium_airport,Lakeland,US,27.989267,-82.020715,America/New_York
LAN,KLAN,Capital Region International Airport,medium_airport,Lansing,US,42.777582,-84.585721,America/Detroit
LAO,RPLI,Laoag International Airport,large_airport,Laoag City,PH,18.175089,120.531006,Asia/Manila
LAP,MMLP,Manuel Márquez de León International Airport,medium_airport,La Paz,MX,24.072331,-110.362662,America/Mazatlan
LAQ,HLLQ,Al Abraq International Airport,large_airport,Al Albraq,LY,32.789036,21.954864,Africa/Tripoli
LAR,KLAR,Laramie Regional Airport,medium_airport,Laramie,US,41.312099,-105.675003,America/Denver
LAS,KLAS,Harry Reid International Airport,large_airport,Las Vegas,US,36.083361,-115.151817,America/Los_Angeles
LAU,HKLU,Manda Airport,medium_airport,Lamu,KE,-2.252431,40.912892,Africa/Nairobi
LAW,KLAW,Lawton Fort Sill Regional Airport,medium_airport,Lawton,US,34.567699,-98.416603,America/Chicago
LAX,KLAX,Los Angeles International Airport,large_airport,Los Angeles,US,33.942501,-118.407997,America/Los_Angeles
LBA,EGNM,Leeds Bradford Airport,large_airport,"Leeds, West Yorkshire",GB,53.865898,-1.660570,Europe/London
LBB,KLBB,Lubbock Preston Smith International Airport,medium_airport,Lubbock,US,33.663601,-101.822998,America/Chicago
LBC,EDHL,Lübeck Blankensee Airport,medium_airport,Lübeck,DE,53.805401,10.719200,Europe/Berlin
LBD,UTDL,Khujand International Airport,large_airport,Khujand,TJ,40.215401,69.694702,Asia/Dushanbe
LBE,KLBE,Arnold Palmer Regional Airport,medium_airport,Latrobe,US,40.275902,-79.404800,America/New_York
LBF,KLBF,North Platte Regional Airport Lee Bird Field,medium_airport,North Platte,US,41.126202,-100.683998,America/Chicago
LBJ,WATO,Komodo Airport,small_airport,"Labuan Bajo, Manggarai Barat",ID,-8.480694,119.888306,Asia/Makassar
LBL,KLBL,Liberal Mid-America Regional Airport,medium_airport,Liberal,US,37.044201,-100.959999,America/Chicago
LBP,,Long Banga Airport,small_airport,Long Banga,MY,3.202138,115.401811,Asia/Makassar
LBR,SWLB,Lábrea Airport,small_airport,Lábrea,BR,-7.278970,-64.769501,America/Manaus
LBS,NFNL,Labasa Airport,medium_airport,Labasa,FJ,-16.466700,179.339996,Pacific/Fiji
LBU,WBKL,Labuan Airport,medium_airport,Labuan,MY,5.301667,115.248333,Asia/Kuching
LBV,FOOL,Libreville Leon M'ba International Airport,large_airport,Libreville,GA,0.458951,9.412140,Africa/Libreville
LBW,WAQJ,Yuvai Semaring Airport,small_airport,Long Bawan,ID,3.900495,115.690089,Asia/Kuching
LCA,LCLK,Larnaca International Airport,large_airport,Larnaca,CY,34.875099,33.624901,Asia/Nicosia
LCE,MHLC,Golosón International Airport,medium_airport,La Ceiba,HN,15.742500,-86.852997,America/Tegucigalpa
LCG,LECO,A Coruña Airport,medium_airport,Culleredo,ES,43.302101,-8.377260,Europe/Madrid
LCH,KLCH,Lake Charles Regional Airport,medium_airport,Lake Charles,US,30.126101,-93.223297,America/Chicago
LCJ,EPLL,Łódź Władysław Reymont Airport,large_airport,Łódź,PL,51.721901,19.398100,Europe/Warsaw
LCK,KLCK,Rickenbacker International Airport,medium_airport,Columbus,US,39.813801,-82.927803,America/New_York
LCR,SKHZ,Virgilio Barco Vargas (La Chorrera) Airport,small_airport,La Chorrera,CO,-1.456361,-72.801086,America/Bogota
LCX,ZSLO,Liancheng Guanzhishan Airport,medium_airport,Longyan (Liancheng),CN,25.675920,116.745907,Asia/Shanghai
LCY,EGLC,London City Airport,medium_airport,London,GB,51.505299,0.055278,Europe/London
LDB,SBLO,Governor José Richa Airport,medium_airport,Londrina,BR,-23.334375,-51.128365,America/Sao_Paulo
LDE,LFBT,Tarbes-Lourdes-Pyrénées Airport,medium_airport,Tarbes/Lourdes/Pyrénées,FR,43.178699,-0.006439,Europe/Paris
LDG,ULAL,Leshukonskoye Airport,small_airport,Leshukonskoye,RU,64.896004,45.723000,Europe/Moscow
LDH,YLHI,Lord Howe Island Airport,small_airport,Lord Howe Island,AU,-31.538204,159.075460,Australia/Lord_Howe
LDS,ZYLD,Yichun Lindu Airport,medium_airport,Yichun,CN,47.752056,129.019125,Asia/Shanghai
LDU,WBKD,Lahad Datu Airport,medium_airport,Lahad Datu,MY,5.032410,118.323760,Asia/Kuching
LDX,SOOM,Saint-Laurent-du-Maroni Airport,medium_airport,Saint-Laurent-du-Maroni,GF,5.481891,-54.034964,America/Cayenne
LDY,EGAE,City of Derry Airport,medium_airport,"Derry, Derry and Strabane",GB,55.042801,-7.161110,Europe/London
LEA,YPLM,Learmonth Airport,medium_airport,Exmouth,AU,-22.235201,114.090024,Australia/Perth
LEB,KLEB,Lebanon Municipal Airport,medium_airport,Lebanon,US,43.626099,-72.304199,America/New_York
LEC,SBLE,Coronel Horácio de Mattos Airport,small_airport,Lençóis,BR,-12.482300,-41.277000,America/Bahia
LED,ULLI,Pulkovo Airport,large_airport,St. Petersburg,RU,59.800301,30.262501,Europe/Moscow
LEI,LEAM,Almería Airport,medium_airport,Almería,ES,36.843899,-2.370100,Europe/Madrid
LEJ,EDDP,Leipzig/Halle Airport,large_airport,Schkeuditz,DE,51.420657,12.232705,Europe/Berlin
LEL,YLEV,Lake Evella Airport,small_airport,,AU,-12.498900,135.806000,Australia/Darwin
LEN,LELN,León Airport,medium_airport,La Virgen del Camino,ES,42.590709,-5.653406,Europe/Madrid
LEQ,EGHC,Land's End Airport,small_airport,"Land's End, Cornwall",GB,50.102798,-5.670560,Europe/London
LER,YLST,Leinster Airport,medium_airport,,AU,-27.843300,120.703003,Australia/Perth
LET,SKLT,Alfredo Vásquez Cobo International Airport,medium_airport,Leticia,CO,-4.191147,-69.942003,America/Eirunepe
LEU,LESU,Pirineus - la Seu d'Urgel Airport,medium_airport,La Seu d'Urgell Pyrenees and Andorra,ES,42.338600,1.409170,Europe/Madrid
LEV,NFNB,Levuka Airfield,small_airport,Bureta,FJ,-17.711100,178.759003,Pacific/Fiji
LEX,KLEX,Blue Grass Airport,medium_airport,Lexington,US,38.035066,-84.606738,America/New_York
LFM,OISR,Lamerd Airport,medium_airport,Lamerd,IR,27.372700,53.188801,Asia/Tehran
LFQ,ZBLF,Linfen Yaodu Airport,medium_airport,Linfen (Yaodu),CN,36.132629,111.641236,Asia/Shanghai
LFT,KLFT,Lafayette Regional Airport,medium_airport,Lafayette,US,30.205299,-91.987602,America/Chicago
LFW,DXXX,Lomé–Tokoin International Airport,large_airport,Lomé,TG,6.165610,1.254510,Africa/Lome
LGA,KLGA,LaGuardia Airport,large_airport,New York,US,40.777199,-73.872597,America/New_York
LGB,KLGB,Long Beach International Airport,large_airport,Long Beach,US,33.816523,-118.149891,America/Los_Angeles
LGG,EBLG,Liège Airport,medium_airport,Grâce-Hollogne,BE,50.638574,5.443897,Europe/Brussels
LGI,MYLD,Deadman's Cay Airport,medium_airport,Deadman's Cay,BS,23.179001,-75.093597,America/Nassau
LGK,WMKL,Langkawi International Airport,large_airport,Langkawi,MY,6.329730,99.728699,Asia/Kuala_Lumpur
LGL,WBGF,Long Lellang Airport,small_airport,Long Datih,MY,3.421000,115.153999,Asia/Makassar
LGW,EGKK,London Gatwick Airport,large_airport,London,GB,51.148744,-0.185739,Europe/London
LGZ,ZUSH,Shannan Longzi Airport,small_airport,Shannan,CN,28.422422,92.348082,Asia/Shanghai
LHE,OPLA,Allama Iqbal International Airport,large_airport,Lahore,PK,31.521601,74.403603,Asia/Karachi
LHG,YLRD,Lightning Ridge Airport,medium_airport,,AU,-29.452857,147.977146,Australia/Sydney
LHL,UBLC,Lachin International Airport,medium_airport,Lachin,AZ,39.883787,46.363137,Asia/Baku
LHR,EGLL,London Heathrow Airport,large_airport,London,GB,51.470748,-0.459909,Europe/London
LHS,SAVH,Las Heras Airport,medium_airport,Las Heras,AR,-46.538517,-68.965323,America/Argentina/Rio_Gallegos
LHW,ZLLL,Lanzhou Zhongchuan International Airport,large_airport,Lanzhou (Yongdeng),CN,36.515202,103.620003,Asia/Shanghai
LIF,NWWL,Lifou Airport,medium_airport,Lifou,NC,-20.774563,167.239328,Pacific/Noumea
LIG,LFBL,Limoges Airport,medium_airport,Limoges/Bellegarde,FR,45.862801,1.179440,Europe/Paris
LIH,PHLI,Lihue Airport,large_airport,"Lihue, Kauai",US,21.974393,-159.337146,Pacific/Honolulu
LIK,,Likiep Airport,small_airport,Likiep Island,MH,9.823160,169.307999,Pacific/Majuro
LIL,LFQQ,Lille Airport,large_airport,Lesquin,FR,50.566564,3.102429,Europe/Paris
LIM,SPJC,Jorge Chávez International Airport,large_airport,Lima,PE,-12.021900,-77.114305,America/Lima
LIN,LIML,Milano Linate Airport,large_airport,Segrate (MI),IT,45.445099,9.276740,Europe/Rome
LIO,MRLM,Limón International Airport,medium_airport,Limón,CR,9.957960,-83.022003,America/Costa_Rica
LIR,MRLB,Daniel Oduber Quirós International Airport,large_airport,Liberia,CR,10.593300,-85.544403,America/Costa_Rica
LIS,LPPT,Lisbon Humberto Delgado Airport,large_airport,Lisbon,PT,38.781300,-9.135920,Europe/Lisbon
LIT,KLIT,Bill & Hillary Clinton National Airport/Adams Field,medium_airport,Little Rock,US,34.729222,-92.223591,America/Chicago
LIW,VYLK,Loikaw Airport,medium_airport,Loikaw,MM,19.691500,97.214798,Asia/Yangon
LJG,ZPLJ,Lijiang Sanyi International Airport,large_airport,Lijiang,CN,26.677483,100.244944,Asia/Shanghai
LJU,LJLJ,Ljubljana Jože Pučnik Airport,large_airport,Zgornji Brnik,SI,46.223701,14.457600,Europe/Ljubljana
LKA,WATL,Larantuka Gewayentana Airport,small_airport,Tiwatobi,ID,-8.274424,123.002000,Asia/Makassar
LKB,NFNK,Lakeba Island Airport,small_airport,Lakeba Island,FJ,-18.199200,-178.817001,Pacific/Fiji
LKI,WIML,Lasikin Airport,small_airport,Lubang,ID,2.411328,96.327722,Asia/Jakarta
LKL,ENNA,"Lakselv Airport, Banak",medium_airport,Lakselv,NO,70.068802,24.973499,Europe/Oslo
LKM,WAMI,Bolaang Mongondow Airport,small_airport,Lolak,ID,0.888550,124.033634,Asia/Makassar
LKN,ENLK,Leknes Airport,medium_airport,Leknes,NO,68.152496,13.609400,Europe/Oslo
LKO,VILK,Chaudhary Charan Singh International Airport,large_airport,Lucknow,IN,26.760599,80.889297,Asia/Kolkata
LLA,ESPA,Luleå Airport,large_airport,Luleå,SE,65.543800,22.122000,Europe/Stockholm
LLB,ZULB,Libo Airport,small_airport,Qiannan (Libo),CN,25.452500,107.961667,Asia/Shanghai
LLF,ZGLG,Yongzhou Lingling Airport,medium_airport,Yongzhou,CN,26.338661,111.610043,Asia/Shanghai
LLK,UBBL,Lankaran International Airport,small_airport,Lankaran,AZ,38.757919,48.807042,Asia/Baku
LLO,WAFD,Bua - Palopo Lagaligo Airport,small_airport,Palopo,ID,-3.082270,120.244823,Asia/Makassar
LLV,ZBLL,Lüliang Dawu Airport,medium_airport,Lüliang,CN,37.683333,111.142778,Asia/Shanghai
LLW,FWKI,Kamuzu International Airport,large_airport,Lumbadzi,MW,-13.789400,33.780998,Africa/Blantyre
LMA,PAMH,Minchumina Airport,small_airport,Minchumina,US,63.886002,-152.302002,America/Anchorage
LMC,SKNA,La Macarena Airport,small_airport,La Macarena,CO,2.175650,-73.786740,America/Bogota
LMM,MMLM,Valle del Fuerte International Airport,medium_airport,Los Mochis,MX,25.685503,-109.081159,America/Mazatlan
LMN,WBGJ,Limbang Airport,medium_airport,Limbang,MY,4.808300,115.010002,Asia/Kuching
LMP,LICD,Lampedusa Airport,medium_airport,Lampedusa,IT,35.497898,12.618100,Africa/Tunis
LMY,AYLM,Lake Murray Airport,small_airport,Lake Murray,PG,-7.009920,141.494003,Pacific/Port_Moresby
LNB,NVSM,Lamen Bay Airport,small_airport,Lamen Bay,VU,-16.584200,168.158997,Pacific/Efate
LNE,NVSO,Lonorore Airport,small_airport,Lonorore,VU,-15.865600,168.171997,Pacific/Efate
LNJ,ZPLC,Lincang Boshang Airport,medium_airport,Lincang,CN,23.738100,100.025002,Asia/Shanghai
LNK,KLNK,Lincoln Airport,medium_airport,Lincoln,US,40.844882,-96.761780,America/Chicago
LNL,ZLLN,Longnan Chengzhou Airport,medium_airport,Longnan (Cheng),CN,33.789918,105.790014,Asia/Shanghai
LNO,YLEO,Leonora Airport,medium_airport,Leonora,AU,-28.878099,121.315002,Australia/Perth
LNS,KLNS,Lancaster Airport,medium_airport,Lancaster,US,40.121700,-76.296097,America/New_York
LNU,WAQM,Robert Atty Bessing,small_airport,Malinau,ID,3.575256,116.619769,Asia/Makassar
LNV,AYKY,Londolovit Airport,small_airport,Londolovit,PG,-3.043610,152.628998,Pacific/Port_Moresby
LNY,PHNY,Lanai Airport,medium_airport,Lanai City,US,20.785675,-156.951324,Pacific/Honolulu
LNZ,LOWL,Linz-Hörsching Airport,large_airport,Linz,AT,48.235362,14.188128,Europe/Vienna
LOD,NVSG,Longana Airport,small_airport,Longana,VU,-15.306700,167.966995,Pacific/Efate
LOE,VTUL,Loei Airport,medium_airport,,TH,17.439100,101.722000,Asia/Bangkok
LOH,SECA,Ciudad de Catamayo Airport,small_airport,La Toma (Catamayo),EC,-3.995606,-79.371902,America/Guayaquil
LOO,DAUL,Laghouat - Molay Ahmed Medeghri Airport,medium_airport,Laghouat,DZ,33.764400,2.928340,Africa/Algiers
LOP,WADL,Lombok International Airport,large_airport,"Mataram (Pujut, Lombok Tengah)",ID,-8.759962,116.278169,Asia/Makassar
LOS,DNMM,Murtala Muhammed International Airport,large_airport,Lagos,NG,6.577370,3.321160,Africa/Lagos
LPA,GCLP,Gran Canaria Airport,large_airport,Gran Canaria Island,ES,27.931900,-15.386600,Atlantic/Canary
LPB,SLLP,El Alto International Airport,large_airport,La Paz / El Alto,BO,-16.510272,-68.189416,America/La_Paz
LPD,SKLP,La Pedrera Airport,small_airport,La Pedrera,CO,-1.324882,-69.581294,America/Bogota
LPF,ZUPS,Liupanshui Yuezhao Airport,medium_airport,Liupanshui (Zhongshan),CN,26.609417,104.979000,Asia/Shanghai
LPI,ESSL,Linköping City Airport,large_airport,Linköping,SE,58.404909,15.684499,Europe/Stockholm
LPL,EGGP,Liverpool John Lennon Airport,large_airport,Liverpool,GB,53.334863,-2.849637,Europe/London
LPM,NVSL,Lamap Airport,small_airport,Lamap,VU,-16.461123,167.829253,Pacific/Efate
LPP,EFLP,Lappeenranta Airport,large_airport,Lappeenranta,FI,61.044601,28.144743,Europe/Helsinki
LPQ,VLLB,Luang Phabang International Airport,large_airport,Luang Phabang,LA,19.904273,102.167191,Asia/Vientiane
LPS,,Lopez Island Airport,small_airport,Lopez,US,48.483898,-122.938004,America/Los_Angeles
LPT,VTCL,Lampang Airport,medium_airport,,TH,18.270901,99.504204,Asia/Bangkok
LPU,WAQL,Long Apung Airport,small_airport,Long Apung-Borneo Island,ID,1.706932,114.969934,Asia/Makassar
LPY,LFHP,Le Puy-Loudes Airfield,small_airport,"Chaspuzac, Haute-Loire",FR,45.080700,3.762890,Europe/Paris
LQM,SKLG,Caucaya Airport,small_airport,Puerto Leguízamo,CO,-0.182278,-74.770800,America/Bogota
LRD,KLRD,Laredo International Airport,medium_airport,Laredo,US,27.543800,-99.461601,America/Chicago
LRE,YLRE,Longreach Airport,medium_airport,Longreach,AU,-23.432020,144.277492,Australia/Brisbane
LRH,LFBH,La Rochelle Île de Ré Airport,medium_airport,La Rochelle,FR,46.179199,-1.195280,Europe/Paris
LRM,MDLR,Casa De Campo International Airport,large_airport,La Romana,DO,18.452222,-68.911111,America/Santo_Domingo
LRR,OISL,Lar Airport,medium_airport,Lar,IR,27.674700,54.383301,Asia/Tehran
LRS,LGLE,Leros Airport,small_airport,Leros Island,GR,37.184898,26.800301,Europe/Athens
LRU,KLRU,Las Cruces International Airport,medium_airport,Las Cruces,US,32.289398,-106.921997,America/Denver
LRV,SVRS,Los Roques Airport,small_airport,Gran Roque Island,VE,11.946935,-66.668333,America/Caracas
LSA,AYKA,Losuia Airport,small_airport,Losuia,PG,-8.505820,151.080994,Pacific/Port_Moresby
LSC,SCSE,La Florida Airport,medium_airport,La Serena-Coquimbo,CL,-29.916201,-71.199501,America/Santiago
LSE,KLSE,La Crosse Regional Airport,medium_airport,La Crosse,US,43.879002,-91.256699,America/Chicago
LSG,,Leshan Airport,medium_airport,Leshan (Wutongqiao),CN,29.438627,103.749218,Asia/Shanghai
LSH,VYLS,Lashio Airport,medium_airport,Lashio,MM,22.977900,97.752197,Asia/Yangon
LSI,EGPB,Sumburgh Airport,medium_airport,"Lerwick, Shetland",GB,59.878899,-1.295560,Europe/London
LSP,SVJC,Josefa Camejo International Airport,medium_airport,Paraguaná,VE,11.780775,-70.151497,America/Caracas
LSR,WIMU,Alas Leuser Airport,medium_airport,Kutacane,ID,3.391456,97.863726,Asia/Jakarta
LST,YMLT,Launceston Airport,medium_airport,Launceston (Western Junction),AU,-41.544935,147.210785,Australia/Hobart
LSW,WIMA,Malikus Saleh Airport,small_airport,Lhok Seumawe-Sumatra Island,ID,5.226680,96.950302,Asia/Jakarta
LSY,YLIS,Lismore Airport,medium_airport,Lismore,AU,-28.830689,153.258419,Australia/Sydney
LTD,HLTD,Ghadames Airport,medium_airport,Ghadames,LY,30.145484,9.702095,Africa/Tripoli
LTI,ZMAT,Altai Airport,medium_airport,Altai,MN,46.376400,96.221100,Asia/Ulaanbaatar
LTK,OSLK,Latakia International Airport,medium_airport,Latakia,SY,35.401100,35.948700,Asia/Damascus
LTM,SYLT,Lethem Airport,medium_airport,Lethem,GY,3.372760,-59.789398,America/Guyana
LTN,EGGW,London Luton Airport,large_airport,"Luton, Luton",GB,51.874699,-0.368333,Europe/London
LTO,MMLT,Loreto International Airport,large_airport,Loreto,MX,25.989549,-111.348408,America/Mazatlan
LTT,LFTZ,La Môle Airport,small_airport,Saint-Tropez,FR,43.205399,6.482000,Europe/Paris
LTU,VALT,Murod Kond Airport,medium_airport,Latur,IN,18.411501,76.464699,Asia/Kolkata
LTX,SELT,Cotopaxi International Airport,medium_airport,Latacunga,EC,-0.906833,-78.615799,America/Guayaquil
LUA,VNLK,Tenzing-Hillary Airport,medium_airport,Lukla,NP,27.686768,86.729479,Asia/Kathmandu
LUD,FYLZ,Luderitz Airport,medium_airport,Luderitz,NA,-26.687401,15.242900,Africa/Windhoek
LUG,LSZA,Lugano Airport,medium_airport,Agno,CH,46.004299,8.910580,Europe/Zurich
LUK,KLUK,Cincinnati Municipal Airport Lunken Field,medium_airport,Cincinnati,US,39.102357,-84.418945,America/New_York
LUM,ZPMS,Dehong Mangshi International Airport,medium_airport,Dehong (Mangshi),CN,24.401100,98.531700,Asia/Shanghai
LUN,FLKK,Kenneth Kaunda International Airport,large_airport,Lusaka,ZM,-15.330833,28.452722,Africa/Lusaka
LUP,PHLU,Kalaupapa Airport,small_airport,Kalaupapa,US,21.211000,-156.973999,Pacific/Honolulu
LUQ,SAOU,Brigadier Mayor D Cesar Raul Ojeda Airport,medium_airport,San Luis,AR,-33.273201,-66.356400,America/Argentina/San_Luis
LUR,PALU,Cape Lisburne LRRS Airport,medium_airport,Cape Lisburne,US,68.875099,-166.110001,America/Nome
LUV,WAPF,Karel Sadsuitubun Airport,medium_airport,Langgur,ID,-5.760278,132.759444,Asia/Jayapura
LUX,ELLX,Luxembourg-Findel International Airport,large_airport,Luxembourg,LU,49.626845,6.212134,Europe/Luxembourg
LUZ,EPLB,Lublin Airport,large_airport,Lublin,PL,51.240157,22.713461,Europe/Warsaw
LVI,FLHN,Harry Mwanga Nkumbula International Airport,large_airport,Livingstone,ZM,-17.821524,25.819642,Africa/Lusaka
LVO,YLTN,Laverton Airport,small_airport,Laverton,AU,-28.614267,122.428673,Australia/Perth
LWB,KLWB,Greenbrier Valley Airport,medium_airport,Lewisburg,US,37.857914,-80.400438,America/New_York
LWK,EGET,Lerwick / Tingwall Airport,small_airport,"Lerwick, Shetland Islands",GB,60.192200,-1.243610,Europe/London
LWN,UDSG,Shirak International Airport,large_airport,Gyumri,AM,40.750401,43.859299,Asia/Yerevan
LWS,KLWS,Lewiston Nez Perce County Airport,medium_airport,Lewiston,US,46.374500,-117.014999,America/Los_Angeles
LWY,WBGW,Lawas Airport,small_airport,Lawas,MY,4.849170,115.407997,Asia/Kuching
LXA,ZULS,Lhasa Gonggar International Airport,large_airport,Shannan (Gonggar),CN,29.298001,90.911951,Asia/Shanghai
LXG,VLLN,Luang Namtha Airport,small_airport,Luang Namtha,LA,20.966999,101.400002,Asia/Vientiane
LXR,HELX,Luxor International Airport,large_airport,Luxor,EG,25.671018,32.706446,Africa/Cairo
LXS,LGLM,Limnos Airport,small_airport,Limnos Island,GR,39.917099,25.236300,Europe/Athens
LYA,ZHLY,Luoyang Beijiao Airport,large_airport,Luoyang (Laocheng),CN,34.741100,112.388000,Asia/Shanghai
LYC,ESNL,Lycksele Airport,medium_airport,Lycksele,SE,64.548302,18.716200,Europe/Stockholm
LYG,ZSLG,Lianyungang Huaguoshan International Airport,large_airport,Lianyungang,CN,34.414060,119.178990,Asia/Shanghai
LYH,KLYH,Lynchburg Regional Airport - Preston Glenn Field,medium_airport,Lynchburg,US,37.326698,-79.200401,America/New_York
LYI,ZSLY,Linyi Qiyang Airport,medium_airport,Linyi (Hedong),CN,35.052918,118.411828,Asia/Shanghai
LYP,OPFA,Faisalabad International Airport,large_airport,Faisalabad,PK,31.364923,72.995319,Asia/Karachi
LYR,ENSB,"Svalbard Airport, Longyear",medium_airport,Longyearbyen,NO,78.246101,15.465600,Arctic/Longyearbyen
LYS,LFLL,Lyon Saint-Exupéry Airport,large_airport,"Colombier-Saugnieu, Rhône",FR,45.725996,5.090139,Europe/Paris
LZG,ZULA,Langzhong Gucheng Airport,medium_airport,Nanchong (Langzhong),CN,31.501910,106.034417,Asia/Shanghai
LZH,ZGZH,Liuzhou Bailian Airport / Bailian Air Base,medium_airport,Liuzhou (Liujiang),CN,24.207500,109.390999,Asia/Shanghai
LZN,RCFG,Matsu Nangan Airport,medium_airport,Matsu (Nangan),TW,26.159656,119.958376,Asia/Shanghai
LZO,ZULZ,Luzhou Yunlong Airport,medium_airport,Luzhou (Yunlong),CN,29.030357,105.468407,Asia/Shanghai
LZY,ZUNZ,Nyingchi Mainling Airport,medium_airport,Nyingchi (Mainling),CN,29.303301,94.335297,Asia/Kolkata
MAA,VOMM,Chennai International Airport,large_airport,Chennai,IN,12.990005,80.169296,Asia/Kolkata
MAB,SBMA,João Correa da Rocha Airport,medium_airport,Marabá,BR,-5.368590,-49.138000,America/Belem
MAD,LEMD,Adolfo Suárez Madrid–Barajas Airport,large_airport,Madrid,ES,40.493407,-3.572249,Europe/Madrid
MAF,KMAF,Midland International Air and Space Port,medium_airport,Midland,US,31.942499,-102.202003,America/Chicago
MAG,AYMD,Madang Airport,medium_airport,Madang,PG,-5.207080,145.789001,Pacific/Port_Moresby
MAH,LEMH,Menorca Airport,large_airport,Mahón (Maó),ES,39.862598,4.218650,Europe/Madrid
MAJ,PKMJ,Marshall Islands International Airport,large_airport,Majuro Atoll,MH,7.065110,171.271656,Pacific/Majuro
MAK,HSSM,Malakal International Airport,medium_airport,Malakal,SS,9.558739,31.651937,Africa/Khartoum
MAM,MMMA,General Servando Canales International Airport,medium_airport,Matamoros,MX,25.769899,-97.525299,America/Matamoros
MAN,EGCC,Manchester Airport,large_airport,"Manchester, Greater Manchester",GB,53.349375,-2.279521,Europe/London
MAO,SBEG,Eduardo Gomes International Airport,large_airport,Manaus,BR,-3.038610,-60.049702,America/Manaus
MAQ,VTPM,Mae Sot Airport,medium_airport,,TH,16.699900,98.545097,Asia/Bangkok
MAR,SVMC,La Chinita International Airport,large_airport,Maracaibo,VE,10.557542,-71.729307,America/Caracas
MAS,AYMO,Momote Airport,medium_airport,Manus Island,PG,-2.061890,147.423996,Pacific/Port_Moresby
MAU,NTTP,Maupiti Airport,medium_airport,,PF,-16.426500,-152.244003,Pacific/Tahiti
MAZ,TJMZ,Eugenio Maria De Hostos Airport,medium_airport,Mayaguez,PR,18.255699,-67.148499,America/Puerto_Rico
MBA,HKMO,Moi International Airport,large_airport,Mombasa,KE,-4.034830,39.594200,Africa/Nairobi
MBD,FAMM,Mmabatho International Airport,medium_airport,Mafeking,ZA,-25.798401,25.548000,Africa/Johannesburg
MBE,RJEB,Monbetsu Airport,medium_airport,Monbetsu,JP,44.303902,143.404007,Asia/Tokyo
MBI,HTGW,Songwe Airport,medium_airport,Mbeya,TZ,-8.919942,33.273981,Africa/Dar_es_Salaam
MBJ,MKJS,Sangster International Airport,large_airport,Montego Bay,JM,18.503420,-77.913230,America/Jamaica
MBL,KMBL,Manistee County Blacker Airport,small_airport,Manistee,US,44.272707,-86.246495,America/Detroit
MBS,KMBS,MBS International Airport,medium_airport,Freeland,US,43.533181,-84.083104,America/Detroit
MBT,RPVJ,Moises R. Espinosa Airport,medium_airport,Masbate,PH,12.369682,123.630095,Asia/Manila
MBW,YMMB,Melbourne Moorabbin Airport,medium_airport,Melbourne,AU,-37.977765,145.099799,Australia/Melbourne
MBX,LJMB,Maribor Edvard Rusjan Airport,medium_airport,Maribor,SI,46.479900,15.686100,Europe/Ljubljana
MCE,KMCE,Merced Regional Macready Field,medium_airport,Merced,US,37.284698,-120.514000,America/Los_Angeles
MCG,PAMC,McGrath Airport,medium_airport,McGrath,US,62.952900,-155.606003,America/Anchorage
MCI,KMCI,Kansas City International Airport,large_airport,Kansas City,US,39.301699,-94.713893,America/Chicago
MCK,KMCK,McCook Ben Nelson Regional Airport,medium_airport,McCook,US,40.207787,-100.592794,America/Chicago
MCN,KMCN,Middle Georgia Regional Airport,medium_airport,Macon,US,32.692799,-83.649200,America/New_York
MCO,KMCO,Orlando International Airport,large_airport,Orlando,US,28.429399,-81.308998,America/New_York
MCP,SBMQ,Macapá - Alberto Alcolumbre International Airport,medium_airport,Macapá,BR,0.050664,-51.072201,America/Belem
MCT,OOMS,Muscat International Airport,large_airport,Muscat/Seeb,OM,23.600218,58.285268,Asia/Muscat
MCV,YMHU,McArthur River Mine Airport,small_airport,McArthur River Mine,AU,-16.442499,136.084000,Australia/Darwin
MCW,KMCW,Mason City Municipal Airport,medium_airport,Mason City,US,43.159801,-93.329716,America/Chicago
MCX,URML,Makhachkala Uytash International Airport,large_airport,Makhachkala,RU,42.816799,47.652302,Europe/Moscow
MCY,YBSU,Sunshine Coast Airport,large_airport,Maroochydore,AU,-26.593324,153.083190,Australia/Brisbane
MCZ,SBMO,Zumbi dos Palmares International Airport,large_airport,Maceió,BR,-9.512559,-35.791839,America/Maceio
MDC,WAMM,Sam Ratulangi International Airport,large_airport,Manado,ID,1.548591,124.926250,Asia/Makassar
MDE,SKRG,Jose Maria Córdova International Airport,large_airport,Medellín,CO,6.164540,-75.423100,America/Bogota
MDG,ZYMD,Mudanjiang Hailang International Airport,medium_airport,Mudanjiang,CN,44.525172,129.568634,Asia/Shanghai
MDI,DNMK,Makurdi Airport,medium_airport,Makurdi,NG,7.703880,8.613940,Africa/Lagos
MDK,FZEA,Mbandaka Airport,medium_airport,Mbandaka,CD,0.022600,18.288700,Africa/Kinshasa
MDL,VYMD,Mandalay International Airport,large_airport,Mandalay,MM,21.702200,95.977898,Asia/Yangon
MDQ,SAZM,Ástor Piazzola International Airport,medium_airport,Mar del Plata,AR,-37.934200,-57.573300,America/Argentina/Buenos_Aires
MDT,KMDT,Harrisburg International Airport,medium_airport,Harrisburg,US,40.192838,-76.762333,America/New_York
MDU,AYMN,Mendi Airport,medium_airport,Mendi,PG,-6.147740,143.656998,Pacific/Port_Moresby
MDW,KMDW,Chicago Midway International Airport,large_airport,Chicago,US,41.785999,-87.752403,America/Chicago
MDZ,SAME,Governor Francisco Gabrielli International Airport,large_airport,Mendoza,AR,-32.831699,-68.792900,America/Argentina/Mendoza
MEB,YMEN,Melbourne Essendon Airport,medium_airport,Essendon Fields,AU,-37.728100,144.901993,Australia/Melbourne
MEC,SEMT,Eloy Alfaro International Airport,medium_airport,Manta,EC,-0.946078,-80.678802,America/Guayaquil
MED,OEMA,Prince Mohammad Bin Abdulaziz Airport,large_airport,Medina,SA,24.553400,39.705101,Asia/Riyadh
MEE,NWWR,Maré Airport,medium_airport,Maré,NC,-21.482438,168.038465,Pacific/Noumea
MEG,FNMA,Malanje Airport,medium_airport,Malanje,AO,-9.525090,16.312401,Africa/Luanda
MEH,ENMH,Mehamn Airport,medium_airport,Mehamn,NO,71.029701,27.826700,Europe/Oslo
MEI,KMEI,Key Field / Meridian Regional Airport,medium_airport,Meridian,US,32.332600,-88.751900,America/Chicago
MEL,YMML,Melbourne Airport,large_airport,Melbourne,AU,-37.670732,144.837898,Australia/Melbourne
MEM,KMEM,Frederick W. Smith International Airport,large_airport,Memphis,US,35.043845,-89.976340,America/Chicago
MEQ,WITC,Cut Nyak Dhien Airport,medium_airport,Kuala Pesisir,ID,4.040998,96.253312,Asia/Jakarta
MEX,MMMX,Mexico City Benito Juárez International Airport,large_airport,Mexico City,MX,19.435822,-99.070330,America/Mexico_City
MFA,HTMA,Mafia Airport,small_airport,Kilindoni,TZ,-7.917478,39.668502,Africa/Dar_es_Salaam
MFE,KMFE,McAllen Miller International Airport,medium_airport,McAllen,US,26.176141,-98.237965,America/Chicago
MFG,OPMF,Muzaffarabad Airport,small_airport,Muzaffarabad,PK,34.338835,73.508886,Asia/Karachi
MFJ,NFMO,Moala Airport,small_airport,Moala,FJ,-18.566700,179.951004,Pacific/Fiji
MFK,RCMT,Matsu Beigan Airport,medium_airport,Matsu (Beigan),TW,26.224140,120.002679,Asia/Shanghai
MFM,VMMC,Macau International Airport,large_airport,Nossa Senhora do Carmo,MO,22.149599,113.592003,Asia/Macau
MFR,KMFR,Rogue Valley International-Medford Airport,medium_airport,Medford,US,42.374199,-122.873001,America/Los_Angeles
MFU,FLMF,Mfuwe International Airport,large_airport,Mfuwe,ZM,-13.258900,31.936600,Africa/Lusaka
MGA,MNMG,Augusto C. Sandino (Managua) International Airport,large_airport,Managua,NI,12.141500,-86.168198,America/Managua
MGB,YMTG,Mount Gambier Airport,medium_airport,Mount Gambier,AU,-37.744382,140.780561,Australia/Adelaide
MGC,KMGC,Michigan City Municipal Airport,medium_airport,Michigan City,US,41.703300,-86.821198,America/Chicago
MGF,SBMG,Regional de Maringá - Sílvio Name Júnior Airport,medium_airport,Maringá,BR,-23.476060,-52.016187,America/Sao_Paulo
MGH,FAMG,Margate Airport,medium_airport,Margate,ZA,-30.857401,30.343000,Africa/Johannesburg
MGM,KMGM,Montgomery Regional (Dannelly Field) Airport,medium_airport,Montgomery,US,32.300598,-86.393997,America/Chicago
MGQ,HCMM,Aden Adde International Airport,large_airport,Mogadishu,SO,2.014440,45.304699,Africa/Mogadishu
MGT,YMGB,Milingimbi Airport,small_airport,Milingimbi Island,AU,-12.094400,134.893997,Australia/Darwin
MGW,KMGW,Morgantown Municipal Airport Walter L. (Bill) Hart Field,medium_airport,Morgantown,US,39.643305,-79.917598,America/New_York
MGZ,VYME,Myeik Airport,medium_airport,Mkeik,MM,12.439800,98.621498,Asia/Yangon
MHC,SCPQ,Mocopulli Airport,small_airport,Dalcahue,CL,-42.340388,-73.715693,America/Santiago
MHD,OIMM,Mashhad International Airport,large_airport,Mashhad,IR,36.234821,59.642949,Asia/Tehran
MHG,EDFM,Mannheim-City Airport,medium_airport,Mannheim,DE,49.473057,8.514167,Europe/Berlin
MHH,MYAM,Leonard M. Thompson International Airport,medium_airport,Marsh Harbour,BS,26.510711,-77.084262,America/Nassau
MHK,KMHK,Manhattan Regional Airport,medium_airport,Manhattan,US,39.140999,-96.670799,America/Chicago
MHM,AGOB,Manaoba Airport,small_airport,Manaoba,SB,-8.325008,160.800510,Pacific/Guadalcanal
MHQ,EFMA,Mariehamn Airport,medium_airport,Mariehamn,FI,60.122200,19.898199,Europe/Mariehamn
MHT,KMHT,Manchester-Boston Regional Airport,medium_airport,Manchester,US,42.932598,-71.435699,America/New_York
MHU,YHOT,Mount Hotham Airport,medium_airport,Mount Hotham,AU,-37.047501,147.334000,Australia/Melbourne
MHX,NCMH,Manihiki Island Airport,small_airport,Manihiki Island,CK,-10.380910,-160.999424,Pacific/Rarotonga
MIA,KMIA,Miami International Airport,large_airport,Miami,US,25.796011,-80.289751,America/New_York
MID,MMMD,Manuel Crescencio Rejón International Airport,large_airport,Mérida,MX,20.930485,-89.645462,America/Merida
MIG,ZUMY,Mianyang Nanjiao Airport,medium_airport,Mianyang (Fucheng),CN,31.428101,104.740997,Asia/Shanghai
MII,SBML,Frank Miloye Milenkowichi–Marília State Airport,medium_airport,Marília,BR,-22.196899,-49.926485,America/Sao_Paulo
MIJ,,Mili Island Airport,small_airport,Mili Island,MH,6.084754,171.731419,Pacific/Majuro
MIM,YMER,Merimbula Airport,medium_airport,Merimbula,AU,-36.908600,149.901001,Australia/Sydney
MIR,DTMB,Monastir Habib Bourguiba International Airport,medium_airport,Monastir,TN,35.758099,10.754700,Africa/Tunis
MIS,AYMS,Misima Island Airport,small_airport,Misima Island,PG,-10.689200,152.837997,Pacific/Port_Moresby
MIU,DNMA,Maiduguri International Airport,large_airport,Maiduguri,NG,11.854163,13.080702,Africa/Lagos
MJE,,Majkin Airport,small_airport,Majkin,MH,8.163362,168.173862,Pacific/Majuro
MJF,ENMS,"Mosjøen Airport, Kjærstad",medium_airport,Mosjøen,NO,65.783997,13.214900,Europe/Oslo
MJI,HLLM,Mitiga International Airport,large_airport,Tripoli,LY,32.891770,13.287878,Africa/Tripoli
MJK,YSHK,Shark Bay Airport,medium_airport,Denham,AU,-25.897294,113.575802,Australia/Perth
MJM,FZWA,Mbuji Mayi Airport,medium_airport,Mbuji Mayi,CD,-6.121240,23.569000,Africa/Lubumbashi
MJN,FMNM,Amborovy Airport,large_airport,Mahajanga,MG,-15.666842,46.351233,Indian/Antananarivo
MJT,LGMT,Mytilene International Airport,medium_airport,Mytilene,GR,39.057406,26.598629,Europe/Athens
MJY,UNIM,Motygino Airport,small_airport,Motygino,RU,58.180921,94.745272,Asia/Krasnoyarsk
MJZ,UERR,Mirny Airport,medium_airport,Mirny,RU,62.534698,114.039001,Asia/Yakutsk
MKE,KMKE,General Mitchell International Airport,large_airport,Milwaukee,US,42.947201,-87.896599,America/Chicago
MKG,KMKG,Muskegon County Airport,medium_airport,Muskegon,US,43.169498,-86.238197,America/Detroit
MKK,PHMK,Molokai Airport,medium_airport,Kaunakakai,US,21.152901,-157.095993,Pacific/Honolulu
MKL,KMKL,McKellar-Sipes Regional Airport,medium_airport,Jackson,US,35.599899,-88.915604,America/Chicago
MKM,WBGK,Mukah Airport,medium_airport,Mukah,MY,2.881944,112.043333,Asia/Kuching
MKP,NTGM,Makemo Airport,medium_airport,Makemo,PF,-16.583900,-143.658005,Pacific/Tahiti
MKQ,WAKK,Mopah International Airport,medium_airport,Merauke,ID,-8.523898,140.419693,Asia/Jayapura
MKR,YMEK,Meekatharra Airport,medium_airport,,AU,-26.611700,118.547997,Australia/Perth
MKU,FOOK,Makokou Airport,medium_airport,Makokou,GA,0.579211,12.890900,Africa/Libreville
MKW,WAUU,Rendani Airport,medium_airport,Manokwari,ID,-0.891833,134.048996,Asia/Jayapura
MKY,YBMK,Mackay Airport,medium_airport,Mackay,AU,-21.170816,149.182588,Australia/Brisbane
MKZ,WMKM,Malacca International Airport,medium_airport,Malacca,MY,2.265613,102.252778,Asia/Kuala_Lumpur
MLA,LMML,Malta International Airport,large_airport,Valletta,MT,35.845932,14.491546,Europe/Malta
MLB,KMLB,Melbourne Orlando International Airport,medium_airport,Melbourne,US,28.102009,-80.641088,America/New_York
MLE,VRMM,Velana International Airport,large_airport,Malé,MV,4.191830,73.529099,Indian/Maldives
MLG,WARA,Abdul Rachman Saleh Airport,medium_airport,Malang,ID,-7.929099,112.714233,Asia/Jakarta
MLI,KMLI,Quad City International Airport,medium_airport,Moline,US,41.448502,-90.507500,America/Chicago
MLL,PADM,Marshall Don Hunter Sr Airport,small_airport,Marshall,US,61.864300,-162.026001,America/Nome
MLM,MMMM,General Francisco J. Mujica International Airport,large_airport,Morelia,MX,19.849899,-101.025002,America/Mexico_City
MLN,GEML,Melilla Airport,medium_airport,Melilla,ES,35.279800,-2.956260,Africa/Ceuta
MLO,LGML,Milos Airport,small_airport,Milos Island,GR,36.696899,24.476900,Europe/Athens
MLU,KMLU,Monroe Regional Airport,medium_airport,Monroe,US,32.510899,-92.037697,America/Chicago
MLW,GLMR,Spriggs Payne Airport,medium_airport,Monrovia,LR,6.289060,-10.758700,Africa/Monrovia
MLX,LTAT,Malatya Erhaç Airport,medium_airport,Malatya,TR,38.435299,38.091000,Europe/Istanbul
MLY,PAML,Manley Hot Springs Airport,small_airport,Manley Hot Springs,US,64.991880,-150.644102,America/Anchorage
MMB,RJCM,Memanbetsu Airport,medium_airport,Ōzora,JP,43.880600,144.164001,Asia/Tokyo
MMD,ROMD,Minamidaito Airport,medium_airport,Minamidaito,JP,25.846500,131.263000,Asia/Tokyo
MME,EGNV,Teesside International Airport,medium_airport,"Darlington, Durham",GB,54.509201,-1.429410,Europe/London
MMG,YMOG,Mount Magnet Airport,medium_airport,,AU,-28.116100,117.842003,Australia/Perth
MMH,KMMH,Mammoth Yosemite Airport,medium_airport,Mammoth Lakes,US,37.625381,-118.843060,America/Los_Angeles
MMJ,RJAF,Shinshu-Matsumoto Airport,medium_airport,Matsumoto,JP,36.166801,137.923004,Asia/Tokyo
MMK,ULMM,Emperor Nicholas II Murmansk Airport,large_airport,Murmansk,RU,68.781700,32.750801,Europe/Moscow
MMO,GVMA,Maio Airport,medium_airport,Vila do Maio,CV,15.155900,-23.213699,Atlantic/Cape_Verde
MMX,ESMS,Malmö Sturup Airport,large_airport,Malmö,SE,55.535564,13.376327,Europe/Stockholm
MMY,ROMY,Miyako Airport,medium_airport,Miyakojima,JP,24.782801,125.294998,Asia/Tokyo
MNC,FQNC,Nacala International Airport,medium_airport,Nacala,MZ,-14.488200,40.712200,Africa/Maputo
MNF,NFMA,Mana Island Airport,small_airport,Mana Island,FJ,-17.672844,177.098500,Pacific/Fiji
MNG,YMGD,Maningrida Airport,medium_airport,Maningrida,AU,-12.056100,134.233994,Australia/Darwin
MNI,TRPG,John A. Osborne Airport,large_airport,Gerald's Park,MS,16.791835,-62.193204,America/Montserrat
MNJ,FMSM,Mananjary Airport,medium_airport,Mananjary,MG,-21.201799,48.358299,Indian/Antananarivo
MNL,RPLL,Ninoy Aquino International Airport,large_airport,Manila (Pasay),PH,14.508600,121.019997,Asia/Manila
MNT,,Minto Al Wright Airport,small_airport,Minto,US,65.147991,-149.368658,America/Anchorage
MNU,VYMM,Mawlamyine Airport,small_airport,Mawlamyine,MM,16.444700,97.660698,Asia/Yangon
MNX,SBMY,Manicoré Airport,medium_airport,Manicoré,BR,-5.811380,-61.278301,America/Manaus
MNY,AGGO,Mono Airport,small_airport,Stirling Island,SB,-7.416940,155.565002,Pacific/Bougainville
MOB,KMOB,Mobile Regional Airport,medium_airport,Mobile,US,30.691200,-88.242798,America/Chicago
MOC,SBMK,Mário Ribeiro Airport,medium_airport,Montes Claros,BR,-16.706919,-43.818901,America/Sao_Paulo
MOF,WATC,Frans Xavier Seda Airport,small_airport,Waioti,ID,-8.639514,122.238135,Asia/Makassar
MOG,VYMS,Mong Hsat Airport,medium_airport,Mong Hsat,MM,20.516800,99.256798,Asia/Yangon
MOH,WAFO,Maleo Airport,small_airport,Morowali,ID,-2.201143,121.662884,Asia/Makassar
MOI,NCMR,Mitiaro Island Airport,small_airport,Mitiaro Island,CK,-19.842501,-157.703003,Pacific/Rarotonga
MOJ,SMMO,Moengo Airstrip,small_airport,Moengo,SR,5.607600,-54.400300,America/Paramaribo
MOL,ENML,"Molde Airport, Årø",medium_airport,Årø,NO,62.744701,7.262500,Europe/Oslo
MOQ,FMMV,Morondava Airport,medium_airport,Morondava,MG,-20.284700,44.317600,Indian/Antananarivo
MOT,KMOT,Minot International Airport,medium_airport,Minot,US,48.258010,-101.279123,America/Chicago
MOU,PAMO,Mountain Village Airport,small_airport,Mountain Village,US,62.095402,-163.682007,America/Nome
MOV,YMRB,Moranbah Airport,medium_airport,Moranbah,AU,-22.057800,148.076996,Australia/Brisbane
MOZ,NTTM,Moorea Temae Airport,medium_airport,Moorea-Maiao,PF,-17.489790,-149.761777,Pacific/Tahiti
MPA,FYKM,Katima Mulilo Airport,medium_airport,Mpacha,NA,-17.634258,24.176688,Africa/Gaborone
MPC,WIPU,Muko Muko Airport,small_airport,Muko Muko,ID,-2.541058,101.087651,Asia/Jakarta
MPH,RPVE,Godofredo P. Ramos Airport,medium_airport,Caticlan,PH,11.924500,121.954002,Asia/Manila
MPL,LFMT,Montpellier-Méditerranée Airport,large_airport,Montpellier/Méditerranée,FR,43.576199,3.963010,Europe/Paris
MPM,FQMA,Maputo Airport,large_airport,Maputo,MZ,-25.920799,32.572601,Africa/Maputo
MPN,EGYP,Mount Pleasant Airport / RAF Mount Pleasant,medium_airport,Mount Pleasant,FK,-51.822642,-58.445777,Atlantic/Stanley
MPY,SOOA,Maripasoula Airport,medium_airport,Maripasoula,GF,3.655907,-54.039431,America/Cayenne
MQC,LFVM,Miquelon Airport,small_airport,Miquelon,PM,47.095501,-56.380299,America/St_Johns
MQF,USCM,Magnitogorsk International Airport,large_airport,Magnitogorsk,RU,53.391991,58.755235,Asia/Yekaterinburg
MQJ,UEMA,Moma Airport,medium_airport,Khonuu,RU,66.450861,143.261551,Asia/Srednekolymsk
MQL,YMIA,Mildura Airport,medium_airport,Mildura,AU,-34.229198,142.085999,Australia/Melbourne
MQM,LTCR,Mardin Airport,medium_airport,Mardin,TR,37.223301,40.631699,Europe/Istanbul
MQN,ENRA,"Mo i Rana Airport, Røssvoll",medium_airport,Mo i Rana,NO,66.363899,14.301400,Europe/Oslo
MQP,FAKN,Kruger Mpumalanga International Airport,large_airport,Mbombela,ZA,-25.383327,31.105325,Africa/Johannesburg
MQS,TVSM,Mustique Airport,medium_airport,Lovell,VC,12.887900,-61.180199,America/St_Vincent
MQT,KSAW,Marquette Sawyer Regional Airport,medium_airport,Gwinn,US,46.351498,-87.395884,America/Detroit
MQX,HAMK,Mekele Alula Aba Nega Airport,medium_airport,Mekele,ET,13.467400,39.533501,Africa/Addis_Ababa
MRA,HLMS,Misrata International Airport,small_airport,Misrata,LY,32.325001,15.061000,Africa/Tripoli
MRE,HKMS,Mara Serena Lodge Airstrip,medium_airport,Serena,KE,-1.404588,35.008349,Africa/Nairobi
MRI,PAMR,Merrill Field,medium_airport,Anchorage,US,61.212792,-149.843988,America/Anchorage
MRS,LFML,Marseille Provence Airport,large_airport,"Marignane, Bouches-du-Rhône",FR,43.438088,5.212500,Europe/Paris
MRU,FIMP,Sir Seewoosagur Ramgoolam International Airport,large_airport,Plaine Magnien,MU,-20.430201,57.683601,Indian/Mauritius
MRV,URMM,Mineralnye Vody Airport,large_airport,Mineralnyye Vody,RU,44.225101,43.081902,Europe/Moscow
MRX,OIAM,Mahshahr Airport,medium_airport,Mahshahr,IR,30.556200,49.151901,Asia/Tehran
MRY,KMRY,Monterey Regional Airport,medium_airport,Monterey,US,36.586777,-121.844183,America/Los_Angeles
MRZ,YMOR,Moree Airport,medium_airport,Moree,AU,-29.498899,149.845001,Australia/Sydney
MSA,CZMD,Muskrat Dam Airport,small_airport,Muskrat Dam,CA,53.441399,-91.762802,America/Winnipeg
MSJ,RJSM,Misawa Airport / Misawa Air Base,medium_airport,Misawa,JP,40.703201,141.367996,Asia/Tokyo
MSL,KMSL,Northwest Alabama Regional Airport,medium_airport,Muscle Shoals,US,34.745123,-87.612981,America/Chicago
MSN,KMSN,Dane County Regional Truax Field,medium_airport,Madison,US,43.139900,-89.337502,America/Chicago
MSO,KMSO,Missoula Montana Airport,medium_airport,Missoula,US,46.915816,-114.091107,America/Denver
MSP,KMSP,Minneapolis–Saint Paul International Airport / Wold–Chamberlain Field,large_airport,Minneapolis,US,44.880081,-93.221741,America/Chicago
MSQ,UMMS,Minsk National Airport,large_airport,Minsk,BY,53.888071,28.039964,Europe/Minsk
MSR,LTCK,Muş Airport,medium_airport,Muş,TR,38.747799,41.661201,Europe/Istanbul
MSS,KMSS,Massena International Airport Richards Field,medium_airport,Massena,US,44.936157,-74.844304,America/New_York
MST,EHBK,Maastricht Aachen Airport,large_airport,Maastricht,NL,50.911087,5.769401,Europe/Amsterdam
MSU,FXMM,Moshoeshoe I International Airport,large_airport,Maseru(Mazenod),LS,-29.456277,27.554456,Africa/Maseru
MSY,KMSY,Louis Armstrong New Orleans International Airport,large_airport,New Orleans,US,29.993401,-90.264673,America/Chicago
MSZ,FNMO,Welwitschia Mirabilis International Airport,medium_airport,Moçâmedes,AO,-15.261200,12.146800,Africa/Luanda
MTF,HAMT,Mizan Teferi Airport,small_airport,Mizan Teferi,ET,6.957100,35.554700,Africa/Addis_Ababa
MTJ,KMTJ,Montrose Regional Airport,medium_airport,Montrose,US,38.509800,-107.893997,America/Denver
MTP,KMTP,Montauk Airport,small_airport,Montauk,US,41.076500,-71.920797,America/New_York
MTR,SKMR,Los Garzones Airport,medium_airport,Montería,CO,8.823740,-75.825800,America/Bogota
MTT,MMMT,Minatitlán/Coatzacoalcos International Airport,medium_airport,Cosoleacaque,MX,18.103399,-94.580704,America/Mexico_City
MTY,MMMY,Monterrey International Airport,large_airport,Monterrey,MX,25.778521,-100.106989,America/Monterrey
MUA,AGGM,Munda Airport,medium_airport,Munda,SB,-8.327970,157.263000,Pacific/Guadalcanal
MUB,FBMN,Maun International Airport,large_airport,Maun,BW,-19.970491,23.431409,Africa/Gaborone
MUC,EDDM,Munich Airport,large_airport,Munich,DE,48.353802,11.786100,Europe/Berlin
MUE,PHMU,Waimea Kohala Airport,medium_airport,Waimea (Kamuela),US,20.001301,-155.667999,Pacific/Honolulu
MUH,HEMM,Mersa Matruh International Airport,large_airport,Marsa Matruh,EG,31.324313,27.222270,Africa/Cairo
MUK,NCMK,Mauke Airport,small_airport,Mauke Island,CK,-20.136101,-157.345001,Pacific/Rarotonga
MUN,SVMT,José Tadeo Monagas International Airport,medium_airport,Maturín,VE,9.749023,-63.153348,America/Caracas
MUR,WBGM,Marudi Airport,medium_airport,Marudi,MY,4.178734,114.330318,Asia/Kuching
MUX,OPMT,Multan International Airport,large_airport,Multan,PK,30.203199,71.419098,Asia/Karachi
MUZ,HTMU,Musoma Airport,small_airport,Musoma,TZ,-1.503000,33.802100,Africa/Dar_es_Salaam
MVB,FOON,M'Vengue El Hadj Omar Bongo Ondimba International Airport,medium_airport,Franceville,GA,-1.656160,13.438000,Africa/Libreville
MVD,SUMU,Carrasco General Cesáreo L. Berisso International Airport,large_airport,Ciudad de la Costa,UY,-34.835647,-56.026497,America/Montevideo
MVF,SBMS,Dix-Sept Rosado Airport,medium_airport,Mossoró,BR,-5.201920,-37.364300,America/Fortaleza
MVP,SKMU,Fabio Alberto Leon Bentley Airport,medium_airport,Mitú,CO,1.253660,-70.233900,America/Bogota
MVQ,UMOO,Mogilev Airport,medium_airport,Mogilev,BY,53.954899,30.095100,Europe/Minsk
MVR,FKKL,Salak Airport,medium_airport,Maroua,CM,10.451400,14.257400,Africa/Douala
MVT,NTGV,Mataiva Airport,medium_airport,,PF,-14.868100,-148.716995,Pacific/Tahiti
MVY,KMVY,Martha's Vineyard Airport,small_airport,Martha's Vineyard,US,41.393101,-70.614304,America/New_York
MWA,KMWA,Veterans Airport of Southern Illinois,medium_airport,Marion,US,37.751208,-89.016568,America/Chicago
MWL,KMWL,Mineral Wells Regional Airport,medium_airport,Mineral Wells,US,32.781601,-98.060204,America/Chicago
MWQ,VYMW,Magway Airport,small_airport,Magway,MM,20.165600,94.941399,Asia/Yangon
MWX,RKJB,Muan International Airport,large_airport,Muan (Piseo-ri),KR,34.991406,126.382814,Asia/Seoul
MWZ,HTMW,Mwanza International Airport,large_airport,Mwanza,TZ,-2.446563,32.936049,Africa/Dar_es_Salaam
MXH,AYMR,Moro Airport,small_airport,Moro,PG,-6.363330,143.238007,Pacific/Port_Moresby
MXL,MMML,General Rodolfo Sánchez Taboada International Airport,medium_airport,Mexicali,MX,32.630629,-115.242805,America/Tijuana
MXP,LIMC,Milan Malpensa International Airport,large_airport,Ferno (VA),IT,45.630600,8.728110,Europe/Rome
MXV,ZMMN,Mörön Airport,medium_airport,Mörön,MN,49.663677,100.100028,Asia/Ulaanbaatar
MXW,ZMMG,Mandalgobi Airport,small_airport,Mandalgobi,MN,45.738098,106.268997,Asia/Ulaanbaatar
MXX,ESKM,Mora Airport,medium_airport,Mora,SE,60.957901,14.511400,Europe/Stockholm
MXZ,ZGMX,Meizhou Meixian Changgangji International Airport,small_airport,Meizhou (Meixian),CN,24.263425,116.097857,Asia/Shanghai
MYA,YMRY,Moruya Airport,medium_airport,Moruya,AU,-35.897800,150.143997,Australia/Sydney
MYD,HKML,Malindi International Airport,medium_airport,Malindi,KE,-3.229310,40.101700,Africa/Nairobi
MYE,RJTQ,Miyakejima Airport,medium_airport,Miyakejima,JP,34.073601,139.559998,Asia/Tokyo
MYG,MYMM,Mayaguana Airport,medium_airport,Abraham Bay Settlement,BS,22.379499,-73.013494,America/Grand_Turk
MYI,YMAE,Murray Island Airport,small_airport,Murray Island,AU,-9.915105,144.054644,Australia/Brisbane
MYJ,RJOM,Matsuyama Airport,large_airport,Matsuyama,JP,33.826893,132.700114,Asia/Tokyo
MYK,KMYK,May Creek Airport,small_airport,May Creek,US,61.335701,-142.686996,America/Anchorage
MYL,KMYL,McCall Municipal Airport,medium_airport,McCall,US,44.888837,-116.101112,America/Boise
MYP,UTAM,Mary International Airport,medium_airport,Mary,TM,37.623530,61.895668,Asia/Ashgabat
MYQ,VOMY,Mysore Airport,medium_airport,Mysore,IN,12.229751,76.653683,Asia/Kolkata
MYR,KMYR,Myrtle Beach International Airport,large_airport,Myrtle Beach,US,33.679699,-78.928299,America/New_York
MYT,VYMK,Myitkyina Airport,medium_airport,Myitkyina,MM,25.383600,97.351898,Asia/Yangon
MYU,PAMY,Mekoryuk Airport,medium_airport,Mekoryuk,US,60.372338,-166.269751,America/Nome
MYW,HTMT,Mtwara Airport,medium_airport,Mtwara,TZ,-10.336204,40.181997,Africa/Dar_es_Salaam
MYY,WBGR,Miri Airport,medium_airport,Miri,MY,4.322010,113.987000,Asia/Kuching
MZG,RCQC,Penghu Magong Airport,large_airport,Huxi,TW,23.568701,119.627998,Asia/Taipei
MZH,LTAP,Amasya Merzifon Airport,medium_airport,Amasya,TR,40.829399,35.521999,Europe/Istanbul
MZI,GAMB,Mopti Airport,medium_airport,Sévaré,ML,14.512800,-4.079560,Africa/Bamako
MZL,SKMZ,La Nubia Airport,medium_airport,Manizales,CO,5.029600,-75.464700,America/Bogota
MZO,MUMZ,Sierra Maestra International Airport,medium_airport,Manzanillo,CU,20.288605,-77.087545,America/Havana
MZQ,FAMU,Mkuze Airport,medium_airport,Mkuze,ZA,-27.626101,32.044300,Africa/Johannesburg
MZR,OAMS,Mazar-i-Sharif International Airport,large_airport,Mazar-i-Sharif,AF,36.704120,67.210459,Asia/Kabul
MZS,VIMB,Moradabad Airport,medium_airport,Moradabad,IN,28.817460,78.921870,Asia/Kolkata
MZT,MMMZ,General Rafael Buelna International Airport,large_airport,Mazatlàn,MX,23.162823,-106.264517,America/Mazatlan
MZV,WBMU,Mulu Airport,medium_airport,Mulu,MY,4.048330,114.805000,Asia/Kuching
MZW,DAAY,Mecheria Airport,medium_airport,Mecheria,DZ,33.535900,-0.242353,Africa/Algiers
NAA,YNBR,Narrabri Airport,medium_airport,Narrabri,AU,-30.319201,149.826996,Australia/Sydney
NAG,VANP,Dr. Babasaheb Ambedkar International Airport,large_airport,Nagpur,IN,21.092199,79.047203,Asia/Kolkata
NAH,WAMH,Naha Airport,medium_airport,"Tabukan Utara, Sangihe Islands",ID,3.684780,125.527162,Asia/Makassar
NAJ,UBBN,Nakhchivan International Airport,large_airport,Nakhchivan,AZ,39.188801,45.458401,Asia/Baku
NAL,URMN,Nalchik Airport,medium_airport,Nalchik,RU,43.512901,43.636600,Europe/Moscow
NAM,WAPN,Namniwel Airport,medium_airport,Namniwel,ID,-3.143159,126.976469,Asia/Jayapura
NAN,NFFN,Nadi International Airport,large_airport,Nadi,FJ,-17.761822,177.437843,Pacific/Fiji
NAO,ZUNC,Nanchong Gaoping Airport,small_airport,Nanchong (Gaoping),CN,30.798104,106.164150,Asia/Shanghai
NAP,LIRN,Naples International Airport,large_airport,Napoli,IT,40.886002,14.290800,Europe/Rome
NAQ,BGQQ,Qaanaaq Airport,medium_airport,Qaanaaq,GL,77.488602,-69.388702,America/Thule
NAS,MYNN,Lynden Pindling International Airport,large_airport,Nassau,BS,25.039000,-77.466202,America/Nassau
NAT,SBSG,Rio Grande do Norte/São Gonçalo do Amarante–Governador Aluízio Alves International Airport,large_airport,Natal,BR,-5.769822,-35.366610,America/Fortaleza
NAU,NTGN,Napuka Island Airport,small_airport,Napuka Island,PF,-14.177397,-141.266112,Pacific/Tahiti
NAV,LTAZ,Nevşehir Kapadokya Airport,large_airport,Nevşehir,TR,38.771900,34.534500,Europe/Istanbul
NAW,VTSC,Narathiwat Airport,medium_airport,,TH,6.519920,101.742996,Asia/Bangkok
NBC,UWKE,Begishevo Airport,medium_airport,Nizhnekamsk,RU,55.564701,52.092499,Europe/Moscow
NBE,DTNH,Enfidha - Hammamet International Airport,medium_airport,Enfidha,TN,36.075833,10.438611,Africa/Tunis
NBJ,FNBJ,Dr. Antonio Agostinho Neto International Airport,large_airport,Luanda (Ícolo e Bengo),AO,-9.050734,13.499078,Africa/Luanda
NBN,FGAN,Annobón Airport,small_airport,San Antonio de Palé,GQ,-1.408615,5.624163,Africa/Malabo
NBO,HKJK,Jomo Kenyatta International Airport,large_airport,Nairobi,KE,-1.318886,36.928233,Africa/Nairobi
NBS,ZYBS,Changbaishan Airport,medium_airport,Baishan,CN,42.066944,127.602222,Asia/Shanghai
NCA,MBNC,North Caicos Airport,medium_airport,North Caicos,TC,21.916094,-71.942954,America/Grand_Turk
NCE,LFMN,Nice-Côte d'Azur Airport,large_airport,"Nice, Alpes-Maritimes",FR,43.658401,7.215870,Europe/Paris
NCL,EGNT,Newcastle International Airport,large_airport,"Newcastle upon Tyne, Tyne and Wear",GB,55.037958,-1.689577,Europe/London
NCN,PFCB,Chenega Bay Airport,small_airport,Chenega,US,60.077602,-147.994680,America/Anchorage
NCU,UZNN,Nukus International Airport,large_airport,Nukus,UZ,42.488400,59.623299,Asia/Samarkand
NCY,LFLP,Annecy Meythet airport,medium_airport,Annecy,FR,45.928947,6.098700,Europe/Paris
NDB,GQPP,Nouadhibou International Airport,large_airport,Nouadhibou,MR,20.932404,-17.030199,Africa/Nouakchott
NDC,VAND,Nanded Airport,medium_airport,Nanded,IN,19.183300,77.316704,Asia/Kolkata
NDG,ZYQQ,Qiqihar Sanjiazi Airport,large_airport,Qiqihar,CN,47.229969,123.914179,Asia/Shanghai
NDJ,FTTJ,N'Djamena International Airport,large_airport,N'Djamena,TD,12.133700,15.034000,Africa/Ndjamena
NDR,GMMW,Nador Al Aaroui International Airport,large_airport,Al Aaroui,MA,34.988800,-3.028210,Africa/Casablanca
NDU,FYRU,Rundu Airport,medium_airport,Rundu,NA,-17.956499,19.719400,Africa/Luanda
NDY,EGES,Sanday Airport,small_airport,Sanday,GB,59.250301,-2.576670,Europe/London
NEC,SAZO,Necochea Airport,medium_airport,Necochea,AR,-38.490746,-58.816337,America/Argentina/Buenos_Aires
NER,UELL,Chulman Airport,medium_airport,Neryungri,RU,56.913898,124.914001,Asia/Yakutsk
NEV,TKPN,Vance W. Amory International Airport,medium_airport,Charlestown,KN,17.205700,-62.589901,America/St_Kitts
NGB,ZSNB,Ningbo Lishe International Airport,large_airport,Ningbo,CN,29.826700,121.461998,Asia/Shanghai
NGE,FKKN,N'Gaoundéré Airport,medium_airport,N'Gaoundéré,CM,7.357010,13.559200,Africa/Douala
NGI,NFNG,Ngau Airport,small_airport,Ngau,FJ,-18.115601,179.339996,Pacific/Fiji
NGK,UHSN,Nogliki Airport,small_airport,Nogliki,RU,51.783955,143.141785,Asia/Sakhalin
NGO,RJGG,Chubu Centrair International Airport,large_airport,Tokoname,JP,34.858398,136.804993,Asia/Tokyo
NGQ,ZUAL,Ngari Gunsa Airport,medium_airport,Shiquanhe,CN,32.097940,80.053971,Asia/Shanghai
NGS,RJFU,Nagasaki Airport,large_airport,Nagasaki,JP,32.916901,129.914001,Asia/Tokyo
NHV,NTMD,Nuku Hiva Airport,medium_airport,Nuku Hiva,PF,-8.795600,-140.229004,Pacific/Marquesas
NIB,PAFS,Nikolai Airport,small_airport,Nikolai,US,63.017949,-154.360399,America/Anchorage
NIM,DRRN,Diori Hamani International Airport,large_airport,Niamey,NE,13.481500,2.183610,Africa/Niamey
NIU,NTKN,Naiu Airport,small_airport,Naiu Atoll,PF,-16.119296,-146.368768,Pacific/Tahiti
NJC,USNN,Nizhnevartovsk Airport,large_airport,Nizhnevartovsk,RU,60.949299,76.483597,Asia/Yekaterinburg
NJF,ORNI,Al Najaf International Airport,large_airport,Najaf,IQ,31.991116,44.405019,Asia/Baghdad
NKC,GQNO,Nouakchott–Oumtounsy International Airport,large_airport,Nouakchott,MR,18.310000,-15.969722,Africa/Nouakchott
NKG,ZSNJ,Nanjing Lukou International Airport,large_airport,Nanjing,CN,31.735032,118.865949,Asia/Shanghai
NKM,RJNA,Nagoya Airport / JASDF Komaki Air Base,medium_airport,Nagoya,JP,35.255759,136.924095,Asia/Tokyo
NKT,LTCV,Şırnak Şerafettin Elçi Airport,medium_airport,Şırnak,TR,37.364700,42.058200,Europe/Istanbul
NLA,FLSK,Simon Mwansa Kapwepwe International Airport,large_airport,Ndola,ZM,-12.965130,28.515624,Africa/Lusaka
NLD,MMNL,Quetzalcóatl International Airport,medium_airport,Nuevo Laredo,MX,27.443899,-99.570503,America/Matamoros
NLF,YDNI,Darnley Island Airport,small_airport,Darnley Island,AU,-9.579176,143.780276,Australia/Brisbane
NLG,PAOU,Nelson Lagoon Airport,small_airport,Nelson Lagoon,US,56.007500,-161.160004,America/Anchorage
NLH,ZPNL,Ninglang Luguhu Airport,medium_airport,Ninglang,CN,27.540300,100.759300,Asia/Shanghai
NLI,UHNN,Nikolayevsk-na-Amure Airport,medium_airport,Nikolayevsk-na-Amure Airport,RU,53.154999,140.649994,Asia/Sakhalin
NLK,YSNF,Norfolk Island International Airport,medium_airport,Burnt Pine,NF,-29.041759,167.939474,Pacific/Norfolk
NLT,ZWNL,Xinyuan Nalati Airport,medium_airport,Xinyuan,CN,43.431800,83.378600,Asia/Urumqi
NLU,MMSM,Felipe Ángeles International Airport,large_airport,Mexico City,MX,19.743824,-99.015070,America/Mexico_City
NMA,UZFN,Namangan International Airport,large_airport,Namangan,UZ,40.984622,71.557800,Asia/Tashkent
NME,PAGT,Nightmute Airport,small_airport,Nightmute,US,60.469129,-164.704070,America/Nome
NMF,VRDA,Maafaru International Airport,medium_airport,Noonu Atoll,MV,5.817407,73.468404,Indian/Maldives
NMI,VANM,Navi Mumbai International Airport,large_airport,Navi Mumbai,IN,18.984597,73.065253,Asia/Kolkata
NNB,AGGT,Santa Ana Airport,small_airport,Santa Ana Island,SB,-10.847994,162.454108,Pacific/Guadalcanal
NNG,ZGNN,Nanning Wuxu International Airport,large_airport,Nanning (Jiangnan),CN,22.598071,108.181922,Asia/Shanghai
NNM,ULAM,Naryan Mar Airport,medium_airport,Naryan Mar,RU,67.639999,53.121899,Europe/Moscow
NNR,EICA,Connemara Regional Airport,small_airport,Inverin,IE,53.230301,-9.467780,Europe/Dublin
NNT,VTCN,Nan Airport,medium_airport,,TH,18.807899,100.782997,Asia/Bangkok
NNY,ZHNY,Nanyang Jiangying Airport,small_airport,Nanyang (Wancheng),CN,32.982696,112.617467,Asia/Shanghai
NOB,MRNS,Nosara Airport,medium_airport,Nicoya,CR,9.976490,-85.653000,America/Costa_Rica
NOC,EIKN,Ireland West Airport Knock,large_airport,Charlestown,IE,53.910439,-8.817002,Europe/Dublin
NOD,EDWS,Norden-Norddeich Airport,small_airport,Norddeich,DE,53.633057,7.190278,Europe/Berlin
NOJ,USRO,Noyabrsk Airport,medium_airport,Noyabrsk,RU,63.183300,75.269997,Asia/Yekaterinburg
NOP,LTCM,Sinop Airport,medium_airport,Sinop,TR,42.018313,35.071774,Europe/Istanbul
NOS,FMNN,Nosy Be International Airport,large_airport,Nosy Be,MG,-13.312100,48.314800,Indian/Antananarivo
NOU,NWWW,La Tontouta International Airport,large_airport,Nouméa (La Tontouta),NC,-22.014601,166.212997,Pacific/Noumea
NOV,FNHU,Albano Machado Airport,medium_airport,Huambo,AO,-12.808900,15.760500,Africa/Luanda
NOZ,UNWW,Spichenkovo Airport,medium_airport,Novokuznetsk,RU,53.811401,86.877197,Asia/Novokuznetsk
NPE,NZNR,Hawke's Bay Airport,medium_airport,Napier,NZ,-39.465801,176.869995,Pacific/Auckland
NPL,NZNP,New Plymouth Airport,medium_airport,New Plymouth,NZ,-39.008598,174.179001,Pacific/Auckland
NPO,WIOG,Nanga Pinoh Airport,medium_airport,Nanga Pinoh-Borneo Island,ID,-0.348640,111.746155,Asia/Pontianak
NPT,KUUU,Newport State Airport,medium_airport,Newport,US,41.532207,-71.281039,America/New_York
NQN,SAZN,Presidente Perón International Airport,large_airport,Neuquén,AR,-38.949001,-68.155701,America/Argentina/Salta
NQU,SKNQ,Reyes Murillo Airport,small_airport,Nuquí,CO,5.710348,-77.261868,America/Bogota
NQY,EGHQ,Cornwall Airport Newquay,medium_airport,Newquay,GB,50.440601,-4.995410,Europe/London
NQZ,UACC,Nursultan Nazarbayev International Airport,large_airport,Astana,KZ,51.027035,71.467094,Asia/Almaty
NRA,YNAR,Narrandera Airport,medium_airport,Narrandera,AU,-34.702202,146.511993,Australia/Sydney
NRD,EDWY,Norderney Airport,small_airport,Norderney,DE,53.706944,7.230000,Europe/Berlin
NRK,ESSP,Norrköping Airport,medium_airport,Norrköping,SE,58.586300,16.250601,Europe/Stockholm
NRL,EGEN,North Ronaldsay Airport,small_airport,North Ronaldsay,GB,59.367500,-2.434440,Europe/London
NRN,EDLV,Weeze (Niederrhein) Airport,large_airport,Weeze,DE,51.601362,6.141228,Europe/Berlin
NRR,TJRV,José Aponte de la Torre Airport,medium_airport,Ceiba,PR,18.247262,-65.639790,America/Puerto_Rico
NRT,RJAA,Narita International Airport,large_airport,Narita,JP,35.768580,140.388714,Asia/Tokyo
NSH,OINN,Nowshahr Airport,medium_airport,Nowshahr,IR,36.664286,51.462730,Asia/Tehran
NSI,FKYS,Yaoundé Nsimalen International Airport,large_airport,Yaoundé,CM,3.722560,11.553300,Africa/Douala
NSK,UOOO,Alykel International Airport,large_airport,Norilsk,RU,69.307951,87.325906,Asia/Krasnoyarsk
NSN,NZNS,Nelson Airport,medium_airport,Nelson,NZ,-41.296709,173.224323,Pacific/Auckland
NST,VTSF,Nakhon Si Thammarat Airport,medium_airport,Nakhon Si Thammarat,TH,8.539620,99.944702,Asia/Bangkok
NTE,LFRS,Nantes Atlantique Airport,large_airport,Nantes,FR,47.153198,-1.610730,Europe/Paris
NTG,ZSNT,Nantong Xingdong International Airport,medium_airport,Nantong (Tongzhou),CN,32.073566,120.980076,Asia/Shanghai
NTL,YWLM,Newcastle Airport,large_airport,Williamtown,AU,-32.796114,151.835025,Australia/Sydney
NTN,YNTN,Normanton Airport,medium_airport,Normanton,AU,-17.684090,141.069664,Australia/Brisbane
NTQ,RJNW,Noto Satoyama Airport,medium_airport,Wajima,JP,37.293098,136.962006,Asia/Tokyo
NTT,NFTP,Kuini Lavenia Airport,small_airport,Niuatoputapu,TO,-15.977297,-173.791089,Pacific/Tongatapu
NTX,WIDO,Ranai Airport,medium_airport,Ranai-Natuna Besar Island,ID,3.908710,108.388000,Asia/Jakarta
NUE,EDDN,Nuremberg Airport,large_airport,Nuremberg,DE,49.498699,11.078056,Europe/Berlin
NUI,PAQT,Nuiqsut Airport,medium_airport,Nuiqsut,US,70.209999,-151.005998,America/Anchorage
NUL,PANU,Nulato Airport,small_airport,Nulato,US,64.729301,-158.074005,America/Anchorage
NUM,OENN,Neom Bay Airport,large_airport,Sharma,SA,27.924261,35.293580,Asia/Riyadh
NUP,PPIT,Nunapitchuk Airport,small_airport,Nunapitchuk,US,60.905591,-162.440454,America/Nome
NUS,NVSP,Norsup Airport,small_airport,Norsup,VU,-16.079700,167.401001,Pacific/Efate
NUX,USMU,Novy Urengoy Airport,medium_airport,Novy Urengoy,RU,66.069397,76.520302,Asia/Yekaterinburg
NVA,SKNV,Benito Salas Airport,medium_airport,Neiva,CO,2.950150,-75.294000,America/Bogota
NVI,UZSA,Navoi International Airport,medium_airport,Navoi,UZ,40.117599,65.172658,Asia/Samarkand
NVT,SBNF,Ministro Victor Konder International Airport,large_airport,Navegantes,BR,-26.879431,-48.650979,America/Sao_Paulo
NWI,EGSH,Norwich Airport,medium_airport,"Norwich, Norfolk",GB,52.675800,1.282780,Europe/London
NYA,USHN,Nyagan Airport,medium_airport,Nyagan,RU,62.110001,65.614998,Asia/Yekaterinburg
NYI,DGSN,Sunyani Airport,medium_airport,Sunyani,GH,7.361830,-2.328760,Africa/Accra
NYK,HKNL,Nanyuki Civil Airport,medium_airport,Gathiuru,KE,-0.062352,37.041296,Africa/Nairobi
NYM,USMM,Nadym Airport,medium_airport,Nadym,RU,65.480904,72.698898,Asia/Yekaterinburg
NYO,ESKN,Stockholm Skavsta Airport,large_airport,Nyköping,SE,58.789656,16.911479,Europe/Stockholm
NYT,VYNT,Nay Pyi Taw International Airport,large_airport,Naypyitaw,MM,19.623501,96.200996,Asia/Yangon
NYU,VYBG,Bagan Airport,small_airport,Nyaung U,MM,21.178801,94.930199,Asia/Yangon
NZC,SPZA,Maria Reiche Neuman Airport,medium_airport,Nazca,PE,-14.854000,-74.961502,America/Lima
NZG,UIUN,Nizhneangarsk International Airport,small_airport,Nizhneangarsk,RU,55.800800,109.595001,Asia/Irkutsk
NZH,ZBMZ,Manzhouli Xijiao Airport,medium_airport,Manzhouli,CN,49.566667,117.330000,Asia/Shanghai
NZL,ZBZL,Zhalantun Genghis Khan Airport,medium_airport,Zhalantun,CN,47.865942,122.768662,Asia/Shanghai
OAJ,KOAJ,Albert J Ellis Airport,medium_airport,Richlands,US,34.829201,-77.612099,America/New_York
OAK,KOAK,Oakland San Francisco Bay Airport,large_airport,Oakland,US,37.720085,-122.221184,America/Los_Angeles
OAL,SSKW,Cacoal Airport,small_airport,Cacoal,BR,-11.496000,-61.450800,America/Porto_Velho
OAX,MMOX,Xoxocotlán International Airport,large_airport,Oaxaca,MX,16.998773,-96.726092,America/Mexico_City
OBN,EGEO,Oban Airport,small_airport,North Connel,GB,56.463501,-5.399670,Europe/London
OBO,RJCB,Tokachi-Obihiro Airport,medium_airport,Obihiro,JP,42.733299,143.216995,Asia/Tokyo
OBU,PAOB,Kobuk Airport,small_airport,Kobuk,US,66.912300,-156.897003,America/Anchorage
OBX,AYOB,Obo Airport,small_airport,Obo,PG,-7.590622,141.324263,Pacific/Port_Moresby
OCC,SECO,Francisco De Orellana Airport,medium_airport,Coca,EC,-0.462886,-76.986801,America/Guayaquil
OCE,KOXB,Ocean City Municipal Airport,medium_airport,Ocean City,US,38.310398,-75.124001,America/New_York
OCJ,MKBS,Ian Fleming International Airport,medium_airport,Boscobel,JM,18.404079,-76.969754,America/Jamaica
OCS,FGCO,Corisco International Airport,large_airport,Corisco Island,GQ,0.910937,9.330270,Africa/Libreville
ODB,LEBA,Córdoba Airport,medium_airport,Córdoba,ES,37.841999,-4.848880,Europe/Madrid
ODE,EKOD,Odense Hans Christian Andersen Airport,large_airport,Odense,DK,55.475307,10.327206,Europe/Copenhagen
ODN,WBGI,Long Seridan Airport,small_airport,Long Seridan,MY,3.976087,115.067303,Asia/Kuching
ODO,UIKB,Bodaybo Airport,small_airport,Bodaybo,RU,57.866100,114.242996,Asia/Irkutsk
ODY,VLOS,Oudomsay Airport,small_airport,Oudomsay,LA,20.682699,101.994003,Asia/Vientiane
OEC,WPOC,Oecusse Route of the Sandalwood International Airport,large_airport,Oecussi-Ambeno,TL,-9.198419,124.337873,Asia/Makassar
OER,ESNO,Örnsköldsvik Airport,medium_airport,Örnsköldsvik,SE,63.408298,18.990000,Europe/Stockholm
OES,SAVN,Antoine de Saint Exupéry Airport,small_airport,San Antonio Oeste,AR,-40.751200,-65.034300,America/Argentina/Salta
OFU,NSAS,Ofu Airport,small_airport,Ofu,AS,-14.184400,-169.669998,Pacific/Pago_Pago
OGD,KOGD,Ogden Hinckley Airport,medium_airport,Ogden,US,41.195900,-112.012001,America/Denver
OGG,PHOG,Kahului International Airport,large_airport,Kahului,US,20.896263,-156.431837,Pacific/Honolulu
OGL,SYEC,Eugene F. Correia International Airport,medium_airport,Ogle,GY,6.805881,-58.107657,America/Guyana
OGN,ROYN,Yonaguni Airport,medium_airport,Yonaguni,JP,24.467298,122.979827,Asia/Tokyo
OGS,KOGS,Ogdensburg International Airport,medium_airport,Ogdensburg,US,44.681900,-75.465500,America/New_York
OGU,LTCB,Ordu–Giresun Airport,medium_airport,Ordu,TR,40.966872,38.085995,Europe/Istanbul
OGX,DAUU,Ain Beida Airport,medium_airport,Ouargla,DZ,31.917200,5.412780,Africa/Algiers
OGZ,URMO,Vladikavkaz Beslan International Airport,medium_airport,Beslan,RU,43.205101,44.606602,Europe/Moscow
OHD,LWOH,Ohrid St. Paul the Apostle Airport,large_airport,Ohrid,MK,41.180000,20.742300,Europe/Skopje
OHE,ZYMH,Mohe Gulian Airport,medium_airport,Mohe,CN,52.916871,122.422759,Asia/Shanghai
OHO,UHOO,Okhotsk Airport,medium_airport,Okhotsk,RU,59.410065,143.056503,Asia/Vladivostok
OHS,OOSH,Suhar International Airport,large_airport,Suhar,OM,24.386040,56.625410,Asia/Muscat
OIM,RJTO,Oshima Airport,medium_airport,Izu Oshima,JP,34.782001,139.360001,Asia/Tokyo
OIR,RJEO,Okushiri Airport,medium_airport,Okushiri Island,JP,42.071701,139.432999,Asia/Tokyo
OIT,RJFO,Oita Airport,medium_airport,Oita,JP,33.479401,131.737000,Asia/Tokyo
OJU,WAFU,Tanjung Api Airport,small_airport,Tojo Una-Una,ID,-0.865437,121.628625,Asia/Makassar
OKA,ROAH,Naha International Airport,large_airport,Naha,JP,26.192437,127.639804,Asia/Tokyo
OKC,KOKC,OKC Will Rogers World Airport,large_airport,Oklahoma City,US,35.393388,-97.598248,America/Chicago
OKD,RJCO,Sapporo Okadama Airport,medium_airport,Sapporo,JP,43.117447,141.381340,Asia/Tokyo
OKE,RJKB,Okinoerabu Airport,medium_airport,Wadomari,JP,27.431604,128.705564,Asia/Tokyo
OKI,RJNO,Oki Global Geopark Airport,medium_airport,Okinoshima,JP,36.178388,133.323566,Asia/Tokyo
OKJ,RJOB,Okayama Momotaro Airport,large_airport,Okayama,JP,34.756901,133.854996,Asia/Tokyo
OKL,WAJO,Oksibil Airport,medium_airport,Oksibil,ID,-4.907100,140.627700,Pacific/Port_Moresby
OKR,YYKI,Yorke Island Airport,small_airport,Yorke Island,AU,-9.752801,143.405673,Australia/Brisbane
OKY,YBOK,Oakey Army Aviation Centre,medium_airport,,AU,-27.409262,151.736727,Australia/Brisbane
OLA,ENOL,Ørland Airport,medium_airport,Ørland,NO,63.698898,9.604000,Europe/Oslo
OLB,LIEO,Olbia Costa Smeralda Airport,large_airport,Olbia (SS),IT,40.898953,9.518457,Europe/Rome
OLF,KOLF,L M Clayton Airport,medium_airport,Wolf Point,US,48.094501,-105.574997,America/Denver
OLH,,Old Harbor Airport,small_airport,Old Harbor,US,57.218102,-153.270004,America/Anchorage
OLJ,NVSZ,North West Santo Airport,small_airport,Olpoi,VU,-14.881700,166.557999,Pacific/Efate
OLM,KOLM,Olympia Regional Airport,medium_airport,Olympia,US,46.969399,-122.903000,America/Los_Angeles
OLP,YOLD,Olympic Dam Airport,small_airport,Olympic Dam,AU,-30.483861,136.876699,Australia/Adelaide
OLZ,UEMO,Olyokminsk Airport,medium_airport,Olyokminsk,RU,60.401833,120.476094,Asia/Yakutsk
OMA,KOMA,Eppley Airfield,large_airport,Omaha,US,41.303200,-95.894096,America/Chicago
OMD,FYOG,Oranjemund Airport,medium_airport,Oranjemund,NA,-28.585318,16.446380,Africa/Windhoek
OME,PAOM,Nome Airport,medium_airport,Nome,US,64.512199,-165.445007,America/Nome
OMH,OITR,Urmia Airport,medium_airport,Urmia,IR,37.668098,45.068699,Asia/Tehran
OMN,UZTZ,Zomin Airport,medium_airport,Zomin,UZ,40.014020,68.411030,Asia/Tashkent
OMO,LQMO,Mostar International Airport,large_airport,Mostar,BA,43.282489,17.846101,Europe/Sarajevo
OMR,LROD,Oradea International Airport,large_airport,Oradea,RO,47.025299,21.902500,Europe/Bucharest
OMS,UNOO,Omsk Central Airport,large_airport,Omsk,RU,54.963124,73.312418,Asia/Omsk
OND,FYOA,Ondangwa Airport,medium_airport,Ondangwa,NA,-17.878201,15.952600,Africa/Windhoek
ONG,YMTI,Mornington Island Airport,small_airport,,AU,-16.662500,139.177994,Australia/Brisbane
ONJ,RJSR,Odate Noshiro Airport,medium_airport,Kitaakita,JP,40.191898,140.371002,Asia/Tokyo
ONQ,LTAS,Zonguldak Çaycuma Airport,medium_airport,Zonguldak,TR,41.506401,32.088600,Europe/Istanbul
ONT,KONT,Ontario International Airport,large_airport,Ontario,US,34.056000,-117.600998,America/Los_Angeles
ONX,MPEJ,Enrique Adolfo Jimenez Airport,medium_airport,Colón,PA,9.356640,-79.867401,America/Panama
OOK,PAOO,Toksook Bay Airport,small_airport,Toksook Bay,US,60.541401,-165.087006,America/Nome
OOL,YBCG,Gold Coast Airport,large_airport,Gold Coast,AU,-28.165962,153.506641,Australia/Brisbane
OOM,YCOM,Cooma Snowy Mountains Airport,medium_airport,Cooma,AU,-36.300445,148.972408,Australia/Sydney
OPF,KOPF,Miami-Opa Locka Executive Airport,medium_airport,Miami,US,25.907000,-80.278397,America/New_York
OPO,LPPR,Francisco de Sá Carneiro Airport,large_airport,Porto,PT,41.248100,-8.681390,Europe/Lisbon
OPP,SNSM,Salinópolis Airport,small_airport,Salinópolis,BR,-0.696111,-47.336111,America/Belem
OPS,SBSI,Presidente João Batista Figueiredo Airport,small_airport,Sinop,BR,-11.885001,-55.586109,America/Cuiaba
OPU,AYBM,Balimo Airport,medium_airport,Balimo,PG,-8.050000,142.932999,Pacific/Port_Moresby
ORB,ESOE,Örebro Airport,medium_airport,Örebro,SE,59.223701,15.038000,Europe/Stockholm
ORD,KORD,Chicago O'Hare International Airport,large_airport,Chicago,US,41.978600,-87.904800,America/Chicago
ORF,KORF,Norfolk International Airport,large_airport,Norfolk,US,36.895341,-76.201000,America/New_York
ORG,SMZO,Zorg en Hoop Airport,small_airport,Paramaribo,SR,5.811211,-55.192299,America/Paramaribo
ORH,KORH,Worcester Regional Airport,medium_airport,Worcester,US,42.267300,-71.875702,America/New_York
ORI,,Port Lions Airport,small_airport,Port Lions,US,57.884905,-152.847719,America/Anchorage
ORK,EICK,Cork International Airport,large_airport,Cork,IE,51.841301,-8.491110,Europe/Dublin
ORN,DAOO,Oran Es-Sénia (Ahmed Ben Bella) International Airport,large_airport,Es-Sénia,DZ,35.620648,-0.622486,Africa/Algiers
ORT,PAOR,Northway Airport,medium_airport,Northway,US,62.961300,-141.929001,America/Anchorage
ORU,SLOR,Juan Mendoza International Airport,large_airport,Oruro,BO,-17.956151,-67.075829,America/La_Paz
ORV,PFNO,Robert (Bob) Curtis Memorial Airport,small_airport,Noorvik,US,66.817902,-161.018997,America/Anchorage
ORY,LFPO,Paris-Orly Airport,large_airport,"Paris (Orly, Val-de-Marne)",FR,48.729499,2.358963,Europe/Paris
ORZ,MZTH,H.E Alfredo Martinez (Tower Hill) Airstrip,small_airport,Orange Walk,BZ,18.046767,-88.583858,America/Belize
OSD,ESNZ,Åre Östersund Airport,medium_airport,Östersund,SE,63.193546,14.504168,Europe/Stockholm
OSI,LDOS,Osijek Airport,medium_airport,Osijek(Klisa),HR,45.462355,18.811278,Europe/Zagreb
OSL,ENGM,Oslo-Gardermoen International Airport,large_airport,Oslo (Gardermoen),NO,60.193901,11.100400,Europe/Oslo
OSR,LKMT,Leoš Janáček Airport Ostrava,large_airport,Mošnov,CZ,49.696301,18.111099,Europe/Prague
OSS,UCFO,Osh International Airport,large_airport,Osh,KG,40.609001,72.793297,Asia/Bishkek
OST,EBOS,Ostend-Bruges International Airport,large_airport,Oostende,BE,51.199800,2.874673,Europe/Brussels
OSW,UWOR,Orsk Airport,medium_airport,Orsk,RU,51.072498,58.595600,Asia/Yekaterinburg
OSY,ENNM,Namsos Airport,small_airport,Namsos,NO,64.472198,11.578600,Europe/Oslo
OTD,MPRA,Raul Arias Espinoza Airport,small_airport,Contadora Island,PA,8.628760,-79.034698,America/Panama
OTH,KOTH,Southwest Oregon Regional Airport,medium_airport,North Bend,US,43.417099,-124.246002,America/Los_Angeles
OTP,LROP,Bucharest Henri Coandă International Airport,large_airport,Otopeni,RO,44.571792,26.103285,Europe/Bucharest
OTS,K74S,Anacortes Airport,small_airport,Anacortes,US,48.498513,-122.662513,America/Los_Angeles
OTZ,PAOT,Ralph Wien Memorial Airport,medium_airport,Kotzebue,US,66.884697,-162.598999,America/Nome
OUA,DFFD,Ouagadougou Thomas Sankara International Airport,large_airport,Ouagadougou,BF,12.353200,-1.512420,Africa/Ouagadougou
OUD,GMFO,Oujda Angads Airport,large_airport,Ahl Angad,MA,34.789558,-1.926041,Africa/Casablanca
OUI,LFEC,Ouessant Airport,small_airport,Ushant,FR,48.463200,-5.063580,Europe/Paris
OUL,EFOU,Oulu Airport,large_airport,Oulu / Oulunsalo,FI,64.930099,25.354601,Europe/Helsinki
OUZ,GQPZ,Tazadit Airport,medium_airport,Zouérate,MR,22.757345,-12.482228,Africa/Nouakchott
OVB,UNNT,Novosibirsk Tolmachevo Airport,large_airport,Novosibirsk,RU,55.019756,82.618675,Asia/Novosibirsk
OVD,LEAS,Asturias Airport,large_airport,Ranón,ES,43.563599,-6.034620,Europe/Madrid
OVS,USHS,Sovetskiy Airport,medium_airport,Sovetskiy,RU,61.326622,63.601913,Asia/Yekaterinburg
OWB,KOWB,Owensboro Daviess County Airport,medium_airport,Owensboro,US,37.740101,-87.166801,America/Chicago
OXB,GGOV,Osvaldo Vieira International Airport,large_airport,Bissau,GW,11.894262,-15.653596,Africa/Bissau
OYE,FOGO,Oyem Airport,medium_airport,Oyem,GA,1.543110,11.581400,Africa/Libreville
OZC,RPMO,Labo Airport,medium_airport,Ozamiz,PH,8.178510,123.842003,Asia/Manila
OZG,GMAZ,Zagora Airport,large_airport,Zagora,MA,30.265788,-5.860808,Africa/Casablanca
OZZ,GMMZ,Ouarzazate International Airport,large_airport,Ouarzazate,MA,30.939100,-6.909430,Africa/Casablanca
PAB,VEBU,Bilaspur Airport,medium_airport,Bilaspur,IN,21.988400,82.111000,Asia/Kolkata
PAC,MPMG,Marcos A. Gelabert International Airport,medium_airport,Albrook,PA,8.973340,-79.555603,America/Panama
PAD,EDLP,Paderborn Lippstadt Airport,large_airport,Büren,DE,51.612527,8.617459,Europe/Berlin
PAE,KPAE,Seattle Paine Field International Airport,medium_airport,Everett,US,47.906300,-122.281998,America/Los_Angeles
PAG,RPMP,Pagadian Airport,medium_airport,Pagadian,PH,7.825632,123.459635,Asia/Manila
PAH,KPAH,Barkley Regional Airport,medium_airport,Paducah,US,37.060799,-88.773804,America/Chicago
PAP,MTPP,Toussaint Louverture International Airport,large_airport,Port-au-Prince,HT,18.580023,-72.292596,America/Port-au-Prince
PAS,LGPA,Paros National Airport,small_airport,Paros,GR,37.020495,25.113195,Europe/Athens
PAT,VEPT,Jay Prakash Narayan Airport,medium_airport,Patna,IN,25.591299,85.087997,Asia/Kolkata
PAV,SBUF,Paulo Afonso Airport,medium_airport,Paulo Afonso,BR,-9.400880,-38.250599,America/Bahia
PAZ,MMPA,El Tajín National Airport,medium_airport,Poza Rica,MX,20.602699,-97.460800,America/Mexico_City
PBC,MMPB,Hermanos Serdán International Airport,large_airport,Puebla,MX,19.158465,-98.371582,America/Mexico_City
PBD,VAPR,Porbandar Airport,medium_airport,Porbandar,IN,21.649524,69.656405,Asia/Kolkata
PBG,KPBG,Plattsburgh International Airport,medium_airport,Plattsburgh,US,44.650902,-73.468102,America/New_York
PBH,VQPR,Paro International Airport,large_airport,Paro,BT,27.403200,89.424599,Asia/Thimphu
PBJ,NVSI,Tavie Airport,small_airport,Paama Island,VU,-16.431955,168.235511,Pacific/Efate
PBM,SMJP,Johan Adolf Pengel International Airport,large_airport,Paramaribo,SR,5.452830,-55.187801,America/Paramaribo
PBO,YPBO,Paraburdoo Airport,medium_airport,Paraburdoo,AU,-23.171101,117.745003,Australia/Perth
PBR,MGPB,Puerto Barrios Airport,medium_airport,Puerto Barrios,GT,15.730900,-88.583801,America/Guatemala
PBU,VYPT,Putao Airport,medium_airport,Putao,MM,27.329901,97.426300,Asia/Yangon
PCL,SPCL,Cap FAP David Abenzur Rengifo International Airport,large_airport,Pucallpa,PE,-8.378064,-74.574495,America/Lima
PCN,NZPN,Picton Aerodrome,small_airport,Koromiko,NZ,-41.346100,173.955994,Pacific/Auckland
PCP,FPPR,Principe Airport,medium_airport,São Tomé & Príncipe,ST,1.661155,7.411081,Africa/Sao_Tome
PCR,SKPC,German Olano Airport,medium_airport,Puerto Carreño,CO,6.184720,-67.493200,America/Caracas
PDA,SKPD,Obando Cesar Gaviria Trujillo Airport,medium_airport,Puerto Inírida,CO,3.853530,-67.906200,America/Bogota
PDB,,Pedro Bay Airport,small_airport,Pedro Bay,US,59.796925,-154.129994,America/Anchorage
PDG,WIEE,Minangkabau International Airport,large_airport,Padang (Katapiang),ID,-0.785964,100.280384,Asia/Jakarta
PDK,KPDK,DeKalb Peachtree Airport,medium_airport,Atlanta,US,33.876330,-84.302130,America/New_York
PDL,LPPD,João Paulo II Airport,large_airport,Ponta Delgada,PT,37.741199,-25.697901,Atlantic/Azores
PDM,MPPD,Capt. J. Montenegro Airport,small_airport,Pedasí,PA,7.534801,-80.043347,America/Panama
PDO,WIPQ,Pendopo Airport,medium_airport,Talang Gudang-Sumatra Island,ID,-3.286070,103.879997,Asia/Jakarta
PDP,SULS,Capitan Corbeta CA Curbelo International Airport,medium_airport,Punta del Este,UY,-34.855099,-55.094299,America/Montevideo
PDS,MMPG,Piedras Negras International Airport,medium_airport,Piedras Negras,MX,28.627873,-100.535240,America/Matamoros
PDT,KPDT,Eastern Oregon Regional Airport at Pendleton,medium_airport,Pendleton,US,45.695099,-118.841003,America/Los_Angeles
PDV,LBPD,Plovdiv International Airport,large_airport,Plovdiv,BG,42.067799,24.850800,Europe/Sofia
PDX,KPDX,Portland International Airport,large_airport,Portland,US,45.588699,-122.598000,America/Los_Angeles
PED,LKPD,Pardubice Airport,large_airport,Pardubice,CZ,50.015049,15.739810,Europe/Prague
PEE,USPP,Perm International Airport,large_airport,Perm,RU,57.914501,56.021198,Asia/Yekaterinburg
PEG,LIRZ,Perugia San Francesco d'Assisi – Umbria International Airport,large_airport,Perugia (PG),IT,43.095901,12.513200,Europe/Rome
PEI,SKPE,Matecaña International Airport,medium_airport,Pereira,CO,4.812670,-75.739500,America/Bogota
PEK,ZBAA,Beijing Capital International Airport,large_airport,Beijing,CN,40.077349,116.596702,Asia/Shanghai
PEM,SPTU,Padre Aldamiz International Airport,medium_airport,Puerto Maldonado,PE,-12.613600,-69.228600,America/La_Paz
PEN,WMKP,Penang International Airport,large_airport,Penang,MY,5.296303,100.276185,Asia/Kuala_Lumpur
PER,YPPH,Perth International Airport,large_airport,Perth,AU,-31.940300,115.967003,Australia/Perth
PES,ULPB,Petrozavodsk Airport,medium_airport,Petrozavodsk,RU,61.885201,34.154701,Europe/Moscow
PET,SBPK,João Simões Lopes Neto International Airport,medium_airport,Pelotas,BR,-31.717189,-52.327796,America/Sao_Paulo
PEU,MHPL,Puerto Lempira Airport,small_airport,Puerto Lempira,HN,15.262200,-83.781197,America/Tegucigalpa
PEV,LHPP,Pécs-Pogány International Airport,large_airport,Pécs,HU,45.988891,18.242044,Europe/Budapest
PEW,OPPS,Bacha Khan International Airport,large_airport,Peshawar,PK,33.993900,71.514603,Asia/Karachi
PEX,UUYP,Pechora Airport,medium_airport,Pechora,RU,65.121101,57.130798,Europe/Moscow
PEZ,UWPP,Penza Airport,medium_airport,Penza,RU,53.110600,45.021099,Europe/Moscow
PFB,SBPF,Lauro Kurtz Airport,medium_airport,Passo Fundo,BR,-28.243976,-52.327770,America/Sao_Paulo
PFO,LCPH,Paphos International Airport,large_airport,Paphos,CY,34.717999,32.485699,Asia/Nicosia
PFQ,OITP,Parsabad-Moghan Airport,small_airport,Parsabad,IR,39.603600,47.881500,Asia/Tehran
PFR,FZVS,Ilebo Airport,small_airport,Ilebo,CD,-4.329919,20.590124,Africa/Kinshasa
PGA,KPGA,Page Municipal Airport,medium_airport,Page,US,36.924234,-111.447716,America/Phoenix
PGD,KPGD,Punta Gorda Airport,medium_airport,Punta Gorda,US,26.920200,-81.990501,America/New_York
PGF,LFMP,Perpignan-Rivesaltes (Llabanère) Airport,medium_airport,Perpignan/Rivesaltes,FR,42.740398,2.870670,Europe/Paris
PGH,VIPT,Pantnagar Airport,medium_airport,Pantnagar,IN,29.033400,79.473701,Asia/Kolkata
PGK,WIKK,Depati Amir Airport,medium_airport,Pangkal Pinang,ID,-2.162200,106.139000,Asia/Jakarta
PGM,,Port Graham Airport,small_airport,Port Graham,US,59.348355,-151.830025,America/Anchorage
PGU,OIBP,Persian Gulf International Airport,medium_airport,Khiyaroo,IR,27.379601,52.737701,Asia/Tehran
PGV,KPGV,Pitt-Greenville Airport,medium_airport,Greenville,US,35.635535,-77.384262,America/New_York
PGZ,SBPG,Ponta Grossa Airport - Comandante Antonio Amilton Beraldo,medium_airport,Ponta Grossa,BR,-25.184476,-50.143822,America/Sao_Paulo
PHB,SBPB,Parnaíba - Prefeito Doutor João Silva Filho International Airport,medium_airport,Parnaíba,BR,-2.893750,-41.731998,America/Fortaleza
PHC,DNPO,Port Harcourt International Airport,large_airport,Port Harcourt,NG,5.015490,6.949590,Africa/Lagos
PHE,YPPD,Port Hedland International Airport,large_airport,Port Hedland,AU,-20.382787,118.629789,Australia/Perth
PHF,KPHF,Newport News Williamsburg International Airport,medium_airport,Newport News,US,37.131901,-76.492996,America/New_York
PHG,DNPM,Port Harcourt City Airport / Port Harcourt Air Force Base,medium_airport,Port Harcourt,NG,4.846111,7.021389,Africa/Lagos
PHH,VNPR,Pokhara International Airport,large_airport,Pokhara,NP,28.183800,84.014700,Asia/Kathmandu
PHL,KPHL,Philadelphia International Airport,large_airport,Philadelphia,US,39.871899,-75.241096,America/New_York
PHO,PAPO,Point Hope Airport,small_airport,Point Hope,US,68.348801,-166.798996,America/Nome
PHS,VTPP,Phitsanulok Airport,medium_airport,Phitsanulok,TH,16.782900,100.278999,Asia/Bangkok
PHW,FAPH,Hendrik Van Eck Airport,medium_airport,Phalaborwa,ZA,-23.937201,31.155399,Africa/Johannesburg
PHX,KPHX,Phoenix Sky Harbor International Airport,large_airport,Phoenix,US,33.435302,-112.005905,America/Phoenix
PHY,VTPB,Phetchabun Airport,medium_airport,,TH,16.676001,101.195000,Asia/Bangkok
PIA,KPIA,General Wayne A. Downing Peoria International Airport,medium_airport,Peoria,US,40.663841,-89.692631,America/Chicago
PIB,KPIB,Hattiesburg Laurel Regional Airport,medium_airport,Moselle,US,31.467100,-89.337097,America/Chicago
PIE,KPIE,St. Petersburg Clearwater International Airport,large_airport,Pinellas Park,US,27.910200,-82.687401,America/New_York
PIH,KPIH,Pocatello Regional Airport,medium_airport,Pocatello,US,42.909801,-112.596001,America/Boise
PIK,EGPK,Glasgow Prestwick Airport,large_airport,"Prestwick, South Ayrshire",GB,55.501499,-4.577182,Europe/London
PIP,PAPN,Pilot Point Airport,small_airport,Pilot Point,US,57.580399,-157.572006,America/Anchorage
PIR,KPIR,Pierre Regional Airport,medium_airport,Pierre,US,44.382702,-100.286003,America/Chicago
PIS,LFBI,Poitiers-Biard Airport,medium_airport,Poitiers/Biard,FR,46.587700,0.306666,Europe/Paris
PIT,KPIT,Pittsburgh International Airport,large_airport,Pittsburgh,US,40.491501,-80.232903,America/New_York
PIU,SPUR,PAF Captain Guillermo Concha Iberico International Airport,medium_airport,Piura,PE,-5.205750,-80.616402,America/Lima
PIX,LPPI,Pico Airport,medium_airport,Pico Island,PT,38.554298,-28.441299,Atlantic/Azores
PIZ,PPIZ,Point Lay LRRS Airport,medium_airport,Point Lay,US,69.732903,-163.005005,America/Nome
PJA,ESUP,Pajala Airport,small_airport,Pajala,SE,67.244569,23.074894,Europe/Stockholm
PJM,MRPJ,Puerto Jimenez Airport,medium_airport,Puerto Jimenez,CR,8.533330,-83.300003,America/Costa_Rica
PKA,PAPK,Napaskiak Airport,small_airport,Napaskiak,US,60.702900,-161.778000,America/Nome
PKB,KPKB,Mid Ohio Valley Regional Airport,medium_airport,Parkersburg (Williamstown),US,39.345100,-81.439201,America/New_York
PKC,UHPP,Yelizovo Airport,large_airport,Petropavlovsk-Kamchatsky,RU,53.168716,158.451068,Asia/Kamchatka
PKE,YPKS,Parkes Airport,medium_airport,Parkes,AU,-33.131401,148.238998,Australia/Sydney
PKG,WMPA,Pulau Pangkor Airport,small_airport,Pangkor Island,MY,4.244720,100.553001,Asia/Kuala_Lumpur
PKN,WAGI,Iskandar Airport,small_airport,Pangkalanbun,ID,-2.705200,111.672997,Asia/Pontianak
PKP,NTGP,Puka Puka Airport,small_airport,,PF,-14.809550,-138.812621,Pacific/Tahiti
PKR,VNPK,Pokhara Domestic Airport,medium_airport,Pokhara,NP,28.200621,83.981203,Asia/Kathmandu
PKU,WIBB,Sultan Syarif Kasim II International Airport / Roesmin Nurjadin AFB,medium_airport,Pekanbaru,ID,0.458647,101.444321,Asia/Jakarta
PKV,ULOO,Princess Olga Pskov International Airport,medium_airport,Pskov,RU,57.781316,28.393840,Europe/Moscow
PKX,ZBAD,Beijing Daxing International Airport,large_airport,Beijing,CN,39.501289,116.413967,Asia/Shanghai
PKY,WAGG,Tjilik Riwut Airport,medium_airport,Palangkaraya,ID,-2.227146,113.943388,Asia/Pontianak
PKZ,VLPS,Pakse International Airport,large_airport,Pakse,LA,15.133973,105.779871,Asia/Vientiane
PLJ,MZPL,Placencia Airport,medium_airport,Placencia,BZ,16.536957,-88.361511,America/Guatemala
PLM,WIPP,Sultan Mahmud Badaruddin II Airport,medium_airport,Palembang,ID,-2.897653,104.698147,Asia/Jakarta
PLN,KPLN,Pellston Regional Airport of Emmet County Airport,medium_airport,Pellston,US,45.570900,-84.796700,America/Detroit
PLO,YPLC,Port Lincoln Airport,medium_airport,Port Lincoln,AU,-34.605301,135.880005,Australia/Adelaide
PLQ,EYPA,Palanga International Airport,large_airport,Palanga,LT,55.973202,21.093901,Europe/Vilnius
PLS,MBPV,Providenciales International Airport,large_airport,Providenciales,TC,21.773697,-72.268321,America/Grand_Turk
PLW,WAFF,Mutiara - SIS Al-Jufrie Airport,medium_airport,Palu,ID,-0.916462,119.908647,Asia/Makassar
PLX,UASS,Semei International Airport,large_airport,Semey,KZ,50.351295,80.234398,Asia/Almaty
PLZ,FAPE,Chief Dawid Stuurman International Airport,large_airport,Gqeberha (Port Elizabeth),ZA,-33.989715,25.617353,Africa/Johannesburg
PMC,SCTE,El Tepual International Airport,large_airport,Puerto Montt,CL,-41.443093,-73.094065,America/Santiago
PMF,LIMP,Parma Airport,medium_airport,Parma (PR),IT,44.826351,10.297050,Europe/Rome
PMG,SBPP,Ponta Porã Airport,medium_airport,Ponta Porã,BR,-22.549601,-55.702599,America/Campo_Grande
PMI,LEPA,Palma de Mallorca Airport,large_airport,Palma de Mallorca,ES,39.551701,2.738810,Europe/Madrid
PMK,YPAM,Palm Island Airport,small_airport,,AU,-18.755301,146.580994,Australia/Brisbane
PMO,LICJ,Falcone–Borsellino Airport,large_airport,Palermo,IT,38.175999,13.091000,Europe/Rome
PMQ,SAWP,Perito Moreno Jalil Hamer Airport,medium_airport,Perito Moreno,AR,-46.537899,-70.978699,America/Argentina/Rio_Gallegos
PMR,NZPM,Palmerston North Airport,medium_airport,Palmerston North,NZ,-40.320599,175.617004,Pacific/Auckland
PMV,SVMG,Del Caribe Santiago Mariño International Airport,large_airport,Isla Margarita,VE,10.912603,-63.966599,America/Caracas
PMW,SBPJ,Brigadeiro Lysias Rodrigues Airport,medium_airport,Palmas,BR,-10.291500,-48.356998,America/Araguaina
PMY,SAVY,El Tehuelche Airport,medium_airport,Puerto Madryn,AR,-42.759200,-65.102700,America/Argentina/Catamarca
PNA,LEPP,Pamplona Airport,medium_airport,Pamplona,ES,42.770000,-1.646330,Europe/Madrid
PND,MZPG,Punta Gorda Airport,small_airport,Punta Gorda,BZ,16.102400,-88.808296,America/Guatemala
PNI,PTPN,Pohnpei International Airport,medium_airport,Pohnpei Island,FM,6.985082,158.209920,Pacific/Pohnpei
PNK,WIOO,Supadio International Airport,large_airport,Pontianak,ID,-0.152258,109.404493,Asia/Pontianak
PNL,LICG,Pantelleria Airport,medium_airport,Pantelleria (TP),IT,36.816502,11.968900,Europe/Rome
PNP,AYGR,Girua Airport,medium_airport,Popondetta,PG,-8.804540,148.309006,Pacific/Port_Moresby
PNQ,VAPO,Pune International Airport,large_airport,Pune,IN,18.582100,73.919701,Asia/Kolkata
PNR,FCPP,Antonio Agostinho-Neto International Airport,large_airport,Pointe Noire,CG,-4.816030,11.886600,Africa/Brazzaville
PNS,KPNS,Pensacola International Airport,large_airport,Pensacola,US,30.472718,-87.186639,America/Chicago
PNT,SCNT,Lieutenant Julio Gallardo Airport,medium_airport,Puerto Natales,CL,-51.670670,-72.529078,America/Punta_Arenas
PNY,VOPC,Pondicherry Airport,medium_airport,Puducherry (Pondicherry),IN,11.968000,79.812000,Asia/Kolkata
PNZ,SBPL,Senador Nilo Coelho Airport,medium_airport,Petrolina,BR,-9.362422,-40.569098,America/Recife
POA,SBPA,Porto Alegre-Salgado Filho International Airport,large_airport,Porto Alegre,BR,-29.993984,-51.167482,America/Sao_Paulo
POG,FOOG,Port Gentil International Airport,large_airport,Port Gentil,GA,-0.711739,8.754380,Africa/Libreville
POL,FQPB,Pemba Airport,medium_airport,Pemba,MZ,-12.993302,40.524867,Africa/Maputo
POM,AYPY,Port Moresby Jacksons International Airport,large_airport,Port Moresby,PG,-9.443380,147.220001,Pacific/Port_Moresby
POP,MDPP,Gregorio Luperon International Airport,medium_airport,Puerto Plata,DO,19.757900,-70.570000,America/Santo_Domingo
POR,EFPO,Pori Airport,medium_airport,Pori,FI,61.461700,21.799999,Europe/Helsinki
POS,TTPP,Piarco International Airport,large_airport,Port of Spain,TT,10.595350,-61.337568,America/Port_of_Spain
POZ,EPPO,Poznań-Ławica Airport,large_airport,Poznań,PL,52.421598,16.823359,Europe/Warsaw
PPB,SBDN,Presidente Prudente Airport,medium_airport,Presidente Prudente,BR,-22.175100,-51.424599,America/Sao_Paulo
PPE,MMPE,Mar de Cortés International Airport,small_airport,Puerto Peñasco,MX,31.351987,-113.305177,America/Hermosillo
PPG,NSTU,Pago Pago International Airport,large_airport,Pago Pago,AS,-14.331000,-170.710007,Pacific/Apia
PPK,UACP,Petropavl International Airport,large_airport,Petropavl,KZ,54.775622,69.187415,Asia/Almaty
PPN,SKPP,Guillermo León Valencia Airport,medium_airport,Popayán,CO,2.454359,-76.609253,America/Bogota
PPP,YBPN,Proserpine Whitsunday Coast Airport,medium_airport,Proserpine,AU,-20.494416,148.553583,Australia/Brisbane
PPS,RPVP,Puerto Princesa International Airport / PAF Antonio Bautista Air Base,large_airport,Puerto Princesa,PH,9.742044,118.759110,Asia/Manila
PPT,NTAA,Fa'a'ā International Airport,large_airport,Papeete,PF,-17.553472,-149.606936,Pacific/Tahiti
PPW,EGEP,Papa Westray Airport,small_airport,"Papa Westray, Orkney Islands",GB,59.351012,-2.900353,Europe/London
PQC,VVPQ,Phú Quốc International Airport,large_airport,Phu Quoc Island,VN,10.169783,103.993530,Asia/Phnom_Penh
PQI,KPQI,Presque Isle International Airport,medium_airport,Presque Isle,US,46.688999,-68.044800,America/New_York
PQQ,YPMQ,Port Macquarie Airport,medium_airport,Port Macquarie,AU,-31.435801,152.863007,Australia/Sydney
PQS,,Pilot Station Airport,small_airport,Pilot Station,US,61.961690,-162.941944,America/Nome
PRA,SAAP,General Urquiza Airport,medium_airport,Parana,AR,-31.794800,-60.480400,America/Argentina/Cordoba
PRC,KPRC,Prescott Regional Airport - Ernest A. Love Field,medium_airport,Prescott,US,34.653502,-112.419883,America/Phoenix
PRG,LKPR,Václav Havel Airport Prague,large_airport,Prague,CZ,50.100874,14.259911,Europe/Prague
PRI,FSPP,Praslin Island Airport,medium_airport,Praslin Island,SC,-4.319256,55.691561,Indian/Mahe
PRM,LPPM,Portimão Airport,medium_airport,Portimão,PT,37.149300,-8.583960,Europe/Lisbon
PRN,BKPR,Priština Adem Jashari International Airport,large_airport,Prishtina,XK,42.572800,21.035801,Europe/Belgrade
PSA,LIRP,Pisa International Airport,large_airport,Pisa (PI),IT,43.683899,10.392700,Europe/Rome
PSC,KPSC,Tri Cities Airport,medium_airport,Pasco,US,46.264702,-119.119003,America/Los_Angeles
PSD,HEPS,Port Said International Airport,large_airport,Port Said,EG,31.279285,32.240582,Africa/Cairo
PSE,TJPS,Mercedita International Airport,medium_airport,Ponce,PR,18.008301,-66.563004,America/Puerto_Rico
PSG,PAPG,Petersburg James A Johnson Airport,medium_airport,Petersburg,US,56.801701,-132.945007,America/Vancouver
PSM,KPSM,Portsmouth International Airport at Pease,medium_airport,Portsmouth,US,43.077900,-70.823303,America/New_York
PSO,SKPS,Antonio Nariño Airport,medium_airport,Chachagüí,CO,1.396722,-77.290930,America/Bogota
PSP,KPSP,Palm Springs International Airport,large_airport,Palm Springs,US,33.829700,-116.507004,America/Los_Angeles
PSR,LIBP,Abruzzo Airport,large_airport,Pescara,IT,42.431079,14.182981,Europe/Rome
PSS,SARP,Libertador Gral D Jose De San Martin Airport,medium_airport,Posadas,AR,-27.385800,-55.970700,America/Argentina/Cordoba
PSU,WIOP,Pangsuma Airport,medium_airport,Putussibau-Borneo Island,ID,0.834579,112.940217,Asia/Pontianak
PSY,SFAL,Port Stanley Airport,small_airport,Stanley,FK,-51.685699,-57.777599,Atlantic/Stanley
PSZ,SLPS,Capitán Av. Salvador Ogaya G. airport,medium_airport,Puerto Suárez,BO,-18.975301,-57.820599,America/La_Paz
PTA,PALJ,Port Alsworth Airport,small_airport,Port Alsworth,US,60.201681,-154.325863,America/Anchorage
PTF,NFFO,Malolo Lailai Island Airport,small_airport,Malolo Lailai Island,FJ,-17.778448,177.196996,Pacific/Fiji
PTG,FAPP,Polokwane International Airport,large_airport,Polokwane,ZA,-23.845269,29.458615,Africa/Johannesburg
PTH,PAPH,Port Heiden Airport,medium_airport,Port Heiden,US,56.957893,-158.630219,America/Anchorage
PTJ,YPOD,Portland Airport,medium_airport,,AU,-38.318100,141.470993,Australia/Melbourne
PTO,SBPO,Juvenal Loureiro Cardoso Airport,small_airport,Pato Branco,BR,-26.217184,-52.694463,America/Sao_Paulo
PTP,TFFR,Maryse Condé International Airport,large_airport,Pointe-à-Pitre,GP,16.265443,-61.532754,America/Guadeloupe
PTU,PAPM,Platinum Airport,medium_airport,Platinum,US,59.017675,-161.827927,America/Anchorage
PTY,MPTO,Tocumen International Airport,large_airport,Tocumen,PA,9.071360,-79.383499,America/Panama
PUB,KPUB,Pueblo Memorial Airport,medium_airport,Pueblo,US,38.289101,-104.497002,America/Denver
PUD,SAWD,Puerto Deseado Airport,medium_airport,Puerto Deseado,AR,-47.735300,-65.904100,America/Argentina/Rio_Gallegos
PUF,LFBP,Pau Pyrénées Airport,medium_airport,Pau/Pyrénées (Uzein),FR,43.380001,-0.418611,Europe/Paris
PUG,YPAG,Port Augusta Airport,medium_airport,,AU,-32.506901,137.716995,Australia/Adelaide
PUJ,MDPC,Punta Cana International Airport,large_airport,Punta Cana,DO,18.567093,-68.364558,America/Puerto_Rico
PUQ,SCCI,President Carlos Ibáñez International Airport,large_airport,Punta Arenas,CL,-53.002602,-70.854599,America/Punta_Arenas
PUR,SLPR,Puerto Rico Airport,small_airport,Puerto Rico/Manuripi,BO,-11.107663,-67.551155,America/La_Paz
PUS,RKPK,Gimhae International Airport,large_airport,Busan,KR,35.179501,128.938004,Asia/Seoul
PUU,SKAS,Tres De Mayo Airport,medium_airport,Puerto Asís,CO,0.505228,-76.500800,America/Bogota
PUW,KPUW,Pullman-Moscow Regional Airport,medium_airport,Pullman,US,46.741601,-117.111630,America/Los_Angeles
PUY,LDPL,Pula Airport,large_airport,Pula,HR,44.893501,13.922200,Europe/Zagreb
PUZ,MNPC,Puerto Cabezas Airport,medium_airport,Puerto Cabezas,NI,14.047200,-83.386703,America/Managua
PVA,SKPV,El Embrujo Airport,medium_airport,Providencia,CO,13.357461,-81.357977,America/Bogota
PVD,KPVD,Rhode Island T. F. Green International Airport,large_airport,Providence/Warwick,US,41.725038,-71.425668,America/New_York
PVG,ZSPD,Shanghai Pudong International Airport,large_airport,Shanghai (Pudong),CN,31.143400,121.805000,Asia/Shanghai
PVH,SBPV,Governador Jorge Teixeira de Oliveira International Airport,large_airport,Porto Velho,BR,-8.708491,-63.902338,America/Porto_Velho
PVK,LGPZ,Aktion National Airport,medium_airport,Preveza,GR,38.925499,20.765301,Europe/Athens
PVR,MMPR,Puerto Vallarta International Airport,large_airport,Puerto Vallarta,MX,20.679913,-105.254391,America/Mexico_City
PVU,KPVU,Provo Municipal Airport,medium_airport,Provo,US,40.218894,-111.722445,America/Denver
PWE,UHMP,Pevek Airport,medium_airport,Apapelgino,RU,69.783302,170.597000,Asia/Anadyr
PWM,KPWM,Portland International Jetport,large_airport,Portland,US,43.646198,-70.309303,America/New_York
PWQ,UASP,Pavlodar International Airport,large_airport,Pavlodar,KZ,52.194982,77.073088,Asia/Almaty
PXH,YPMH,Prominent Hill Airport,small_airport,Mount Eba,AU,-29.716000,135.524400,Australia/Adelaide
PXM,MMPS,Puerto Escondido International Airport,medium_airport,Puerto Escondido,MX,15.876808,-97.089100,America/Mexico_City
PXO,LPPS,Porto Santo Airport,medium_airport,Vila Baleira,PT,33.073399,-16.350000,Atlantic/Madeira
PXR,VTUJ,Surin Airport,medium_airport,Surin,TH,14.868300,103.498001,Asia/Bangkok
PXU,VVPK,Pleiku Airport,medium_airport,Pleiku,VN,14.004500,108.016998,Asia/Ho_Chi_Minh
PYJ,UERP,Polyarny Airport,medium_airport,Yakutia,RU,66.400398,112.029999,Asia/Yakutsk
PYK,OIIP,Payam International Airport,large_airport,Karaj,IR,35.776100,50.826698,Asia/Tehran
PYT,SNZR,Pedro Rabelo de Souza Airport,small_airport,Paracatu,BR,-17.242599,-46.883099,America/Sao_Paulo
PZB,FAPM,Pietermaritzburg Airport,medium_airport,Pietermaritzburg,ZA,-29.649000,30.398701,Africa/Johannesburg
PZH,OPZB,Zhob Airport,medium_airport,Fort Sandeman,PK,31.358400,69.463600,Asia/Karachi
PZI,ZUZH,Panzhihua Bao'anying Airport,medium_airport,Panzhihua (Renhe),CN,26.540000,101.798520,Asia/Shanghai
PZO,SVPR,General Manuel Carlos Piar International Airport,large_airport,Guyana City,VE,8.288530,-62.760399,America/Caracas
PZU,HSPN,Port Sudan New International Airport,large_airport,Port Sudan,SD,19.434558,37.234125,Africa/Khartoum
QBC,CYBD,Bella Coola Airport,medium_airport,Bella Coola,CA,52.387501,-126.596001,America/Vancouver
QOW,DNIM,Sam Mbakwe International Cargo Airport,medium_airport,Owerri,NG,5.427060,7.206030,Africa/Lagos
QRO,MMQT,Querétaro Intercontinental Airport,large_airport,Querétaro,MX,20.618779,-100.186449,America/Mexico_City
QRW,DNSU,Warri Airport,medium_airport,Okpe,NG,5.598210,5.818700,Africa/Lagos
QSF,DAAS,Ain Arnat Airport,medium_airport,Sétif,DZ,36.178488,5.329909,Africa/Algiers
QSR,LIRI,Salerno Costa d'Amalfi Airport,medium_airport,Salerno,IT,40.620399,14.911300,Europe/Rome
QSZ,ZWSC,Shache Airport,medium_airport,Shache,CN,38.245420,77.056149,Asia/Urumqi
QUO,DNAI,Akwa Ibom International Airport,medium_airport,Uyo,NG,4.872500,8.093000,Africa/Lagos
RAB,AYTK,Tokua Airport,medium_airport,Kokopo,PG,-4.340460,152.380005,Pacific/Port_Moresby
RAE,OERR,Arar Domestic Airport,medium_airport,Arar,SA,30.906601,41.138199,Asia/Riyadh
RAH,OERF,Rafha Domestic Airport,medium_airport,Rafha,SA,29.626400,43.490601,Asia/Riyadh
RAI,GVNP,Nelson Mandela International Airport,large_airport,Praia,CV,14.941126,-23.484728,Atlantic/Cape_Verde
RAK,GMMX,Marrakesh Menara Airport,large_airport,Marrakesh,MA,31.604807,-8.035788,Africa/Casablanca
RAM,YRNG,Ramingining Airport,small_airport,,AU,-12.356400,134.897995,Australia/Darwin
RAO,SBRP,Leite Lopes Airport,medium_airport,Ribeirão Preto,BR,-21.134314,-47.774053,America/Sao_Paulo
RAP,KRAP,Rapid City Regional Airport,medium_airport,Rapid City,US,44.045300,-103.056999,America/Denver
RAR,NCRG,Rarotonga International Airport,large_airport,Avarua,CK,-21.202700,-159.806000,Pacific/Rarotonga
RAS,OIGG,Sardar-e-Jangal Airport,medium_airport,Rasht,IR,37.323333,49.617778,Asia/Tehran
RBA,GMME,Rabat-Salé Airport,large_airport,Rabat,MA,34.051498,-6.751520,Africa/Casablanca
RBB,SWBR,Borba Airport,small_airport,Borba,BR,-4.406340,-59.602402,America/Manaus
RBQ,SLRQ,Rurrenabaque Airport,small_airport,Rurrenabaque,BO,-14.427900,-67.496803,America/La_Paz
RBR,SBRB,Rio Branco-Plácido de Castro International Airport,large_airport,Rio Branco,BR,-9.869031,-67.893984,America/Rio_Branco
RBV,AGRM,Ramata Airport,small_airport,Ramata,SB,-8.168060,157.643005,Pacific/Guadalcanal
RBY,PARY,Ruby Airport,medium_airport,Ruby,US,64.727203,-155.470001,America/Anchorage
RCB,FARB,Richards Bay Airport,medium_airport,Richards Bay,ZA,-28.740999,32.092098,Africa/Johannesburg
RCE,WA09,Roche Harbor Airport,small_airport,Roche Harbor,US,48.612301,-123.139000,America/Los_Angeles
RCH,SKRH,Almirante Padilla Airport,medium_airport,Riohacha,CO,11.526200,-72.926000,America/Bogota
RCM,YRMD,Richmond Airport,small_airport,,AU,-20.701900,143.115005,Australia/Brisbane
RDD,KRDD,Redding Municipal Airport,medium_airport,Redding,US,40.508999,-122.292999,America/Los_Angeles
RDM,KRDM,Roberts Field,medium_airport,Redmond,US,44.254101,-121.150002,America/Los_Angeles
RDO,EPRA,Warsaw Radom Airport,medium_airport,Radom,PL,51.389370,21.214742,Europe/Warsaw
RDP,VEDG,Kazi Nazrul Islam Airport,medium_airport,Durgapur,IN,23.622500,87.243000,Asia/Kolkata
RDU,KRDU,Raleigh-Durham International Airport,large_airport,Raleigh/Durham,US,35.878659,-78.787300,America/New_York
RDV,,Red Devil Airport,small_airport,Red Devil,US,61.788101,-157.350006,America/Anchorage
RDZ,LFCR,Rodez–Aveyron Airport,medium_airport,Rodez/Marcillac,FR,44.407902,2.482670,Europe/Paris
REC,SBRF,Recife/Guararapes - Gilberto Freyre International Airport,large_airport,Recife,BR,-8.127470,-34.922961,America/Recife
REG,LICR,Reggio Calabria Airport,medium_airport,Reggio Calabria,IT,38.071201,15.651600,Europe/Rome
REL,SAVT,Almirante Marco Andres Zar Airport,medium_airport,Rawson,AR,-43.210500,-65.270300,America/Argentina/Catamarca
REN,UWOO,Orenburg Central Airport,medium_airport,Orenburg,RU,51.792668,55.457229,Asia/Yekaterinburg
RER,MGRT,Retalhuleu Airport,medium_airport,Retalhuleu,GT,14.521431,-91.697001,America/Guatemala
RES,SARE,Resistencia International Airport,large_airport,Resistencia,AR,-27.449910,-59.056125,America/Argentina/Cordoba
RET,ENRS,Røst Airport,small_airport,Røst,NO,67.526482,12.101575,Europe/Oslo
REU,LERS,Reus Airport,large_airport,Reus,ES,41.147509,1.168354,Europe/Madrid
REW,VERW,"Rewa Airport, Chorhata, REWA",medium_airport,Rewa,IN,24.503401,81.220299,Asia/Kolkata
REX,MMRX,General Lucio Blanco International Airport,medium_airport,Reynosa,MX,26.008900,-98.228500,America/Matamoros
RFD,KRFD,Chicago Rockford International Airport,medium_airport,Chicago/Rockford,US,42.195400,-89.097198,America/Chicago
RFP,NTTR,Raiatea Airport,medium_airport,Uturoa,PF,-16.722900,-151.466003,Pacific/Tahiti
RGA,SAWE,Gobernador Ramón Trejo Noel International Airport,medium_airport,Rio Grande,AR,-53.777700,-67.749400,America/Argentina/Ushuaia
RGI,NTTG,Rangiroa Airport,medium_airport,,PF,-14.954300,-147.660995,Pacific/Tahiti
RGL,SAWG,Piloto Civil Norberto Fernández International Airport,large_airport,Rio Gallegos,AR,-51.608791,-69.308948,America/Argentina/Rio_Gallegos
RGN,VYYY,Yangon International Airport,large_airport,Yangon,MM,16.907301,96.133202,Asia/Yangon
RGO,ZKHM,Orang (Chongjin) Airport,medium_airport,Hoemun-ri,KP,41.428538,129.647555,Asia/Pyongyang
RHD,SANR,Termas de Río Hondo international Airport,medium_airport,Termas de Río Hondo,AR,-27.496600,-64.935950,America/Argentina/Tucuman
RHI,KRHI,Rhinelander Oneida County Airport,medium_airport,Rhinelander,US,45.631199,-89.467499,America/Chicago
RHO,LGRP,"Rhodes International Airport ""Diagoras""",large_airport,Rhodes,GR,36.405399,28.086201,Europe/Athens
RHT,ZBAR,Alxa Right Banner Badanjilin Airport,small_airport,Badanjilin,CN,39.225000,101.546000,Asia/Shanghai
RIA,SBSM,Santa Maria Airport,medium_airport,Santa Maria,BR,-29.711399,-53.688202,America/Sao_Paulo
RIB,SLRI,Capitán Av. Selin Zeitun Lopez Airport,medium_airport,Riberalta,BO,-11.009355,-66.075468,America/La_Paz
RIC,KRIC,Richmond International Airport,large_airport,Richmond,US,37.505199,-77.319702,America/New_York
RIH,MPSM,Scarlett Martinez International Airport,small_airport,Río Hato,PA,8.375880,-80.127899,America/Panama
RIS,RJER,Rishiri Airport,medium_airport,Rishiri,JP,45.242001,141.186005,Asia/Tokyo
RIW,KRIW,Central Wyoming Regional Airport,medium_airport,Riverton,US,43.064201,-108.459999,America/Denver
RIX,EVRA,Riga International Airport,large_airport,Riga,LV,56.920752,23.970711,Europe/Riga
RIY,OYRN,Riyan International Airport,large_airport,Mukalla(Riyan),YE,14.662241,49.375289,Asia/Aden
RIZ,ZSRZ,Rizhao Shanzihe Airport,medium_airport,Rizhao (Donggang),CN,35.405033,119.324403,Asia/Shanghai
RJA,VORY,Rajahmundry Airport,medium_airport,Madhurapudi,IN,17.105799,81.813204,Asia/Kolkata
RJH,VGRJ,Shah Makhdum Airport,medium_airport,Rajshahi,BD,24.437201,88.616501,Asia/Dhaka
RJK,LDRI,Rijeka Airport,large_airport,Rijeka(Omišalj),HR,45.216376,14.570850,Europe/Zagreb
RJL,LERJ,Logroño-Agoncillo Airport,medium_airport,Logroño,ES,42.460953,-2.322235,Europe/Madrid
RJM,WASN,Marinda Airport,small_airport,Waisai,ID,-0.424969,130.773535,Asia/Jayapura
RJN,OIKR,Rafsanjan Airport,medium_airport,Rafsanjan,IR,30.298345,56.048979,Asia/Tehran
RKD,KRKD,Knox County Regional Airport,medium_airport,Rockland,US,44.060101,-69.099197,America/New_York
RKE,EKRK,Copenhagen Roskilde Airport,medium_airport,Roskilde,DK,55.585602,12.131400,Europe/Copenhagen
RKI,WIEB,Mentawai Airport,small_airport,Sipura Island,ID,-2.100100,99.704400,Asia/Jakarta
RKS,KRKS,Southwest Wyoming Regional Airport,medium_airport,Rock Springs,US,41.594200,-109.065001,America/Denver
RKT,OMRK,Ras Al Khaimah International Airport,large_airport,Ras Al Khaimah,AE,25.613501,55.938801,Asia/Dubai
RKV,BIRK,Reykjavík Domestic Airport,medium_airport,Reykjavík,IS,64.128732,-21.937590,Atlantic/Reykjavik
RKZ,ZURK,Xigaze Peace Airport / Shigatse Air Base,large_airport,Xigazê (Samzhubzê),CN,29.350876,89.299157,Asia/Shanghai
RLG,ETNL,Rostock-Laage Airport,medium_airport,Laage,DE,53.918201,12.278300,Europe/Berlin
RLK,ZBYZ,Bayannur Tianjitai Airport,medium_airport,Bayannur,CN,40.926358,107.740930,Asia/Shanghai
RMA,YROM,Roma Airport,medium_airport,Roma,AU,-26.545000,148.774994,Australia/Brisbane
RMF,HEMA,Marsa Alam International Airport,large_airport,Marsa Alam,EG,25.555548,34.592450,Africa/Cairo
RMI,LIPR,Federico Fellini International Airport,large_airport,Rimini (RN),IT,44.020024,12.612198,Europe/Rome
RML,VCCC,Colombo Ratmalana International Airport,large_airport,Colombo,LK,6.821638,79.885859,Asia/Colombo
RMO,LUKK,Chişinău International Airport,large_airport,Chişinău,MD,46.927740,28.931704,Europe/Chisinau
RMP,PFMP,Rampart Airport,small_airport,Rampart,US,65.507896,-150.141007,America/Anchorage
RMQ,RCMQ,Taichung International Airport / Ching Chuang Kang Air Base,large_airport,Taichung (Qingshui),TW,24.264700,120.621002,Asia/Taipei
RMT,NTAM,Rimatara Airport,small_airport,Rimatara Island,PF,-22.637250,-152.805900,Pacific/Tahiti
RMU,LEMI,Region of Murcia International Airport,large_airport,Corvera,ES,37.802852,-1.124884,Europe/Madrid
RMZ,USTJ,Tobolsk Remezov Airport,medium_airport,Tobolsk,RU,58.059712,68.347997,Asia/Yekaterinburg
RNB,ESDF,Ronneby Airport,medium_airport,Ronneby,SE,56.266701,15.265000,Europe/Stockholm
RNI,MNCI,Corn Island Airport,small_airport,Corn Island,NI,12.174785,-83.059445,America/Managua
RNJ,RORY,Yoron Airport,medium_airport,Yoron,JP,27.043847,128.401648,Asia/Tokyo
RNL,AGGR,Rennell/Tingoa Airport,small_airport,Rennell Island,SB,-11.550000,160.062778,Pacific/Guadalcanal
RNN,EKRN,Bornholm Airport,medium_airport,Rønne,DK,55.063301,14.759600,Europe/Copenhagen
RNO,KRNO,Reno Tahoe International Airport,large_airport,Reno,US,39.499100,-119.767998,America/Los_Angeles
RNP,,Rongelap Island Airport,small_airport,Rongelap Island,MH,11.157200,166.886993,Pacific/Kwajalein
RNS,LFRN,Rennes-Saint-Jacques Airport,medium_airport,"Saint-Jacques-de-la-Lande, Ille-et-Vilaine",FR,48.069500,-1.734790,Europe/Paris
ROA,KROA,Roanoke–Blacksburg Regional Airport,medium_airport,Roanoke,US,37.325500,-79.975403,America/New_York
ROB,GLRB,Roberts International Airport,large_airport,Monrovia,LR,6.233790,-10.362300,Africa/Monrovia
ROC,KROC,Frederick Douglass Greater Rochester International Airport,large_airport,Rochester,US,43.118900,-77.672401,America/New_York
ROI,VTUV,Roi Et Airport,medium_airport,Roi Et,TH,16.116800,103.774002,Asia/Bangkok
ROK,YBRK,Rockhampton Airport,medium_airport,Rockhampton,AU,-23.380019,150.475359,Australia/Brisbane
ROO,SBRD,Maestro Marinho Franco Airport,medium_airport,Rondonópolis,BR,-16.584292,-54.724803,America/Cuiaba
ROP,PGRO,Rota International Airport,large_airport,Rota Island,MP,14.173267,145.241103,Pacific/Guam
ROR,PTRO,Roman Tmetuchl International Airport,large_airport,Babelthuap Island,PW,7.366965,134.544085,Pacific/Palau
ROS,SAAR,Rosario Islas Malvinas International Airport,large_airport,Rosario,AR,-32.903600,-60.785000,America/Argentina/Cordoba
ROT,NZRO,Rotorua Regional Airport,medium_airport,Rotorua,NZ,-38.109200,176.317001,Pacific/Auckland
ROW,KROW,Roswell Air Center Airport,medium_airport,Roswell,US,33.301601,-104.530998,America/Denver
RPR,VERP,Swami Vivekananda Airport,medium_airport,Raipur,IN,21.180401,81.738800,Asia/Kolkata
RQA,ZWRQ,Ruoqiang Loulan Airport,medium_airport,Ruoqiang Town,CN,38.974722,88.008333,Asia/Urumqi
RRG,FIMR,Sir Charles Gaetan Duval Airport,medium_airport,Port Mathurin,MU,-19.756696,63.359326,Indian/Mauritius
RRR,NTKO,Raroia Airport,small_airport,Raroia,PF,-16.050485,-142.476568,Pacific/Tahiti
RRS,ENRO,Røros Airport,medium_airport,Røros,NO,62.578400,11.342300,Europe/Stockholm
RSA,SAZR,Santa Rosa Airport,medium_airport,Santa Rosa,AR,-36.588299,-64.275703,America/Argentina/Salta
RSD,MYER,Rock Sound International Airport,medium_airport,Rock Sound,BS,24.891650,-76.177602,America/Nassau
RSH,PARS,Russian Mission Airport,small_airport,Russian Mission,US,61.775071,-161.319466,America/Nome
RSI,OERS,Red Sea International Airport,large_airport,Hanak,SA,25.627975,37.088914,Asia/Riyadh
RST,KRST,Rochester International Airport,medium_airport,Rochester,US,43.908298,-92.500000,America/Chicago
RSU,RKJY,Yeosu Airport,medium_airport,Yeosu,KR,34.842300,127.616997,Asia/Seoul
RSW,KRSW,Southwest Florida International Airport,large_airport,Fort Myers,US,26.534685,-81.752816,America/New_York
RTA,NFNR,Rotuma Airport,small_airport,Rotuma,FJ,-12.482500,177.070999,Pacific/Fiji
RTB,MHRO,Juan Manuel Gálvez International Airport,large_airport,Coxen Hole,HN,16.316799,-86.523003,America/Tegucigalpa
RTG,WATG,Frans Sales Lega Airport,small_airport,"Satar Tacik, Manggarai",ID,-8.596171,120.478177,Asia/Makassar
RTI,WATR,David Constantijn Saudale Airport,small_airport,Ba'a - Rote Island,ID,-10.765834,123.076046,Asia/Makassar
RTM,EHRD,Rotterdam The Hague Airport,large_airport,Rotterdam,NL,51.956902,4.437220,Europe/Amsterdam
RUA,HUAR,Arua Airport,medium_airport,Arua,UG,3.049152,30.911714,Africa/Lubumbashi
RUH,OERK,King Khalid International Airport,large_airport,Riyadh,SA,24.957600,46.698799,Asia/Riyadh
RUL,VRQM,Maavaarulaa Airport,small_airport,Maavaarulu,MV,0.338085,73.512869,Indian/Maldives
RUN,FMEE,Roland Garros Airport,large_airport,Sainte-Marie,RE,-20.890087,55.518894,Indian/Reunion
RUR,NTAR,Rurutu Airport,medium_airport,,PF,-22.434099,-151.360992,Pacific/Tahiti
RUS,AGGU,Marau Airport,small_airport,Marau,SB,-9.861670,160.824997,Pacific/Guadalcanal
RUT,KRUT,Rutland - Southern Vermont Regional Airport,medium_airport,Rutland,US,43.529400,-72.949600,America/New_York
RVE,SKSA,Los Colonizadores Airport,small_airport,Saravena,CO,6.951868,-71.857179,America/Bogota
RVK,ENRM,"Rørvik Airport, Ryum",medium_airport,Rørvik,NO,64.838303,11.146100,Europe/Oslo
RVN,EFRO,Rovaniemi Airport,large_airport,Rovaniemi,FI,66.563327,25.829751,Europe/Helsinki
RVV,NTAV,Raivavae Airport,small_airport,,PF,-23.885201,-147.662003,Pacific/Tahiti
RVY,SURV,Pres. Gral. Óscar D. Gestido Binational Airport,medium_airport,Rivera/Santana do Livramento,UY,-30.974600,-55.476200,America/Montevideo
RXS,RPVR,Roxas Airport,medium_airport,Roxas City,PH,11.597700,122.751999,Asia/Manila
RYK,OPRK,Shaikh Zaid Airport,medium_airport,Rahim Yar Khan,PK,28.383900,70.279602,Asia/Karachi
RYO,SAWT,28 de Noviembre Airport,small_airport,Rio Turbio,AR,-51.605000,-72.220300,America/Punta_Arenas
RZE,EPRZ,Rzeszów-Jasionka Airport,large_airport,Jasionka,PL,50.109791,22.024155,Europe/Warsaw
RZR,OINR,Ramsar Airport,medium_airport,Ramsar,IR,36.907010,50.687316,Asia/Tehran
RZV,LTFO,Rize–Artvin Airport,medium_airport,Rize,TR,41.179766,40.848802,Europe/Istanbul
SAB,TNCS,Juancho E. Yrausquin Airport,medium_airport,Zion's Hill,BQ,17.645330,-63.220514,America/Kralendijk
SAF,KSAF,Santa Fe Municipal Airport,medium_airport,Santa Fe,US,35.617100,-106.088997,America/Denver
SAG,VASD,Shirdi International Airport,large_airport,Kakadi,IN,19.689211,74.373655,Asia/Kolkata
SAH,OYSN,Sanaa International Airport,large_airport,Sanaa,YE,15.476300,44.219700,Asia/Aden
SAI,VDSA,Siem Reap-Angkor International Airport,large_airport,Siem Reap,KH,13.369740,104.223831,Asia/Phnom_Penh
SAL,MSLP,El Salvador International Airport Saint Óscar Arnulfo Romero y Galdámez,large_airport,San Salvador (San Luis Talpa),SV,13.444470,-89.055784,America/El_Salvador
SAN,KSAN,San Diego International Airport,large_airport,San Diego,US,32.733601,-117.190002,America/Los_Angeles
SAP,MHLM,Ramón Villeda Morales International Airport,large_airport,San Pedro Sula,HN,15.452600,-87.923599,America/Tegucigalpa
SAQ,MYAN,San Andros Airport,medium_airport,Andros Island,BS,25.053801,-78.049004,America/Nassau
SAT,KSAT,San Antonio International Airport,large_airport,San Antonio,US,29.533701,-98.469803,America/Chicago
SAV,KSAV,Savannah Hilton Head International Airport,large_airport,Savannah,US,32.126591,-81.199980,America/New_York
SAW,LTFJ,Istanbul Sabiha Gökçen International Airport,large_airport,"Pendik, Istanbul",TR,40.898602,29.309200,Europe/Istanbul
SBA,KSBA,Santa Barbara Municipal Airport,medium_airport,Santa Barbara,US,34.426201,-119.839996,America/Los_Angeles
SBD,KSBD,San Bernardino International Airport,large_airport,San Bernardino,US,34.096717,-117.236596,America/Los_Angeles
SBH,TFFJ,St. Jean Airport,medium_airport,Gustavia,BL,17.904398,-62.843333,America/St_Barthelemy
SBN,KSBN,South Bend International Airport,medium_airport,South Bend,US,41.708304,-86.316922,America/Indiana/Indianapolis
SBP,KSBP,San Luis County Regional Airport,medium_airport,San Luis Obispo,US,35.236801,-120.641998,America/Los_Angeles
SBR,YSII,Saibai Island Airport,small_airport,Saibai Island,AU,-9.378330,142.625000,Australia/Brisbane
SBT,USDA,Sabetta International Airport,medium_airport,Sabetta,RU,71.219167,72.052222,Asia/Yekaterinburg
SBW,WBGS,Sibu Airport,medium_airport,Sibu,MY,2.261600,111.985001,Asia/Kuching
SBY,KSBY,Salisbury Ocean City Wicomico Regional Airport,medium_airport,Salisbury,US,38.340500,-75.510300,America/New_York
SBZ,LRSB,Sibiu International Airport,large_airport,Sibiu,RO,45.785841,24.086666,Europe/Bucharest
SCC,PASC,Deadhorse Airport,medium_airport,Deadhorse,US,70.194702,-148.464996,America/Anchorage
SCE,KUNV,State College Regional Airport,medium_airport,State College,US,40.849374,-77.848520,America/New_York
SCK,KSCK,Stockton Metropolitan Airport,medium_airport,Stockton,US,37.893279,-121.238079,America/Los_Angeles
SCL,SCEL,Comodoro Arturo Merino Benítez International Airport,large_airport,Santiago,CL,-33.393002,-70.785797,America/Santiago
SCM,PACM,Scammon Bay Airport,small_airport,Scammon Bay,US,61.844710,-165.575209,America/Nome
SCN,EDDR,Saarbrücken Airport,medium_airport,Saarbrücken,DE,49.214545,7.109735,Europe/Berlin
SCO,UATE,Aktau International Airport,large_airport,Aktau,KZ,43.860093,51.090860,Asia/Aqtau
SCQ,LEST,Santiago-Rosalía de Castro Airport,large_airport,Santiago de Compostela,ES,42.896301,-8.415140,Europe/Madrid
SCR,ESKS,Scandinavian Mountains Airport,large_airport,Malung-Sälen,SE,61.165080,12.833520,Europe/Stockholm
SCT,OYSQ,Socotra Airport,medium_airport,Mori,YE,12.632093,53.906173,Asia/Aden
SCU,MUCU,Antonio Maceo International Airport,large_airport,Santiago,CU,19.974740,-75.835504,America/Havana
SCV,LRSV,Suceava Ștefan cel Mare International Airport,large_airport,Suceava,RO,47.687500,26.354099,Europe/Bucharest
SCW,UUYY,Syktyvkar Airport,medium_airport,Syktyvkar,RU,61.646999,50.845100,Europe/Moscow
SCY,SEST,San Cristóbal Airport,small_airport,Puerto Baquerizo Moreno,EC,-0.910206,-89.617401,Pacific/Galapagos
SCZ,AGGL,Santa Cruz/Graciosa Bay/Luova Airport,small_airport,Santa Cruz/Graciosa Bay/Luova,SB,-10.720300,165.794998,Pacific/Guadalcanal
SDD,FNUB,Lubango Mukanka International Airport,medium_airport,Lubango,AO,-14.924839,13.576653,Africa/Luanda
SDE,SANE,Vicecomodoro Angel D. La Paz Aragonés Airport,medium_airport,Santiago del Estero,AR,-27.765556,-64.309998,America/Argentina/Cordoba
SDF,KSDF,Louisville Muhammad Ali International Airport,large_airport,Louisville,US,38.170600,-85.735076,America/Kentucky/Louisville
SDG,OICS,Sanandaj Airport,medium_airport,,IR,35.245899,47.009201,Asia/Tehran
SDJ,RJSS,Sendai Airport,large_airport,Natori,JP,38.139702,140.917007,Asia/Tokyo
SDK,WBKS,Sandakan Airport,medium_airport,Sandakan,MY,5.900900,118.058998,Asia/Kuching
SDL,ESNN,Sundsvall-Härnösand Airport,medium_airport,Sundsvall/ Härnösand,SE,62.528099,17.443899,Europe/Stockholm
SDN,ENSD,"Sandane Airport, Anda",small_airport,Sandane,NO,61.830002,6.105830,Europe/Oslo
SDP,PASD,Sand Point Airport,medium_airport,Sand Point,US,55.313908,-160.522099,America/Anchorage
SDQ,MDSD,Las Américas International Airport,large_airport,Santo Domingo,DO,18.429701,-69.668900,America/Santo_Domingo
SDR,LEXJ,Seve Ballesteros-Santander Airport,medium_airport,Santander,ES,43.427101,-3.820010,Europe/Madrid
SDS,RJSD,Sado Airport,medium_airport,Sado,JP,38.060200,138.414001,Asia/Tokyo
SDU,SBRJ,Santos Dumont Airport,large_airport,Rio de Janeiro,BR,-22.910397,-43.162820,America/Sao_Paulo
SDW,VOSR,Sindhudurg Airport,medium_airport,Chipi,IN,16.002552,73.529846,Asia/Kolkata
SDY,KSDY,Sidney - Richland Regional Airport,medium_airport,Sidney,US,47.705141,-104.194422,America/Denver
SEA,KSEA,Seattle–Tacoma International Airport,large_airport,Seattle,US,47.447943,-122.310276,America/Los_Angeles
SEB,HLLS,Sabha Airport,medium_airport,Sabha,LY,26.992452,14.466162,Africa/Tripoli
SEK,UESK,Srednekolymsk Airport,medium_airport,Srednekolymsk,RU,67.480500,153.736400,Asia/Srednekolymsk
SEN,EGMC,London Southend Airport,medium_airport,"Southend-on-Sea, Essex",GB,51.570562,0.693627,Europe/London
SET,SNHS,Santa Magalhães Airport,small_airport,Serra Talhada,BR,-8.061433,-38.328888,America/Recife
SEU,HTSN,Seronera Airport,small_airport,Seronera,TZ,-2.458060,34.822498,Africa/Dar_es_Salaam
SEZ,FSIA,Seychelles International Airport,large_airport,Victoria,SC,-4.674340,55.521801,Indian/Mahe
SFA,DTTX,Sfax Thyna International Airport,medium_airport,Sfax,TN,34.717999,10.691000,Africa/Tunis
SFB,KSFB,Orlando Sanford International Airport,large_airport,Orlando,US,28.774277,-81.234626,America/New_York
SFC,TFFC,St-François Airport,small_airport,St-François,GP,16.257799,-61.262501,America/Guadeloupe
SFG,TFFG,Grand Case-l'Espérance Airport,medium_airport,Grand Case,MF,18.100057,-63.047444,America/Marigot
SFJ,BGSF,Kangerlussuaq International Airport,medium_airport,Kangerlussuaq,GL,67.010446,-50.715294,America/Nuuk
SFL,GVSF,São Filipe Airport,small_airport,São Filipe,CV,14.885000,-24.480000,Atlantic/Cape_Verde
SFN,SAAV,Sauce Viejo Airport,medium_airport,Santa Fe,AR,-31.711700,-60.811700,America/Argentina/Cordoba
SFO,KSFO,San Francisco International Airport,large_airport,San Francisco,US,37.619806,-122.374821,America/Los_Angeles
SFS,RPLB,Subic Bay International Airport / Naval Air Station Cubi Point,large_airport,Olongapo,PH,14.794833,120.271883,Asia/Manila
SFT,ESNS,Skellefteå Airport,medium_airport,Skellefteå,SE,64.624802,21.076900,Europe/Stockholm
SGC,USRR,Surgut International Airport,large_airport,Surgut,RU,61.340501,73.405782,Asia/Yekaterinburg
SGD,EKSB,Sønderborg Airport,medium_airport,Sønderborg,DK,54.964401,9.791730,Europe/Copenhagen
SGF,KSGF,Springfield Branson National Airport,medium_airport,Springfield,US,37.245047,-93.388596,America/Chicago
SGN,VVTS,Tan Son Nhat International Airport,large_airport,Ho Chi Minh City,VN,10.818800,106.652000,Asia/Ho_Chi_Minh
SGO,YSGE,St George Airport,small_airport,,AU,-28.049700,148.595001,Australia/Brisbane
SGU,KSGU,St George Regional Airport,medium_airport,St George,US,37.036389,-113.510306,America/Denver
SGY,PAGY,Skagway Airport,small_airport,Skagway,US,59.460343,-135.316651,America/Juneau
SHA,ZSSS,Shanghai Hongqiao International Airport,large_airport,Shanghai (Minhang),CN,31.198104,121.334260,Asia/Shanghai
SHB,RJCN,Nakashibetsu Airport,medium_airport,Nakashibetsu,JP,43.577499,144.960007,Asia/Tokyo
SHC,HASR,Shire Inda Selassie Airport,small_airport,Shire Inda Selassie,ET,14.075699,38.273592,Africa/Addis_Ababa
SHD,KSHD,Shenandoah Valley Regional Airport,medium_airport,Weyers Cave,US,38.263802,-78.896400,America/New_York
SHE,ZYTX,Shenyang Taoxian International Airport,large_airport,Shenyang,CN,41.639800,123.483668,Asia/Shanghai
SHF,ZWHZ,Shihezi Huayuan Airport,small_airport,Shihezi,CN,44.242100,85.890500,Asia/Urumqi
SHG,PAGH,Shungnak Airport,small_airport,Shungnak,US,66.888100,-157.162003,America/Anchorage
SHH,PASH,Shishmaref Airport,small_airport,Shishmaref,US,66.249604,-166.089112,America/Nome
SHI,RORS,Shimojishima Airport,medium_airport,Miyakojima,JP,24.826700,125.144997,Asia/Tokyo
SHJ,OMSJ,Sharjah International Airport,large_airport,Sharjah,AE,25.328600,55.517200,Asia/Dubai
SHL,VEBI,Shillong Airport,medium_airport,Shillong,IN,25.703600,91.978699,Asia/Kolkata
SHM,RJBD,Nanki Shirahama Airport,medium_airport,Shirahama,JP,33.662201,135.363998,Asia/Tokyo
SHO,FDSK,King Mswati III International Airport,large_airport,Mpaka,SZ,-26.358611,31.716944,Africa/Mbabane
SHR,KSHR,Sheridan County Airport,medium_airport,Sheridan,US,44.769199,-106.980003,America/Denver
SHS,ZHJZ,Jingzhou Shashi Airport,medium_airport,Jingzhou (Shashi),CN,30.292810,112.448540,Asia/Shanghai
SHV,KSHV,Shreveport Regional Airport,medium_airport,Shreveport,US,32.444747,-93.826741,America/Chicago
SHW,OESH,Sharurah Domestic Airport,medium_airport,Sharurah,SA,17.466900,47.121399,Asia/Riyadh
SHY,HTSY,Shinyanga Airport,small_airport,Shinyanga,TZ,-3.609300,33.503500,Africa/Dar_es_Salaam
SID,GVAC,Amílcar Cabral International Airport,large_airport,Espargos,CV,16.741400,-22.949400,Atlantic/Cape_Verde
SIF,VNSI,Simara Airport,small_airport,Simara,NP,27.159803,84.980021,Asia/Kathmandu
SIG,TJIG,Fernando Luis Ribas Dominicci Airport,medium_airport,San Juan,PR,18.456800,-66.098099,America/Puerto_Rico
SIH,VNDT,Silgadi Doti Airport,small_airport,Silgadi Doti,NP,29.262226,80.935968,Asia/Kathmandu
SIN,WSSS,Singapore Changi Airport,large_airport,Singapore,SG,1.350190,103.994003,Asia/Singapore
SIS,FASS,Sishen Airport,medium_airport,Sishen,ZA,-27.648600,22.999300,Africa/Johannesburg
SIT,PASI,Sitka Rocky Gutierrez Airport,medium_airport,Sitka,US,57.047100,-135.362000,America/Sitka
SJC,KSJC,Mineta San Jose International Airport,large_airport,San Jose,US,37.362452,-121.929188,America/Los_Angeles
SJD,MMSD,Los Cabos International Airport,large_airport,San José del Cabo,MX,23.151919,-109.720731,America/Mazatlan
SJE,SKSJ,Jorge E. Gonzalez Torres Airport,medium_airport,San José Del Guaviare,CO,2.579690,-72.639400,America/Bogota
SJI,RPUH,San Jose Airport,medium_airport,San Jose,PH,12.361500,121.046997,Asia/Manila
SJJ,LQSA,Sarajevo International Airport,large_airport,Sarajevo,BA,43.824600,18.331499,Europe/Sarajevo
SJK,SBSJ,Professor Urbano Ernesto Stumpf Airport,medium_airport,São José Dos Campos,BR,-23.229200,-45.861500,America/Sao_Paulo
SJL,SBUA,São Gabriel da Cachoeira Airport,medium_airport,São Gabriel da Cachoeira,BR,-0.148350,-66.985500,America/Manaus
SJO,MROC,Juan Santamaría International Airport,large_airport,San José (Alajuela),CR,9.993860,-84.208801,America/Costa_Rica
SJP,SBSR,Prof. Eribelto Manoel Reino State Airport,medium_airport,São José do Rio Preto,BR,-20.817113,-49.406963,America/Sao_Paulo
SJT,KSJT,San Angelo Regional Mathis Field,medium_airport,San Angelo,US,31.357700,-100.496002,America/Chicago
SJU,TJSJ,Luis Munoz Marin International Airport,large_airport,San Juan,PR,18.439400,-66.001801,America/Puerto_Rico
SJW,ZBSJ,Shijiazhuang Zhengding International Airport,large_airport,Shijiazhuang,CN,38.280701,114.696999,Asia/Shanghai
SJZ,LPSJ,São Jorge Airport,medium_airport,Velas,PT,38.665501,-28.175800,Atlantic/Azores
SKB,TKPK,Robert L. Bradshaw International Airport,large_airport,Basseterre,KN,17.310845,-62.719117,America/St_Kitts
SKD,UZSS,Samarkand International Airport,large_airport,Samarkand,UZ,39.701842,66.981467,Asia/Samarkand
SKG,LGTS,Thessaloniki Macedonia International Airport,large_airport,Thessaloniki,GR,40.519280,22.970009,Europe/Athens
SKH,VNSK,Surkhet Airport,small_airport,Surkhet,NP,28.586000,81.636002,Asia/Kathmandu
SKK,PFSH,Shaktoolik Airport,small_airport,Shaktoolik,US,64.371101,-161.223999,America/Anchorage
SKN,ENSK,"Stokmarknes Airport, Skagen",medium_airport,Hadsel,NO,68.578827,15.033417,Europe/Oslo
SKO,DNSO,Sadiq Abubakar III International Airport,large_airport,Sokoto,NG,12.915729,5.207547,Africa/Lagos
SKP,LWSK,Skopje International Airport,large_airport,Ilinden,MK,41.958087,21.622581,Europe/Skopje
SKT,OPST,Sialkot International Airport,large_airport,Sialkot,PK,32.535941,74.364623,Asia/Karachi
SKU,LGSY,Skiros Airport,small_airport,Skiros Island,GR,38.967602,24.487200,Europe/Athens
SKX,UWPS,Saransk International Airport,large_airport,Saransk,RU,54.125130,45.212257,Europe/Moscow
SKZ,OPSK,Begum Nusrat Bhutto International Airport Sukkur,medium_airport,Sukkur,PK,27.722000,68.791702,Asia/Karachi
SLA,SASA,Martín Miguel de Güemes International Airport,large_airport,Salta,AR,-24.856001,-65.486198,America/Argentina/Salta
SLC,KSLC,Salt Lake City International Airport,large_airport,Salt Lake City,US,40.788860,-111.979866,America/Denver
SLD,LZSL,Sliač Airport,medium_airport,Sliač,SK,48.637798,19.134100,Europe/Bratislava
SLE,KSLE,Salem-Willamette Valley Airport/McNary Field,medium_airport,Salem,US,44.909500,-123.002998,America/Los_Angeles
SLH,NVSC,Sola Airport,small_airport,Sola,VU,-13.851700,167.537003,Pacific/Efate
SLI,FLSW,Solwesi Airport,small_airport,Solwesi,ZM,-12.173700,26.365101,Africa/Lubumbashi
SLK,KSLK,Adirondack Regional Airport,medium_airport,Saranac Lake,US,44.386910,-74.204629,America/New_York
SLL,OOSA,Salalah International Airport,large_airport,Salalah,OM,17.038700,54.091301,Asia/Muscat
SLM,LESA,Salamanca Airport,medium_airport,Salamanca,ES,40.952099,-5.501990,Europe/Madrid
SLN,KSLN,Salina Municipal Airport,medium_airport,Salina,US,38.791000,-97.652199,America/Chicago
SLP,MMSP,Ponciano Arriaga International Airport,medium_airport,San Luis Potosí,MX,22.262026,-100.935692,America/Mexico_City
SLQ,PASL,Sleetmute Airport,small_airport,Sleetmute,US,61.700500,-157.166000,America/Anchorage
SLU,TLPC,George F. L. Charles Airport,medium_airport,Castries,LC,14.020200,-60.992901,America/St_Vincent
SLW,MMIO,Plan de Guadalupe International Airport,medium_airport,Saltillo,MX,25.537860,-100.928346,America/Monterrey
SLX,MBSY,Salt Cay Airport,small_airport,Salt Cay,TC,21.333000,-71.199997,America/Santo_Domingo
SLY,USDD,Salekhard Airport,medium_airport,Salekhard,RU,66.590797,66.611000,Asia/Yekaterinburg
SLZ,SBSL,Marechal Cunha Machado International Airport,large_airport,São Luís,BR,-2.586386,-44.235008,America/Fortaleza
SMA,LPAZ,Santa Maria Airport,medium_airport,Vila do Porto,PT,36.971401,-25.170601,Atlantic/Azores
SMF,KSMF,Sacramento International Airport,large_airport,Sacramento,US,38.695400,-121.591003,America/Los_Angeles
SMI,LGSM,Samos Airport,medium_airport,Samos Island,GR,37.689999,26.911699,Europe/Athens
SMK,PAMK,St Michael Airport,small_airport,St Michael,US,63.490101,-162.110001,America/Nome
SML,MYLS,Stella Maris Airport,medium_airport,Stella Maris,BS,23.582317,-75.268621,America/Nassau
SMN,KSMN,Lemhi County Airport,medium_airport,Salmon,US,45.122233,-113.881960,America/Denver
SMQ,WAGS,Sampit (H.Asan) Airport,small_airport,Sampit,ID,-2.499198,112.974987,Asia/Pontianak
SMR,SKSM,Simón Bolívar International Airport,medium_airport,Santa Marta,CO,11.119600,-74.230600,America/Bogota
SMS,FMMS,Sainte Marie Airport,medium_airport,Vohilava,MG,-17.093901,49.815800,Indian/Antananarivo
SMT,SBSO,Adolino Bedin Regional Airport,small_airport,Sorriso,BR,-12.479177,-55.672341,America/Cuiaba
SMW,GMMA,Smara Airport,medium_airport,Smara,EH,26.731987,-11.683655,Africa/El_Aaiun
SMX,KSMX,Santa Maria Public Airport Captain G Allan Hancock Field,medium_airport,Santa Maria,US,34.898899,-120.457001,America/Los_Angeles
SNA,KSNA,John Wayne Orange County International Airport,large_airport,Santa Ana,US,33.675063,-117.869281,America/Los_Angeles
SNB,YSNK,Snake Bay Airport,medium_airport,Milikapiti,AU,-11.417674,130.648481,Australia/Darwin
SNC,SESA,General Ulpiano Paez International Airport,large_airport,Salinas/La Libertad,EC,-2.210057,-80.985067,America/Guayaquil
SNE,GVSN,Preguiça Airport,medium_airport,Preguiça,CV,16.588852,-24.284132,Atlantic/Cape_Verde
SNN,EINN,Shannon Airport,large_airport,Shannon,IE,52.702000,-8.924820,Europe/Dublin
SNO,VTUI,Sakon Nakhon Airport,medium_airport,,TH,17.195101,104.119003,Asia/Bangkok
SNP,PASN,St Paul Island Airport,medium_airport,St Paul Island,US,57.166311,-170.222555,America/Nome
SNU,MUSC,Abel Santamaria International Airport,large_airport,Santa Clara,CU,22.492215,-79.943119,America/Havana
SNV,SVSE,Santa Elena de Uairén Airport,medium_airport,Santa Elena de Uairén,VE,4.554699,-61.145234,America/Boa_Vista
SNW,VYTD,Thandwe Airport,medium_airport,Thandwe,MM,18.460699,94.300102,Asia/Yangon
SNX,OIIS,Semnan Municipal Airport,small_airport,Semnan,IR,35.591099,53.495098,Asia/Tehran
SOB,LHSM,Hévíz–Balaton Airport,medium_airport,Sármellék,HU,46.686391,17.159084,Europe/Budapest
SOC,WAHQ,Adisoemarmo International Airport,large_airport,Surakarta,ID,-7.516044,110.757492,Asia/Jakarta
SOD,SDCO,Sorocaba Airport,small_airport,Sorocaba,BR,-23.478001,-47.490002,America/Sao_Paulo
SOF,LBSF,Sofia Airport,large_airport,Sofia,BG,42.696357,23.417671,Europe/Sofia
SOG,ENSG,"Sogndal Airport, Haukåsen",small_airport,Sogndal,NO,61.156101,7.137780,Europe/Oslo
SOJ,ENSR,Sørkjosen Airport,medium_airport,Sørkjosen,NO,69.786797,20.959400,Europe/Oslo
SOM,SVST,San Tomé Airport,medium_airport,El Tigre,VE,8.945147,-64.151085,America/Caracas
SON,NVSS,Santo Pekoa International Airport,medium_airport,Luganville,VU,-15.505000,167.220001,Pacific/Efate
SOQ,WASS,Domine Eduard Osok Airport,medium_airport,Sorong,ID,-0.894000,131.287000,Asia/Jayapura
SOU,EGHI,Southampton Airport,medium_airport,Southampton,GB,50.950298,-1.356800,Europe/London
SOV,PASO,Seldovia Airport,small_airport,Seldovia,US,59.442981,-151.705227,America/Anchorage
SOW,KSOW,Show Low Regional Airport,medium_airport,Show Low,US,34.264062,-110.007091,America/Phoenix
SOY,EGER,Stronsay Airport,small_airport,Stronsay,GB,59.155300,-2.641390,Europe/London
SPC,GCLA,La Palma Airport,medium_airport,"Sta Cruz de la Palma, La Palma Island",ES,28.626499,-17.755600,Atlantic/Canary
SPD,VGSD,Saidpur Airport,medium_airport,Saidpur,BD,25.759199,88.908897,Asia/Dhaka
SPI,KSPI,Abraham Lincoln Capital Airport,medium_airport,Springfield,US,39.844101,-89.677902,America/Chicago
SPN,PGSN,Saipan International Airport,medium_airport,"I Fadang, Saipan",MP,15.119384,145.728848,Pacific/Saipan
SPP,FNME,Menongue Airport,medium_airport,Menongue,AO,-14.657600,17.719801,Africa/Luanda
SPR,MZSP,John Greif II Airport,medium_airport,San Pedro,BZ,17.913900,-87.971100,America/Belize
SPS,KSPS,Wichita Falls Municipal Airport / Sheppard Air Force Base,medium_airport,Wichita Falls,US,33.988800,-98.491898,America/Chicago
SPU,LDSP,Split Saint Jerome Airport,large_airport,Split,HR,43.538898,16.298000,Europe/Zagreb
SPX,HESX,Sphinx International Airport,large_airport,Al Jiza,EG,30.108179,30.895728,Africa/Cairo
SPY,DISP,San Pedro Airport,medium_airport,,CI,4.746720,-6.660820,Africa/Abidjan
SQD,ZSSR,Shangrao Sanqingshan Airport,medium_airport,Shangrao (Hengfeng),CN,28.379700,117.964300,Asia/Shanghai
SQG,WIOS,Tebelian Airport,medium_airport,Sintang,ID,-0.045214,111.458049,Asia/Pontianak
SQJ,ZSSM,Sanming Shaxian Airport,medium_airport,Sanming (Sha),CN,26.426300,117.833600,Asia/Shanghai
SQL,KSQL,San Carlos Airport,medium_airport,San Carlos,US,37.513130,-122.250838,America/Los_Angeles
SRA,SSZR,Luis Alberto Lehr Airport,small_airport,Santa Rosa,BR,-27.906580,-54.520628,America/Sao_Paulo
SRE,SLAL,Alcantarí International Airport,large_airport,Sucre,BO,-19.246835,-65.149611,America/La_Paz
SRG,WAHS,Jenderal Ahmad Yani Airport,large_airport,Semarang,ID,-6.970732,110.373244,Asia/Jakarta
SRL,,Palo Verde Airport,small_airport,Mulegé,MX,27.092700,-112.098500,America/Mazatlan
SRP,ENSO,"Stord Airport, Sørstokken",medium_airport,Leirvik,NO,59.791901,5.340850,Europe/Oslo
SRQ,KSRQ,Sarasota Bradenton International Airport,large_airport,Sarasota/Bradenton,US,27.394631,-82.554359,America/New_York
SRT,HUSO,Soroti Airport,medium_airport,Soroti,UG,1.727690,33.622799,Africa/Kampala
SRV,,Stony River 2 Airport,small_airport,Stony River,US,61.789700,-156.589005,America/Anchorage
SRY,OINZ,Sari Dasht-e Naz International Airport,medium_airport,Sari,IR,36.644408,53.188761,Asia/Tehran
SRZ,SLET,El Trompillo Airport,medium_airport,Santa Cruz,BO,-17.811600,-63.171501,America/La_Paz
SSA,SBSV,Deputado Luiz Eduardo Magalhães International Airport,large_airport,Salvador,BR,-12.908611,-38.322498,America/Bahia
SSG,FGSL,Malabo International Airport,large_airport,Malabo,GQ,3.755270,8.708720,Africa/Malabo
SSH,HESH,Sharm El Sheikh International Airport,large_airport,Sharm El Sheikh,EG,27.977272,34.394717,Africa/Cairo
SSJ,ENST,"Sandnessjøen Airport, Stokka",medium_airport,Alstahaug,NO,65.956802,12.468900,Europe/Oslo
SSR,NVSH,Sara Airport,small_airport,Pentecost Island,VU,-15.470800,168.151993,Pacific/Efate
SST,SAZL,Santa Teresita Airport,medium_airport,Santa Teresita,AR,-36.542300,-56.721800,America/Argentina/Buenos_Aires
SSW,7WA5,Stuart Island Airpark,small_airport,Friday Harbor,US,48.673379,-123.175439,America/Los_Angeles
SSY,FNBC,Mbanza Congo Airport,medium_airport,Mbanza Congo,AO,-6.269900,14.247000,Africa/Luanda
STC,KSTC,Saint Cloud Regional Airport,medium_airport,Saint Cloud,US,45.546600,-94.059898,America/Chicago
STD,SVSO,Mayor Buenaventura Vivas International Airport,medium_airport,Santo Domingo,VE,7.565380,-72.035103,America/Caracas
STG,PAPB,St George Airport,medium_airport,St George,US,56.577345,-169.663823,America/Nome
STI,MDST,Cibao International Airport,large_airport,Santiago,DO,19.404060,-70.604431,America/Santo_Domingo
STL,KSTL,St. Louis Lambert International Airport,large_airport,St Louis,US,38.748697,-90.370003,America/Chicago
STM,SBSN,Santarém - Maestro Wilson Fonseca International Airport,medium_airport,Santarém,BR,-2.422423,-54.793060,America/Santarem
STN,EGSS,London Stansted Airport,large_airport,"London, Essex",GB,51.884998,0.235000,Europe/London
STR,EDDS,Stuttgart Airport,large_airport,Stuttgart,DE,48.689899,9.221960,Europe/Berlin
STS,KSTS,Charles M. Schulz Sonoma County Airport,medium_airport,Santa Rosa,US,38.508999,-122.813003,America/Los_Angeles
STT,TIST,Cyril E. King Airport,large_airport,Charlotte Amalie,VI,18.337091,-64.977251,America/St_Thomas
STV,VASU,Surat International Airport,large_airport,Surat,IN,21.115531,72.743251,Asia/Kolkata
STW,URMT,Stavropol Shpakovskoye Airport,medium_airport,Stavropol,RU,45.109200,42.112801,Europe/Moscow
STX,TISX,Henry E. Rohlsen Airport,medium_airport,Christiansted,VI,17.701413,-64.802608,America/St_Thomas
SUB,WARR,Juanda International Airport,large_airport,Surabaya,ID,-7.379830,112.787003,Asia/Jakarta
SUF,LICA,Lamezia Terme Sant'Eufemia International Airport,large_airport,Lamezia Terme (CZ),IT,38.906214,16.246007,Europe/Rome
SUG,RPMS,Surigao Airport,medium_airport,Surigao City,PH,9.755838,125.480947,Asia/Manila
SUI,UGSS,Vladislav Ardzinba Sukhum International Airport,large_airport,Sukhumi,GE,42.858200,41.128101,Asia/Tbilisi
SUJ,LRSM,Satu Mare International Airport,medium_airport,Satu Mare,RO,47.703300,22.885700,Europe/Bucharest
SUK,UEBS,Sakkyryr Airport,small_airport,Batagay-Alyta,RU,67.792000,130.394000,Asia/Yakutsk
SUN,KSUN,Friedman Memorial Airport,medium_airport,Hailey,US,43.504398,-114.295998,America/Boise
SUR,CJV7,Summer Beaver Airport,small_airport,Summer Beaver,CA,52.708599,-88.541901,America/Toronto
SUV,NFNA,Nausori International Airport,large_airport,Nausori,FJ,-18.044226,178.561486,Pacific/Fiji
SUX,KSUX,Sioux Gateway Airport / Brigadier General Bud Day Field,medium_airport,Sioux City,US,42.397605,-96.382237,America/Chicago
SUY,UENS,Suntar Airport,small_airport,Suntar,RU,62.185001,117.635002,Asia/Yakutsk
SVA,PASA,Savoonga Airport,medium_airport,Savoonga,US,63.686401,-170.492996,America/Nome
SVB,FMNS,Sambava Airport,medium_airport,Sambava,MG,-14.278600,50.174702,Indian/Antananarivo
SVC,KSVC,Grant County Airport,medium_airport,Silver City,US,32.636701,-108.154736,America/Denver
SVD,TVSA,Argyle International Airport,large_airport,Kingstown,VC,13.159725,-61.148801,America/St_Vincent
SVG,ENZV,"Stavanger Airport, Sola",large_airport,Stavanger,NO,58.876701,5.637780,Europe/Oslo
SVI,SKSV,Eduardo Falla Solano Airport,medium_airport,San Vicente Del Caguán,CO,2.152170,-74.766300,America/Bogota
SVJ,ENSH,"Svolvær Airport, Helle",medium_airport,Svolvær,NO,68.243301,14.669200,Europe/Oslo
SVL,EFSA,Savonlinna Airport,medium_airport,Savonlinna,FI,61.943100,28.945101,Europe/Helsinki
SVO,UUEE,Sheremetyevo International Airport,large_airport,Moscow,RU,55.976858,37.411210,Europe/Moscow
SVQ,LEZL,Seville Airport,large_airport,Seville,ES,37.417999,-5.893110,Europe/Madrid
SVS,PFSV,Stevens Village Airport,small_airport,Stevens Village,US,66.016727,-149.056835,America/Anchorage
SVU,NFNS,Savusavu Airport,small_airport,Savusavu,FJ,-16.803394,179.340587,Pacific/Fiji
SVX,USSS,Koltsovo Airport,large_airport,Yekaterinburg,RU,56.743099,60.802700,Asia/Yekaterinburg
SVZ,SVSA,Juan Vicente Gómez International Airport,medium_airport,San Antonio del Tachira,VE,7.840809,-72.439878,America/Caracas
SWA,ZGOW,Jieyang Chaoshan International Airport,large_airport,Jieyang (Rongcheng),CN,23.552000,116.503300,Asia/Shanghai
SWF,KSWF,New York Stewart International Airport,medium_airport,Newburgh,US,41.504210,-74.108901,America/New_York
SWL,RPSV,San Vicente Airport,small_airport,San Vicente,PH,10.524298,119.272899,Asia/Manila
SWO,KSWO,Stillwater Regional Airport,medium_airport,Stillwater,US,36.162132,-97.085581,America/Chicago
SWQ,WADS,Sultan Muhammad Kaharuddin III Airport,small_airport,Sumbawa Besar,ID,-8.489040,117.412003,Asia/Makassar
SWX,FBSW,Shakawe Airport,small_airport,Shakawe,BW,-18.373899,21.832600,Africa/Luanda
SXB,LFST,Strasbourg Airport,large_airport,Strasbourg,FR,48.538300,7.628230,Europe/Paris
SXK,WAPS,Mathilda Batlayeri Airport,small_airport,Saumlaki-Yamdena Island,ID,-7.848354,131.337068,Asia/Jayapura
SXM,TNCM,Princess Juliana International Airport,large_airport,Sint Maarten,SX,18.041000,-63.108898,America/Lower_Princes
SXP,,Nunam Iqua Airport,small_airport,Nunam Iqua,US,62.520599,-164.848006,America/Nome
SXR,VISR,Srinagar International Airport,large_airport,Srinagar,IN,33.987099,74.774200,Asia/Kolkata
SYD,YSSY,Sydney Kingsford Smith International Airport,large_airport,Sydney (Mascot),AU,-33.946098,151.177002,Australia/Sydney
SYM,ZPSM,Pu'er Simao Airport,small_airport,Pu'er,CN,22.793301,100.959000,Asia/Shanghai
SYO,RJSY,Shonai Airport,medium_airport,Shonai,JP,38.812199,139.787003,Asia/Tokyo
SYQ,MRPV,Tobías Bolaños International Airport,medium_airport,San Jose,CR,9.957050,-84.139801,America/Costa_Rica
SYR,KSYR,Syracuse Hancock International Airport,large_airport,Syracuse,US,43.111198,-76.106300,America/New_York
SYS,UERS,Saskylakh Airport,medium_airport,Saskylakh,RU,71.927902,114.080002,Asia/Yakutsk
SYU,YWBS,Warraber Island Airport,small_airport,Sue Islet,AU,-10.208300,142.824997,Australia/Brisbane
SYX,ZJSY,Sanya Phoenix International Airport,large_airport,Sanya (Tianya),CN,18.302900,109.412003,Asia/Shanghai
SYY,EGPO,Stornoway Airport,medium_airport,"Stornoway, Western Isles",GB,58.215599,-6.331110,Europe/London
SYZ,OISS,Shiraz Shahid Dastghaib International Airport,large_airport,Shiraz,IR,29.539200,52.589802,Asia/Tehran
SZA,FNSO,Soyo Airport,medium_airport,Soyo,AO,-6.141090,12.371800,Africa/Luanda
SZB,WMSA,Sultan Abdul Aziz Shah International Airport,large_airport,Subang,MY,3.130580,101.549004,Asia/Kuala_Lumpur
SZE,HASM,Semera Airport,small_airport,Semera,ET,11.787500,40.991500,Africa/Addis_Ababa
SZF,LTFH,Samsun-Çarşamba Airport,medium_airport,Samsun,TR,41.253988,36.567546,Europe/Istanbul
SZG,LOWS,Salzburg Airport,large_airport,Salzburg,AT,47.793301,13.004300,Europe/Vienna
SZH,ZBSG,Shuozhou Zirun Airport,medium_airport,Shuozhou,CN,39.273241,112.691552,Asia/Shanghai
SZI,UASZ,Zaysan Airport,small_airport,Zaysan,KZ,47.487491,84.887675,Asia/Almaty
SZK,FASZ,Skukuza Airport,medium_airport,Skukuza,ZA,-24.960850,31.588587,Africa/Johannesburg
SZX,ZGSZ,Shenzhen Bao'an International Airport,large_airport,Shenzhen,CN,22.639474,113.803262,Asia/Shanghai
SZY,EPSY,Olsztyn-Mazury Airport,medium_airport,Szymany,PL,53.481899,20.937700,Europe/Warsaw
SZZ,EPSC,Solidarity Szczecin–Goleniów Airport,large_airport,Szczecin(Glewice),PL,53.584702,14.902200,Europe/Warsaw
TAB,TTCP,A.N.R. Robinson International Airport,large_airport,Scarborough,TT,11.149571,-60.831298,America/Port_of_Spain
TAC,RPVA,Daniel Z. Romualdez Airport,medium_airport,Tacloban City,PH,11.227761,125.027783,Asia/Manila
TAE,RKTN,Daegu International Airport,large_airport,Daegu,KR,35.894394,128.656989,Asia/Seoul
TAG,RPSP,Bohol-Panglao International Airport,large_airport,Panglao,PH,9.573045,123.770143,Asia/Manila
TAH,NVVW,Whitegrass Airport,medium_airport,Tanna Island,VU,-19.455099,169.223999,Pacific/Efate
TAI,OYTZ,Taiz International Airport,medium_airport,Taiz,YE,13.686000,44.139099,Asia/Aden
TAK,RJOT,Takamatsu Airport,large_airport,Takamatsu,JP,34.214963,134.015454,Asia/Tokyo
TAL,PATA,Ralph M Calhoun Memorial Airport,small_airport,Tanana,US,65.174400,-152.108994,America/Anchorage
TAM,MMTM,General Francisco Javier Mina International Airport,medium_airport,Ciudad Madero,MX,22.292622,-97.867058,America/Monterrey
TAO,ZSQD,Qingdao Jiaodong International Airport,large_airport,Qingdao (Jiaozhou),CN,36.361953,120.088171,Asia/Shanghai
TAP,MMTP,Tapachula International Airport,medium_airport,Tapachula,MX,14.794549,-92.369871,America/Mexico_City
TAS,UZTT,Tashkent International Airport,large_airport,Tashkent,UZ,41.257900,69.281197,Asia/Tashkent
TAT,LZTT,Poprad-Tatry Airport,medium_airport,Poprad,SK,49.070994,20.241394,Europe/Bratislava
TAY,EETU,Tartu Airport,medium_airport,Tartu,EE,58.307438,26.686473,Europe/Tallinn
TAZ,UTAT,Dashoguz International Airport,large_airport,Daşoguz,TM,41.759853,59.836149,Asia/Ashgabat
TBB,VVTH,Dong Tac Airport,medium_airport,Tuy Hoa,VN,13.049600,109.334000,Asia/Ho_Chi_Minh
TBG,AYTB,Tabubil Airport,small_airport,Tabubil,PG,-5.280471,141.227576,Pacific/Port_Moresby
TBH,RPVU,Tugdan Airport,medium_airport,Tablas Island,PH,12.311000,122.084999,Asia/Manila
TBI,MYCB,New Bight Airport,medium_airport,Cat Island,BS,24.315300,-75.452301,America/Nassau
TBJ,DTKA,Tabarka-Aïn Draham International Airport,medium_airport,Tabarka,TN,36.980000,8.876940,Africa/Tunis
TBM,WAGT,Tumbang Samba Airport,small_airport,Tumbang Samba-Borneo Island,ID,-1.469024,113.080984,Asia/Pontianak
TBN,KTBN,Waynesville-St. Robert Regional Airport-Forney Field,medium_airport,Fort Leonard Wood,US,37.741600,-92.140701,America/Chicago
TBO,HTTB,Tabora Airport,small_airport,Tabora,TZ,-5.076390,32.833302,Africa/Dar_es_Salaam
TBP,SPME,Captain Pedro Canga Rodríguez International Airport,medium_airport,Tumbes,PE,-3.552074,-80.381086,America/Lima
TBS,UGTB,Tbilisi International Airport,large_airport,Tbilisi,GE,41.669201,44.954700,Asia/Tbilisi
TBT,SBTT,Tabatinga International Airport,medium_airport,Tabatinga,BR,-4.255670,-69.935799,America/Eirunepe
TBU,NFTF,Fua'amotu International Airport,large_airport,Nuku'alofa,TO,-21.241438,-175.149164,Pacific/Tongatapu
TBZ,OITT,Tabriz International Airport,large_airport,Tabriz,IR,38.133900,46.235001,Asia/Tehran
TCA,YTNK,Tennant Creek Airport,medium_airport,Tennant Creek,AU,-19.634399,134.182999,Australia/Darwin
TCB,MYAT,Treasure Cay Airport,medium_airport,Treasure Cay,BS,26.745300,-77.391296,America/Nassau
TCD,SKRA,Tarapacá Airport,small_airport,Tarapacá,CO,-2.895802,-69.749762,America/Bogota
TCG,ZWTC,Tacheng Qianquan Airport,small_airport,Tacheng,CN,46.672501,83.340797,Asia/Urumqi
TCO,SKCO,La Florida Airport,medium_airport,Tumaco,CO,1.814420,-78.749200,America/Bogota
TCP,HETB,Taba International Airport,medium_airport,Taba,EG,29.594496,34.775752,Africa/Cairo
TCQ,SPTN,Coronel FAP Carlos Ciriani Santa Rosa International Airport,medium_airport,Tacna,PE,-18.053301,-70.275803,America/Lima
TCR,VOTK,Tuticorin Airport,small_airport,Vagaikulam,IN,8.724241,78.025803,Asia/Kolkata
TCT,PPCT,Takotna Airport,small_airport,Takotna,US,62.993206,-156.029026,America/Anchorage
TCZ,ZPTC,Tengchong Tuofeng Airport,medium_airport,Baoshan (Tengchong),CN,24.938056,98.485833,Asia/Shanghai
TDD,SLTR,Teniente Av. Jorge Henrich Arauz Airport,medium_airport,Trinidad,BO,-14.818700,-64.917999,America/La_Paz
TDK,UAAT,Taldykorgan Airport,medium_airport,Taldykorgan,KZ,45.122550,78.442758,Asia/Almaty
TDS,AYSS,Sasereme Airport,small_airport,Sasereme,PG,-7.621700,142.868000,Pacific/Port_Moresby
TDX,VTBO,Trat Airport,medium_airport,Laem Ngop,TH,12.274600,102.319000,Asia/Bangkok
TEB,KTEB,Teterboro Airport,medium_airport,Teterboro,US,40.850101,-74.060799,America/New_York
TEE,DABS,Cheikh Larbi Tébessi Airport,medium_airport,Tébessi,DZ,35.431599,8.120720,Africa/Algiers
TEK,PAKA,Tatitlek Airport,small_airport,Tatitlek,US,60.871449,-146.690297,America/Anchorage
TEN,ZUTR,Tongren Fenghuang Airport,medium_airport,Tongren (Daxing),CN,27.883333,109.308889,Asia/Shanghai
TEQ,LTBU,Tekirdağ Çorlu Airport,medium_airport,Çorlu,TR,41.138199,27.919100,Europe/Istanbul
TER,LPLA,Lajes Airport,medium_airport,Praia da Vitória,PT,38.761799,-27.090799,Atlantic/Azores
TET,FQTT,Tete Airport,large_airport,Tete,MZ,-16.104799,33.640202,Africa/Maputo
TEX,KTEX,Telluride Regional Airport,medium_airport,Telluride,US,37.953800,-107.907997,America/Denver
TEZ,VETZ,Tezpur Airport,medium_airport,,IN,26.709101,92.784698,Asia/Kolkata
TFF,SBTF,Tefé Airport,medium_airport,Tefé,BR,-3.382940,-64.724098,America/Manaus
TFI,AYTU,Tufi Airport,small_airport,Tufi,PG,-9.075954,149.319839,Pacific/Port_Moresby
TFN,GCXO,Tenerife Norte-Ciudad de La Laguna Airport,large_airport,Tenerife,ES,28.482752,-16.341707,Atlantic/Canary
TFS,GCTS,Tenerife Sur Airport,large_airport,Tenerife,ES,28.044500,-16.572500,Atlantic/Canary
TFU,ZUTF,Chengdu Tianfu International Airport,large_airport,Chengdu (Jianyang),CN,30.312520,104.441284,Asia/Shanghai
TGD,LYPG,Podgorica Airport / Podgorica Golubovci Airbase,large_airport,Podgorica,ME,42.359402,19.251900,Europe/Podgorica
TGG,WMKN,Sultan Mahmud Airport,medium_airport,Kuala Terengganu,MY,5.382640,103.102997,Asia/Kuala_Lumpur
TGH,NVST,Tongoa Airport,small_airport,Tongoa Island,VU,-16.891100,168.550995,Pacific/Efate
TGJ,NWWA,Tiga Airport,medium_airport,Tiga,NC,-21.096407,167.803790,Pacific/Noumea
TGM,LRTM,Târgu Mureş Transilvania International Airport,medium_airport,Recea,RO,46.467701,24.412500,Europe/Bucharest
TGO,ZBTL,Tongliao Airport,medium_airport,Tongliao,CN,43.556702,122.199997,Asia/Shanghai
TGQ,SWTS,Tangará da Serra Airport,small_airport,Tangará da Serra,BR,-14.662000,-57.443744,America/Cuiaba
TGR,DAUK,Touggourt Sidi Madhi Airport,medium_airport,Touggourt,DZ,33.067799,6.088670,Africa/Algiers
TGT,HTTG,Tanga Airport,medium_airport,Tanga,TZ,-5.092360,39.071201,Africa/Dar_es_Salaam
TGU,MHTG,Toncontín Airport,medium_airport,Tegucigalpa,HN,14.060900,-87.217201,America/Tegucigalpa
TGZ,MMTG,Angel Albino Corzo International Airport,medium_airport,Tuxtla Gutiérrez,MX,16.561611,-93.025731,America/Mexico_City
THD,VVTX,Tho Xuan Airport,small_airport,Thanh Hóa,VN,19.901667,105.467778,Asia/Bangkok
THE,SBTE,Senador Petrônio Portela Airport,medium_airport,Teresina,BR,-5.060250,-42.823712,America/Fortaleza
THG,YTNG,Thangool Airport,medium_airport,Biloela,AU,-24.494863,150.577967,Australia/Brisbane
THL,VYTL,Tachileik Airport,medium_airport,Tachileik,MM,20.483801,99.935402,Asia/Yangon
THN,ESGT,Trollhättan-Vänersborg Airport,medium_airport,Trollhättan,SE,58.318100,12.345000,Europe/Stockholm
THO,BITN,Þórshöfn Airport,small_airport,Þórshöfn,IS,66.218459,-15.334739,Atlantic/Reykjavik
THQ,ZLTS,Tianshui Maijishan Airport,medium_airport,Tianshui (Maiji),CN,34.560100,105.860343,Asia/Shanghai
THR,OIII,Mehrabad International Airport,large_airport,Tehran,IR,35.689175,51.314392,Asia/Tehran
THS,VTPO,Sukhothai Airport,medium_airport,,TH,17.238001,99.818199,Asia/Bangkok
THX,UOTT,Turukhansk Airport,small_airport,Turukhansk,RU,65.797203,87.935303,Asia/Krasnoyarsk
TIA,LATI,Tirana International Airport Mother Teresa,large_airport,Rinas,AL,41.414700,19.720600,Europe/Tirane
TIE,HATP,Tippi Airport,small_airport,Tippi,ET,7.202400,35.415000,Africa/Addis_Ababa
TIF,OETF,Taif International Airport,large_airport,Taif,SA,21.484739,40.544074,Asia/Riyadh
TIH,NTGC,Tikehau Airport,medium_airport,Tuherahera,PF,-15.119600,-148.231003,Pacific/Tahiti
TIJ,MMTJ,General Abelardo L. Rodriguez International Airport,large_airport,Tijuana,MX,32.541043,-116.969976,America/Tijuana
TIM,WAYY,Mozes Kilangin Airport,medium_airport,Timika,ID,-4.529780,136.887388,Asia/Jayapura
TIN,DAOF,Tindouf Airport,medium_airport,Tindouf,DZ,27.700399,-8.167100,Africa/Algiers
TIQ,PGWT,Francisco Manglona Borja / Tinian International Airport,medium_airport,Tinian Island,MP,14.999207,145.619355,Pacific/Guam
TIR,VOTP,Tirupati International Airport,large_airport,Tirupati,IN,13.631988,79.539869,Asia/Kolkata
TIU,NZTU,Timaru Airport,medium_airport,,NZ,-44.302799,171.225006,Pacific/Auckland
TIV,LYTV,Tivat Airport,medium_airport,Tivat,ME,42.404701,18.723301,Europe/Podgorica
TIW,KTIW,Tacoma Narrows Airport,medium_airport,Tacoma,US,47.267407,-122.577295,America/Los_Angeles
TIZ,AYTA,Tari Airport,small_airport,Tari,PG,-5.845000,142.947998,Pacific/Port_Moresby
TJA,SLTJ,Capitan Oriel Lea Plaza Airport,medium_airport,Tarija,BO,-21.555700,-64.701302,America/La_Paz
TJG,WAON,Warukin Airport,medium_airport,Tanta-Tabalong,ID,-2.216560,115.435997,Asia/Makassar
TJH,RJBT,Konotori Tajima Airport,medium_airport,Toyooka,JP,35.512798,134.787003,Asia/Tokyo
TJK,LTAW,Tokat Airport,medium_airport,Tokat,TR,40.324720,36.390560,Europe/Istanbul
TJL,SBTG,Plínio Alarcom Airport,small_airport,Três Lagoas,BR,-20.752643,-51.682026,America/Campo_Grande
TJM,USTR,Roshchino International Airport,large_airport,Tyumen,RU,57.178984,65.327696,Asia/Yekaterinburg
TJQ,WIKT,H A S Hanandjoeddin International Airport,small_airport,Tanjung Pandan,ID,-2.744109,107.754535,Asia/Jakarta
TJS,WAGD,Tanjung Harapan Airport,small_airport,Tanjung Selor-Borneo Island,ID,2.838139,117.374584,Asia/Makassar
TJU,UTDK,Kulob International Airport,large_airport,Kulob,TJ,37.988098,69.805000,Asia/Dushanbe
TKD,DGTK,Takoradi Airport,medium_airport,Sekondi-Takoradi,GH,4.896060,-1.774760,Africa/Accra
TKF,KTRK,Truckee Tahoe Airport,medium_airport,Truckee,US,39.318628,-120.140562,America/Los_Angeles
TKG,WILL,Radin Inten II International Airport,medium_airport,Bandar Lampung,ID,-5.246803,105.182531,Asia/Jakarta
TKJ,PFTO,Tok Junction Airport,small_airport,Tok,US,63.329498,-142.953995,America/Anchorage
TKK,PTKK,Chuuk International Airport,large_airport,Weno Island,FM,7.461870,151.843002,Pacific/Chuuk
TKM,UIKG,Taksimo Airport,small_airport,Taksimo,RU,56.361668,114.930000,Asia/Irkutsk
TKN,RJKN,Tokunoshima Airport,medium_airport,Amagi,JP,27.836382,128.881356,Asia/Tokyo
TKP,NTGT,Takapoto Airport,medium_airport,,PF,-14.709500,-145.246002,Pacific/Tahiti
TKQ,HTKA,Kigoma Airport,small_airport,Kigoma,TZ,-4.886200,29.670900,Africa/Dar_es_Salaam
TKS,RJOS,Tokushima Awaodori Airport / JMSDF Tokushima Air Base,large_airport,Tokushima,JP,34.132559,134.607816,Asia/Tokyo
TKU,EFTU,Turku Airport,large_airport,Turku,FI,60.514099,22.262800,Europe/Helsinki
TKV,NTGO,Tatakoto Airport,small_airport,Tatakoto,PF,-17.355226,-138.447340,Pacific/Tahiti
TKX,NTKR,Takaroa Airport,medium_airport,,PF,-14.455800,-145.024994,Pacific/Tahiti
TLA,PATE,Teller Airport,small_airport,Teller,US,65.240402,-166.339005,America/Nome
TLC,MMTO,Adolfo López Mateos International Airport,large_airport,Toluca,MX,19.336900,-99.565830,America/Mexico_City
TLE,FMST,Toliara Airport,medium_airport,Toliara,MG,-23.383400,43.728500,Indian/Antananarivo
TLH,KTLH,Tallahassee International Airport,medium_airport,Tallahassee,US,30.401209,-84.354330,America/New_York
TLI,WAFL,Sultan Bantilan Airport,small_airport,Toli Toli-Celebes Island,ID,1.123428,120.793658,Asia/Makassar
TLL,EETN,Lennart Meri Tallinn Airport,large_airport,Tallinn,EE,59.413246,24.832640,Europe/Tallinn
TLM,DAON,Zenata – Messali El Hadj Airport,large_airport,Zenata,DZ,35.012732,-1.457117,Africa/Algiers
TLN,LFTH,Toulon-Hyères Airport,medium_airport,"Hyères, Var",FR,43.097301,6.146030,Europe/Paris
TLQ,ZWTL,Turpan Jiaohe Airport,medium_airport,Turpan,CN,43.030800,89.098700,Asia/Urumqi
TLS,LFBO,Toulouse-Blagnac Airport,large_airport,Toulouse/Blagnac,FR,43.629101,1.363820,Europe/Paris
TLT,PALT,Tuluksak Airport,small_airport,Tuluksak,US,61.086973,-160.922842,America/Anchorage
TLU,SKTL,Golfo de Morrosquillo Airport,small_airport,Santiago de Tolú,CO,9.509450,-75.585400,America/Bogota
TLV,LLBG,Ben Gurion International Airport,large_airport,Tel Aviv,IL,32.011398,34.886700,Asia/Jerusalem
TLY,UHWP,Plastun Airport,small_airport,Plastun,RU,44.814999,136.292007,Asia/Vladivostok
TMC,WATK,Tambolaka Airport,small_airport,Radamata,ID,-9.409224,119.242558,Asia/Makassar
TME,SKTM,Gustavo Vargas Airport,medium_airport,Tame,CO,6.451080,-71.760300,America/Bogota
TMF,VRNT,Thimarafushi Airport,small_airport,Thimarafushi,MV,2.211000,73.153300,Indian/Maldives
TMG,WBKM,Tomanggong Airport,small_airport,Tomanggong,MY,5.402570,118.657630,Asia/Kuching
TMH,WAKT,Tanah Merah Airport,medium_airport,Tanah Merah,ID,-6.096690,140.303521,Asia/Jayapura
TMI,VNTR,Tumling Tar Airport,small_airport,Tumling Tar,NP,27.315001,87.193298,Asia/Kathmandu
TMJ,UZST,Termez Airport,medium_airport,Termez,UZ,37.287261,67.311869,Asia/Samarkand
TML,DGLE,Yakubu Tali International Airport,large_airport,Tamale,GH,9.553909,-0.866060,Africa/Accra
TMM,FMMT,Toamasina Ambalamanasy Airport,large_airport,Toamasina,MG,-18.113537,49.392262,Indian/Antananarivo
TMP,EFTP,Tampere-Pirkkala Airport,large_airport,Tampere / Pirkkala,FI,61.414101,23.604401,Europe/Helsinki
TMR,DAAT,Aguenar – Hadj Bey Akhamok Airport,large_airport,Tamanrasset,DZ,22.810992,5.450832,Africa/Algiers
TMS,FPST,São Tomé International Airport,large_airport,São Tomé,ST,0.378175,6.712150,Africa/Sao_Tome
TMT,SBTB,Trombetas Airport,medium_airport,Oriximiná,BR,-1.489600,-56.396801,America/Santarem
TMW,YSTW,Tamworth Airport,medium_airport,Tamworth,AU,-31.077898,150.845484,Australia/Sydney
TMX,DAUT,Timimoun Airport,medium_airport,Timimoun,DZ,29.237101,0.276033,Africa/Algiers
TNA,ZSJN,Jinan Yaoqiang International Airport,large_airport,Jinan (Licheng),CN,36.857201,117.216003,Asia/Shanghai
TNC,PATC,Tin City Long Range Radar Station Airport,small_airport,Tin City,US,65.563103,-167.921997,America/Nome
TND,MUTD,Alberto Delgado Airport,medium_airport,Trinidad,CU,21.788300,-79.997200,America/Havana
TNE,RJFG,New Tanegashima Airport,medium_airport,Tanegashima,JP,30.605101,130.990997,Asia/Tokyo
TNG,GMTT,Tangier Ibn Battuta Airport,large_airport,Tangier,MA,35.731741,-5.921459,Africa/Casablanca
TNH,ZYTN,Tonghua Sanyuanpu Airport,medium_airport,Tonghua,CN,42.048435,125.733963,Asia/Shanghai
TNJ,WIDN,Raja Haji Fisabilillah International Airport,medium_airport,Tanjung Pinang-Bintan Island,ID,0.923970,104.533410,Asia/Jakarta
TNK,POKA,Tununak Airport,small_airport,Tununak,US,60.569638,-165.246649,America/Nome
TNN,RCNN,Tainan International Airport / Tainan Air Base,large_airport,Tainan (Rende),TW,22.950399,120.206001,Asia/Taipei
TNR,FMMI,Ivato International Airport,large_airport,Antananarivo,MG,-18.796900,47.478802,Indian/Antananarivo
TOD,WMBT,Tioman Airport,medium_airport,Tioman Island,MY,2.818180,104.160004,Asia/Kuala_Lumpur
TOE,DTTZ,Tozeur Nefta International Airport,medium_airport,Tozeur,TN,33.939701,8.110560,Africa/Tunis
TOF,UNTT,Tomsk Kamov Airport,large_airport,Tomsk,RU,56.380299,85.208298,Asia/Tomsk
TOG,PATG,Togiak Airport,small_airport,Togiak Village,US,59.052799,-160.397003,America/Anchorage
TOL,KTOL,Eugene F. Kranz Toledo Express Airport,medium_airport,Toledo,US,41.586800,-83.807800,America/New_York
TOM,GATB,Tombouktou Airport,large_airport,Timbuktu,ML,16.730499,-3.007580,Africa/Bamako
TOS,ENTC,Tromsø Airport,large_airport,Tromsø,NO,69.683296,18.918900,Europe/Oslo
TOU,NWWU,Touho Airport,medium_airport,Touho,NC,-20.790127,165.259524,Pacific/Noumea
TOW,SBTD,Toledo - Luiz Dalcanale Filho Municipal Airport,small_airport,Toledo,BR,-24.686300,-53.697498,America/Sao_Paulo
TOY,RJNT,Toyama Kitokito Airport,medium_airport,Toyama,JP,36.648416,137.187359,Asia/Tokyo
TPA,KTPA,Tampa International Airport,large_airport,Tampa,US,27.975500,-82.533203,America/New_York
TPE,RCTP,Taiwan Taoyuan International Airport,large_airport,Taoyuan,TW,25.077700,121.233002,Asia/Taipei
TPI,AYTI,Tapini Airport,small_airport,Tapini,PG,-8.356667,146.989167,Pacific/Port_Moresby
TPJ,VNTJ,Taplejung Airport,medium_airport,Taplejung,NP,27.350900,87.695250,Asia/Kathmandu
TPP,SPST,Cadete FAP Guillermo Del Castillo Paredes Airport,medium_airport,Tarapoto,PE,-6.508740,-76.373199,America/Lima
TPQ,MMEP,Amado Nervo National Airport,medium_airport,Tepic,MX,21.419833,-104.842472,America/Mazatlan
TPS,LICT,Vincenzo Florio Airport Trapani-Birgi,medium_airport,Trapani (TP),IT,37.911400,12.488000,Europe/Rome
TQO,MMTL,Felipe Carrillo Puerto International Airport Tulum,large_airport,Tulum,MX,20.172098,-87.660272,America/Cancun
TRA,RORT,Tarama Airport,medium_airport,Tarama,JP,24.653793,124.675453,Asia/Tokyo
TRC,MMTC,Francisco Sarabia Tinoco International Airport,medium_airport,Torreón,MX,25.562265,-103.404608,America/Monterrey
TRD,ENVA,"Trondheim Airport, Værnes",large_airport,Trondheim,NO,63.457802,10.924000,Europe/Oslo
TRE,EGPU,Tiree Airport,medium_airport,"Balemartine, Argyll and Bute",GB,56.499199,-6.869170,Europe/London
TRF,ENTO,"Sandefjord Airport, Torp",large_airport,Sandefjord(Torp),NO,59.186699,10.258600,Europe/Oslo
TRG,NZTG,Tauranga Airport,medium_airport,Tauranga,NZ,-37.671902,176.195999,Pacific/Auckland
TRI,KTRI,Tri-Cities Regional TN/VA Airport,medium_airport,Blountville,US,36.475201,-82.407401,America/New_York
TRK,WAQQ,Juwata International Airport / Suharnoko Harbani AFB,medium_airport,Tarakan,ID,3.325145,117.564169,Asia/Makassar
TRN,LIMF,Turin Airport,large_airport,Caselle Torinese (TO),IT,45.200802,7.649630,Europe/Rome
TRR,VCCT,China Bay Airport,medium_airport,Trincomalee,LK,8.539159,81.181280,Asia/Colombo
TRS,LIPQ,Trieste Airport,large_airport,Ronchi dei Legionari/Trieste,IT,45.827862,13.466672,Europe/Rome
TRT,WAFB,Toraja Airport,medium_airport,Toraja,ID,-3.184359,119.919104,Asia/Makassar
TRU,SPRU,Capitán FAP Carlos Martínez de Pinillos International Airport,large_airport,Trujillo,PE,-8.082382,-79.108821,America/Lima
TRV,VOTV,Thiruvananthapuram International Airport,large_airport,Thiruvananthapuram,IN,8.481889,76.920029,Asia/Kolkata
TRW,NGTA,Bonriki International Airport,large_airport,South Tarawa,KI,1.381640,173.147003,Pacific/Tarawa
TRZ,VOTR,Tiruchirappalli International Airport,large_airport,Tiruchirappalli,IN,10.762915,78.717741,Asia/Kolkata
TSA,RCSS,Taipei Songshan International Airport,large_airport,Taipei (Songshan),TW,25.067244,121.552822,Asia/Taipei
TSF,LIPH,Treviso Airport,large_airport,Treviso (TV),IT,45.648399,12.194400,Europe/Rome
TSJ,RJDT,Tsushima Airport,medium_airport,Tsushima,JP,34.284901,129.330994,Asia/Tokyo
TSM,KSKX,Taos Regional Airport,medium_airport,Taos,US,36.452494,-105.677490,America/Denver
TSN,ZBTJ,Tianjin Binhai International Airport,large_airport,Tianjin,CN,39.124401,117.346001,Asia/Shanghai
TSR,LRTR,Timișoara Traian Vuia International Airport,large_airport,Timişoara,RO,45.809898,21.337900,Europe/Bucharest
TST,VTST,Trang Airport,medium_airport,Trang,TH,7.508740,99.616600,Asia/Bangkok
TSV,YBTL,Townsville Airport / RAAF Base Townsville,medium_airport,Townsville,AU,-19.252904,146.766512,Australia/Brisbane
TTA,GMAT,Tan Tan Airport,medium_airport,Tan Tan,MA,28.447563,-11.161749,Africa/Casablanca
TTE,WAEE,Sultan Babullah Airport,medium_airport,Ternate,ID,0.831012,127.381611,Asia/Jayapura
TTJ,RJOR,Tottori Sand Dunes Conan Airport,medium_airport,Tottori,JP,35.530058,134.165023,Asia/Tokyo
TTN,KTTN,Trenton Mercer Airport,medium_airport,Ewing Township,US,40.276699,-74.813499,America/New_York
TTS,FMNT,Tsaratanana Airport,small_airport,Tsaratanana,MG,-16.751064,47.619016,Indian/Antananarivo
TTT,RCFN,Taitung Airport,medium_airport,Taitung City,TW,22.754856,121.101794,Asia/Taipei
TTU,GMTN,Sania Ramel Airport,large_airport,Tétouan,MA,35.594299,-5.320020,Africa/Casablanca
TUA,SETU,Lieutenant Colonel Luis A. Mantilla International Airport,medium_airport,Tulcán,EC,0.809506,-77.708099,America/Bogota
TUB,NTAT,Tubuai Airport,medium_airport,,PF,-23.365400,-149.524002,Pacific/Tahiti
TUC,SANT,Teniente Benjamín Matienzo International Airport,large_airport,San Miguel de Tucumán,AR,-26.837397,-65.104195,America/Argentina/Tucuman
TUF,LFOT,Tours Val de Loire Airport,medium_airport,"Tours, Indre-et-Loire",FR,47.432201,0.727606,Europe/Paris
TUG,RPUT,Tuguegarao Airport,medium_airport,Tuguegarao City,PH,17.643368,121.733150,Asia/Manila
TUI,OETR,Turaif Domestic Airport,medium_airport,Turaif,SA,31.692188,38.731544,Asia/Riyadh
TUK,OPTU,Turbat International Airport,large_airport,Turbat,PK,25.984767,63.028856,Asia/Karachi
TUL,KTUL,Tulsa International Airport,large_airport,Tulsa,US,36.197084,-95.886225,America/Chicago
TUN,DTTA,Tunis Carthage International Airport,large_airport,Tunis,TN,36.851002,10.227200,Africa/Tunis
TUO,NZAP,Taupo Airport,medium_airport,Taupo,NZ,-38.739700,176.084000,Pacific/Auckland
TUP,KTUP,Tupelo Regional Airport,medium_airport,Tupelo,US,34.268101,-88.769897,America/Chicago
TUR,SBTU,Tucuruí Airport,medium_airport,Tucuruí,BR,-3.786010,-49.720299,America/Belem
TUS,KTUS,Tucson International Airport,large_airport,Tucson,US,32.115004,-110.938053,America/Phoenix
TUU,OETB,Prince Sultan bin Abdulaziz International Airport,large_airport,Tabuk,SA,28.371100,36.624865,Asia/Riyadh
TVC,KTVC,Cherry Capital Airport,medium_airport,Traverse City,US,44.741402,-85.582199,America/Detroit
TVF,KTVF,Thief River Falls Regional Airport,medium_airport,Thief River Falls,US,48.065701,-96.184998,America/Chicago
TVS,ZBSN,Tangshan Sannühe Airport,small_airport,Tangshan (Fengrun),CN,39.717800,118.002625,Asia/Shanghai
TVT,UZTP,Tashkent-Khumo International Airport,medium_airport,Tashkent,UZ,41.312889,69.395535,Asia/Tashkent
TVU,NFNM,Matei Airport,small_airport,Matei,FJ,-16.690599,-179.876999,Pacific/Fiji
TVY,VYDW,Dawei Airport,medium_airport,Dawei,MM,14.103900,98.203598,Asia/Yangon
TWA,,Twin Hills Airport,small_airport,Twin Hills,US,59.074713,-160.274992,America/Anchorage
TWC,ZWTS,Tumxuk Tangwangcheng Airport,small_airport,Tumxuk,CN,39.886663,79.233408,Asia/Urumqi
TWF,KTWF,Joslin Field Magic Valley Regional Airport,medium_airport,Twin Falls,US,42.481800,-114.487999,America/Boise
TWT,RPMN,Sanga Sanga Airport,medium_airport,Bongao,PH,5.048196,119.743338,Asia/Kuching
TWU,WBKW,Tawau Airport,medium_airport,Tawau,MY,4.313380,118.121520,Asia/Kuching
TXE,WITK,Rembele Airport,medium_airport,Takengon,ID,4.721130,96.851943,Asia/Jakarta
TXK,KTXK,Texarkana Regional Airport (Webb Field),medium_airport,Texarkana,US,33.453701,-93.990997,America/Chicago
TXN,ZSTX,Huangshan Tunxi International Airport,large_airport,Huangshan,CN,29.733299,118.255997,Asia/Shanghai
TYF,ESST,Torsby Airport,medium_airport,Torsby,SE,60.157600,12.991300,Europe/Stockholm
TYL,SPYL,Captain Victor Montes Arias International Airport,medium_airport,Talara,PE,-4.576640,-81.254097,America/Lima
TYN,ZBYN,Taiyuan Wusu International Airport,large_airport,Taiyuan,CN,37.746899,112.627998,Asia/Shanghai
TYR,KTYR,Tyler Pounds Regional Airport,medium_airport,Tyler,US,32.354099,-95.402397,America/Chicago
TYS,KTYS,McGhee Tyson Airport,large_airport,Knoxville/Maryville,US,35.811001,-83.994003,America/New_York
TZA,MZBE,Sir Barry Bowen Municipal Airport,medium_airport,Belize City,BZ,17.517239,-88.195775,America/Belize
TZL,LQTZ,Tuzla International Airport,large_airport,Dubrave Gornje,BA,44.459858,18.723627,Europe/Sarajevo
TZN,MYAK,Congo Town Airport,medium_airport,Andros,BS,24.158701,-77.589798,America/Nassau
TZX,LTCG,Trabzon International Airport,medium_airport,Trabzon,TR,40.995098,39.789700,Europe/Istanbul
UAH,NTMU,Ua Huka Airport,small_airport,Ua Huka,PF,-8.936228,-139.554062,Pacific/Marquesas
UAI,WPDB,"Commander in Chief of FALINTIL, Kay Rala Xanana Gusmão, International Airport",medium_airport,Suai,TL,-9.301856,125.286302,Asia/Makassar
UAP,NTMP,Ua Pou Airport,small_airport,Ua Pou,PF,-9.351670,-140.078003,Pacific/Marquesas
UAQ,SANU,Domingo Faustino Sarmiento Airport,medium_airport,San Juan,AR,-31.571501,-68.418198,America/Argentina/San_Juan
UAR,GMFB,Bouarfa Airport,medium_airport,Bouarfa,MA,32.514306,-1.983056,Africa/Casablanca
UBA,SBUR,Mário de Almeida Franco Airport,medium_airport,Uberaba,BR,-19.765036,-47.964805,America/Sao_Paulo
UBB,YMAA,Mabuiag Island Airport,small_airport,Mabuiag Island,AU,-9.950168,142.195230,Australia/Brisbane
UBJ,RJDC,Yamaguchi Ube Airport,medium_airport,Ube,JP,33.930000,131.279007,Asia/Tokyo
UBN,ZMCK,Ulaanbaatar Chinggis Khaan International Airport,large_airport,Ulaanbaatar (Sergelen),MN,47.646916,106.819833,Asia/Ulaanbaatar
UBP,VTUU,Ubon Ratchathani Airport,medium_airport,Ubon Ratchathani,TH,15.251300,104.870003,Asia/Bangkok
UCB,ZBUC,Ulanqab Jining Airport,medium_airport,Ulanqab,CN,41.130266,113.107274,Asia/Shanghai
UCT,UUYH,Ukhta Airport,medium_airport,Ukhta,RU,63.566898,53.804699,Europe/Moscow
UDI,SBUL,Ten. Cel. Aviador César Bombonato Airport,medium_airport,Uberlândia,BR,-18.883579,-48.225936,America/Sao_Paulo
UDR,VAUD,Maharana Pratap Airport,medium_airport,Udaipur,IN,24.617701,73.896103,Asia/Kolkata
UEL,FQQL,Quelimane Airport,medium_airport,Quelimane,MZ,-17.855499,36.869099,Africa/Maputo
UEO,ROKJ,Kumejima Airport,medium_airport,Kumejima,JP,26.363445,126.713840,Asia/Tokyo
UET,OPQT,Quetta International Airport,large_airport,Quetta,PK,30.251400,66.937798,Asia/Karachi
UFA,UWUU,Ufa International Airport,large_airport,Ufa,RU,54.557499,55.874401,Asia/Yekaterinburg
UGA,ZMBN,Bulgan Airport,medium_airport,Bulgan,MN,48.855000,103.475998,Asia/Ulaanbaatar
UGC,UZNU,Urgench International Airport,large_airport,Urgench,UZ,41.582740,60.643380,Asia/Samarkand
UGU,WAYB,Bilorai Airport,medium_airport,Bilogai,ID,-3.739503,137.031183,Asia/Jayapura
UIB,SKUI,El Caraño Airport,medium_airport,Quibdó,CO,5.690760,-76.641200,America/Bogota
UIH,VVPC,Phu Cat Airport,medium_airport,Quy Nohn,VN,13.955000,109.042000,Asia/Ho_Chi_Minh
UII,MHUT,Utila Airport,small_airport,Utila Island,HN,16.113100,-86.880302,America/Tegucigalpa
UIN,KUIN,Quincy Regional Airport Baldwin Field,medium_airport,Quincy,US,39.942699,-91.194603,America/Chicago
UIO,SEQM,Mariscal Sucre International Airport,large_airport,Quito,EC,-0.125399,-78.354306,America/Guayaquil
UIT,,Jaluit Airport,small_airport,Jabor Jaluit Atoll,MH,5.909213,169.637256,Pacific/Majuro
UJE,,Ujae Atoll Airport,small_airport,Ujae Atoll,MH,8.928060,165.761993,Pacific/Majuro
UKB,RJBE,Kobe Airport,large_airport,Kobe,JP,34.632801,135.223999,Asia/Tokyo
UKE,VEUK,Utkela Airport,medium_airport,Bhawanipatna,IN,20.097778,83.183333,Asia/Kolkata
UKG,UEBT,Ust-Kuyga Airport,small_airport,Ust-Kuyga,RU,70.011002,135.645004,Asia/Vladivostok
UKK,UASK,Oskemen International Airport,large_airport,Ust-Kamenogorsk (Oskemen),KZ,50.035033,82.496057,Asia/Almaty
UKX,UITT,Ust-Kut Airport,medium_airport,Ust-Kut,RU,56.856701,105.730003,Asia/Irkutsk
ULG,ZMUL,Ölgii Mongolei International Airport,medium_airport,Ölgii,MN,48.993301,89.922501,Asia/Barnaul
ULH,OEAO,Al-Ula International Airport,large_airport,Al-Ula,SA,26.483634,38.117048,Asia/Riyadh
ULK,UERL,Lensk Airport,medium_airport,Lensk,RU,60.723594,114.825319,Asia/Yakutsk
ULO,ZMUG,Ulaangom Airport,medium_airport,Ulaangom,MN,50.066588,91.938273,Asia/Hovd
ULP,YQLP,Quilpie Airport,medium_airport,,AU,-26.609176,144.253746,Australia/Brisbane
ULU,HUGU,Gulu Airport,medium_airport,Gulu,UG,2.805560,32.271801,Africa/Kampala
ULV,UWLL,Ulyanovsk Baratayevka Airport,medium_airport,Ulyanovsk,RU,54.270160,48.225569,Europe/Ulyanovsk
ULY,UWLW,Ulyanovsk Vostochny Airport,medium_airport,Cherdakly,RU,54.401001,48.802700,Europe/Moscow
ULZ,ZMDN,Donoi Airport,small_airport,Uliastai,MN,47.709300,96.525800,Asia/Ulaanbaatar
UME,ESNU,Umeå Airport,large_airport,Umeå,SE,63.791801,20.282801,Europe/Stockholm
UMS,UEMU,Ust-Maya Airport,small_airport,Ust-Maya,RU,60.357437,134.437310,Asia/Khandyga
UMU,SSUM,Orlando de Carvalho Airport,small_airport,Umuarama,BR,-23.798700,-53.313801,America/Sao_Paulo
UNA,SBTC,Una-Comandatuba Airport,small_airport,Una,BR,-15.354358,-38.998729,America/Bahia
UNG,AYKI,Kiunga Airport,small_airport,Kiunga,PG,-6.125710,141.281998,Pacific/Port_Moresby
UNI,TVSU,Union Island International Airport,medium_airport,Union Island,VC,12.600135,-61.411945,America/St_Vincent
UNK,PAUN,Unalakleet Airport,medium_airport,Unalakleet,US,63.888401,-160.798996,America/Anchorage
UNN,VTSR,Ranong Airport,medium_airport,Ranong,TH,9.777620,98.585503,Asia/Bangkok
UOL,WAFY,Buol - Pogogul Airport,small_airport,Buol,ID,1.102318,121.413358,Asia/Makassar
UPG,WAAA,Sultan Hasanuddin International Airport,large_airport,Makassar,ID,-5.075539,119.553702,Asia/Makassar
UPN,MMPN,Uruapan - Licenciado y General Ignacio Lopez Rayon International Airport,medium_airport,Uruapan,MX,19.396700,-102.039001,America/Mexico_City
URA,UARR,Manshuk Mametova International Airport,large_airport,Uralsk,KZ,51.151976,51.543652,Asia/Oral
URC,ZWWW,Ürümqi Tianshan International Airport,large_airport,Ürümqi,CN,43.913584,87.479372,Asia/Urumqi
URE,EEKE,Kuressaare Airport,medium_airport,Kuressaare,EE,58.229900,22.509501,Europe/Tallinn
URG,SBUG,Rubem Berta Airport,medium_airport,Uruguaiana,BR,-29.782200,-57.038200,America/Sao_Paulo
URJ,USHU,Uray Airport,medium_airport,Uray,RU,60.103298,64.826698,Asia/Yekaterinburg
URT,VTSB,Surat Thani Airport,medium_airport,Surat Thani,TH,9.132600,99.135597,Asia/Bangkok
URY,OEGT,Gurayat Domestic Airport,medium_airport,Gurayat,SA,31.412413,37.278898,Asia/Amman
USA,KJQF,Concord-Padgett Regional Airport,medium_airport,Concord,US,35.387798,-80.709099,America/New_York
USH,SAWH,Ushuaia - Malvinas Argentinas International Airport,medium_airport,Ushuaia,AR,-54.843300,-68.295800,America/Punta_Arenas
USJ,UAAL,Usharal Airport,small_airport,Usharal,KZ,46.190767,80.830922,Asia/Almaty
USK,UUYS,Usinsk Airport,medium_airport,Usinsk,RU,66.004700,57.367199,Europe/Moscow
USM,VTSM,Samui International Airport,large_airport,Na Thon (Ko Samui Island),TH,9.547790,100.061996,Asia/Bangkok
USN,RKPU,Ulsan Airport,medium_airport,Ulsan,KR,35.593498,129.352005,Asia/Seoul
USR,UEMT,Ust-Nera Airport,medium_airport,Ust-Nera,RU,64.550003,143.115005,Asia/Ust-Nera
UST,KSGJ,Northeast Florida Regional Airport,medium_airport,St Augustine,US,29.959200,-81.339798,America/New_York
USU,RPVV,Francisco B. Reyes (Busuanga) Airport,medium_airport,Coron,PH,12.121865,120.100801,Asia/Manila
UTH,VTUD,Udon Thani International Airport,large_airport,Udon Thani,TH,17.386186,102.788577,Asia/Bangkok
UTK,,Utirik Airport,small_airport,Utirik Island,MH,11.222219,169.851429,Pacific/Majuro
UTN,FAUP,Upington Airport,medium_airport,Upington,ZA,-28.400246,21.263592,Africa/Johannesburg
UTO,PAIM,Indian Mountain LRRS Airport,medium_airport,Utopia Creek,US,65.992798,-153.703995,America/Anchorage
UTP,VTBU,U-Tapao–Rayong–Pattaya International Airport,large_airport,Rayong,TH,12.679900,101.004997,Asia/Bangkok
UTT,FAUT,K. D. Matanzima Airport,medium_airport,Mthatha,ZA,-31.546363,28.673355,Africa/Johannesburg
UUA,UWKB,Bugulma Airport,medium_airport,Bugulma,RU,54.641184,52.800229,Europe/Moscow
UUD,UIUU,Baikal International Airport,large_airport,Ulan Ude,RU,51.808614,107.439652,Asia/Irkutsk
UUS,UHSS,Yuzhno-Sakhalinsk International Airport,large_airport,Yuzhno-Sakhalinsk,RU,46.885461,142.717466,Asia/Sakhalin
UVE,NWWV,Ouvéa Airport,medium_airport,Ouvéa,NC,-20.640932,166.573024,Pacific/Noumea
UVF,TLPL,Hewanorra International Airport,large_airport,Vieux Fort,LC,13.733200,-60.952599,America/St_Vincent
UVI,SSUV,José Cleto Airport,small_airport,União da Vitória,BR,-26.233224,-51.066754,America/Sao_Paulo
UYL,HSNN,Nyala Airport,medium_airport,Nyala,SD,12.053500,24.956200,Africa/Khartoum
UYN,ZLYL,Yulin Yuyang Airport,medium_airport,Yulin,CN,38.359710,109.590927,Asia/Shanghai
UYU,SLUY,Joya Andina International Airport,large_airport,Quijarro,BO,-20.441304,-66.857553,America/La_Paz
UZR,UASU,Urzhar Airport,small_airport,Urzhar,KZ,47.091786,81.668216,Asia/Almaty
VAA,EFVA,Vaasa Airport,large_airport,Vaasa,FI,63.050230,21.762543,Europe/Helsinki
VAI,AYVN,Vanimo Airport,medium_airport,Vanimo,PG,-2.692600,141.302800,Pacific/Port_Moresby
VAK,PAVA,Chevak Airport,small_airport,Chevak,US,61.540900,-165.600500,America/Nome
VAL,SNVB,Valença Airport,small_airport,Valença,BR,-13.296500,-38.992401,America/Bahia
VAM,VRMV,Villa International Airport Maamigili,medium_airport,Maamigili,MV,3.471751,72.832633,Indian/Maldives
VAN,LTCI,Van Ferit Melen Airport,medium_airport,Van,TR,38.468201,43.332298,Europe/Istanbul
VAO,AGGV,Suavanao Airport,small_airport,Suavanao,SB,-7.585560,158.731003,Pacific/Guadalcanal
VAQ,UNIW,Vanavara Airport,medium_airport,Vanavara,RU,60.356229,102.309641,Asia/Krasnoyarsk
VAR,LBWN,Varna Airport,large_airport,Varna,BG,43.232101,27.825100,Europe/Sofia
VAS,LTAR,Sivas Nuri Demirağ Airport,medium_airport,Sivas,TR,39.813801,36.903500,Europe/Istanbul
VAV,NFTV,Vava'u International Airport,large_airport,Vava'u Island,TO,-18.585300,-173.962006,Pacific/Tongatapu
VAW,ENSS,"Vardø Airport, Svartnes",medium_airport,Vardø,NO,70.355400,31.044901,Europe/Oslo
VBS,LIPO,Brescia Gabriele d'Annunzio Airport,medium_airport,Montichiari (BS),IT,45.428902,10.330600,Europe/Rome
VBV,NFVB,Vanua Balavu Airport,small_airport,Vanua Balavu,FJ,-17.268999,-178.975998,Pacific/Fiji
VBY,ESSV,Visby Airport,large_airport,Visby,SE,57.662800,18.346201,Europe/Stockholm
VCA,VVCT,Can Tho International Airport,large_airport,Can Tho,VN,10.083397,105.709371,Asia/Ho_Chi_Minh
VCE,LIPZ,Venice Marco Polo Airport,large_airport,Venezia (VE),IT,45.505299,12.351900,Europe/Rome
VCL,VVCA,Chu Lai Airport,small_airport,Tam Nghĩa,VN,15.403300,108.706001,Asia/Ho_Chi_Minh
VCP,SBKP,Viracopos International Airport,large_airport,Campinas,BR,-23.007404,-47.134502,America/Sao_Paulo
VCS,VVCS,Con Dao Airport,medium_airport,Con Dao,VN,8.731830,106.633003,Asia/Ho_Chi_Minh
VCT,KVCT,Victoria Regional Airport,medium_airport,Victoria,US,28.852600,-96.918503,America/Chicago
VDC,SBVC,Glauber de Andrade Rocha Airport,medium_airport,Vitória da Conquista,BR,-14.907885,-40.914804,America/Bahia
VDE,GCHI,El Hierro Airport,medium_airport,El Hierro Island,ES,27.814800,-17.887100,Atlantic/Canary
VDH,VVDH,Dong Hoi Airport,medium_airport,Dong Hoi,VN,17.515000,106.590556,Asia/Bangkok
VDM,SAVV,Gobernador Castello Airport,medium_airport,Viedma / Carmen de Patagones,AR,-40.869200,-63.000400,America/Argentina/Salta
VDO,VVVD,Van Don International Airport,medium_airport,Van Don,VN,21.120693,107.415390,Asia/Bangkok
VDS,ENVD,Vadsø Airport,medium_airport,Vadsø,NO,70.065300,29.844700,Europe/Oslo
VDZ,PAVD,Valdez Pioneer Field,medium_airport,Valdez,US,61.132712,-146.246567,America/Anchorage
VEE,PAVE,Venetie Airport,small_airport,Venetie,US,67.008698,-146.365997,America/Anchorage
VEL,KVEL,Vernal Regional Airport,medium_airport,Vernal,US,40.436214,-109.511661,America/Denver
VEO,UNIS,Severo-Yeniseysk Airport,medium_airport,Severo-Yeniseysk,RU,60.373299,93.011703,Asia/Krasnoyarsk
VER,MMVR,General Heriberto Jara International Airport,large_airport,Veracruz,MX,19.139589,-96.188602,America/Mexico_City
VFA,FVFA,Victoria Falls International Airport,large_airport,Victoria Falls,ZW,-18.097437,25.836867,Africa/Harare
VGA,VOBZ,Vijayawada International Airport,large_airport,Vijayawada,IN,16.530011,80.804888,Asia/Kolkata
VGO,LEVX,Vigo Airport,medium_airport,Vigo,ES,42.231800,-8.626770,Europe/Madrid
VHM,ESNV,Vilhelmina South Lapland Airport,medium_airport,Vilhelmina,SE,64.579102,16.833599,Europe/Stockholm
VHV,UENI,Verkhnevilyuisk Airport,small_airport,Verkhnevilyuisk,RU,63.458057,120.269165,Asia/Yakutsk
VIE,LOWW,Vienna International Airport,large_airport,Vienna,AT,48.110298,16.569700,Europe/Vienna
VIG,SVVG,Juan Pablo Pérez Alfonso Airport,medium_airport,El Vigía,VE,8.624139,-71.672668,America/Caracas
VII,VVVH,Vinh Airport,medium_airport,Vinh,VN,18.737600,105.670998,Asia/Bangkok
VIJ,TUPW,Virgin Gorda Airport,medium_airport,Spanish Town,VG,18.446634,-64.427932,America/Tortola
VIL,GMMH,Dakhla Airport,large_airport,Dakhla,EH,23.718300,-15.932000,Africa/El_Aaiun
VIT,LEVT,Vitoria Airport,medium_airport,Alava,ES,42.882801,-2.724470,Europe/Madrid
VIX,SBVT,Eurico de Aguiar Salles International Airport,large_airport,Vitória,BR,-20.258000,-40.285000,America/Sao_Paulo
VJB,FQXA,Xai-Xai Chongoene Airport,small_airport,Xai-Xai,MZ,-24.892909,33.753024,Africa/Maputo
VKG,VVRG,Rach Gia Airport,medium_airport,Rach Gia,VN,9.958030,105.132380,Asia/Ho_Chi_Minh
VKO,UUWW,Vnukovo International Airport,large_airport,Moscow,RU,55.591499,37.261501,Europe/Moscow
VKT,UUYW,Vorkuta Airport,medium_airport,Vorkuta,RU,67.488602,63.993099,Europe/Moscow
VLC,LEVC,Valencia Airport,large_airport,Valencia,ES,39.489162,-0.480961,Europe/Madrid
VLD,KVLD,Valdosta Regional Airport,medium_airport,Valdosta,US,30.782499,-83.276703,America/New_York
VLI,NVVV,Bauerfield International Airport,large_airport,Port Vila,VU,-17.699301,168.320007,Pacific/Efate
VLL,LEVD,Valladolid Airport,medium_airport,Valladolid,ES,41.706100,-4.851940,Europe/Madrid
VLN,SVVA,Arturo Michelena International Airport,large_airport,Valencia,VE,10.149733,-67.928398,America/Caracas
VLS,NVSV,Valesdir Airport,small_airport,Epi Island,VU,-16.796101,168.177002,Pacific/Efate
VLV,SVVL,Dr. Antonio Nicolás Briceño Airport,medium_airport,Valera,VE,9.340478,-70.584061,America/Caracas
VMU,AYBA,Baimuru Airport,medium_airport,Baimuru,PG,-7.496955,144.821756,Pacific/Port_Moresby
VNO,EYVI,Vilnius International Airport,large_airport,Vilnius,LT,54.634102,25.285801,Europe/Vilnius
VNS,VEBN,Lal Bahadur Shastri International Airport,large_airport,Varanasi,IN,25.452171,82.862549,Asia/Kolkata
VNX,FQVL,Vilankulo Airport,medium_airport,Vilanculo,MZ,-22.018400,35.313301,Africa/Maputo
VOG,URWW,Volgograd International Airport,large_airport,Volgograd,RU,48.781340,44.339194,Europe/Volgograd
VOL,LGBL,Nea Anchialos National Airport,medium_airport,Nea Anchialos,GR,39.219601,22.794300,Europe/Athens
VOZ,UUOO,Voronezh International Airport,medium_airport,Voronezh,RU,51.814324,39.230948,Europe/Moscow
VPE,FNGI,Ngjiva Pereira Airport,medium_airport,Ngiva,AO,-17.043501,15.683800,Africa/Luanda
VPN,BIVO,Vopnafjörður Airport,medium_airport,Vopnafjörður,IS,65.720596,-14.850600,Atlantic/Reykjavik
VPS,KVPS,Destin-Fort Walton Beach Airport,medium_airport,Valparaiso,US,30.481315,-86.515839,America/Chicago
VPY,FQCH,Chimoio Airport,medium_airport,Chimoio,MZ,-19.151300,33.429001,Africa/Maputo
VQS,TJVQ,Antonio Rivera Rodriguez Airport,medium_airport,Vieques,PR,18.134800,-65.493599,America/Puerto_Rico
VRA,MUVR,Juan Gualberto Gomez International Airport,large_airport,Matanzas,CU,23.034401,-81.435303,America/Havana
VRB,KVRB,Vero Beach Regional Airport,medium_airport,Vero Beach,US,27.655600,-80.417901,America/New_York
VRC,RPUV,Virac Airport,medium_airport,Virac,PH,13.576400,124.206001,Asia/Manila
VRL,LPVR,Vila Real Airport,medium_airport,Vila Real,PT,41.274300,-7.720470,Europe/Lisbon
VRN,LIPX,Verona Villafranca Valerio Catullo Airport,large_airport,Caselle (VR),IT,45.394955,10.887303,Europe/Rome
VSA,MMVA,Carlos Rovirosa Pérez International Airport,large_airport,Villahermosa,MX,17.994283,-92.818199,America/Mexico_City
VSE,LPVZ,Aerodromo Goncalves Lobato (Viseu Airport),medium_airport,Viseu,PT,40.725498,-7.888990,Europe/Lisbon
VST,ESOW,Stockholm Västerås Airport,large_airport,Stockholm / Västerås,SE,59.589401,16.633600,Europe/Stockholm
VSV,VISV,Shravasti Airport,small_airport,Shravasti,IN,27.499732,82.032927,Asia/Kolkata
VTE,VLVT,Wattay International Airport,large_airport,Vientiane,LA,17.985052,102.566692,Asia/Vientiane
VTU,MUVT,Hermanos Ameijeiras Airport,medium_airport,Las Tunas,CU,20.987600,-76.935799,America/Havana
VTZ,VOVI,Alluri Sitarama Raju International Airport (Vizag),large_airport,Visakhapatnam,IN,17.971512,83.503617,Asia/Kolkata
VUP,SKVP,Alfonso López Pumarejo Airport,medium_airport,Valledupar,CO,10.435000,-73.249500,America/Bogota
VUS,ULWU,Velikiy Ustyug Airport,medium_airport,Velikiy Ustyug,RU,60.788300,46.259998,Europe/Moscow
VVC,SKVV,Vanguardia Airport,medium_airport,Villavicencio,CO,4.167870,-73.613800,America/Bogota
VVI,SLVR,Viru Viru International Airport,large_airport,Santa Cruz,BO,-17.644800,-63.135399,America/La_Paz
VVO,UHWW,Vladivostok International Airport,large_airport,Artyom,RU,43.396256,132.148155,Asia/Vladivostok
VVZ,DAAP,Illizi Takhamalt Airport,medium_airport,Illizi,DZ,26.723499,8.622650,Africa/Algiers
VXC,FQLC,Lichinga Airport,medium_airport,Lichinga,MZ,-13.274000,35.266300,Africa/Maputo
VXE,GVSV,Cesaria Evora International Airport,large_airport,São Pedro,CV,16.833363,-25.055308,Atlantic/Cape_Verde
VXO,ESMX,Växjö Kronoberg Airport,medium_airport,Växjö,SE,56.929100,14.728000,Europe/Stockholm
VYI,UENW,Vilyuisk Airport,medium_airport,Vilyuisk,RU,63.756668,121.693336,Asia/Yakutsk
WAA,PAIW,Wales Airport,small_airport,Wales,US,65.622593,-168.095000,America/Nome
WAE,OEWD,Wadi Al Dawasir Domestic Airport,medium_airport,Wadi Al Dawasir,SA,20.504299,45.199600,Asia/Riyadh
WAG,NZWU,Wanganui Airport,medium_airport,Wanganui,NZ,-39.963467,175.024440,Pacific/Auckland
WAW,EPWA,Warsaw Chopin Airport,large_airport,Warsaw,PL,52.165699,20.967100,Europe/Warsaw
WBB,,Stebbins Airport,small_airport,Stebbins,US,63.515999,-162.278000,America/Nome
WBM,AYWD,Wapenamanda Airport,medium_airport,Wapenamanda,PG,-5.635293,143.892231,Pacific/Port_Moresby
WBQ,PAWB,Beaver Airport,small_airport,Beaver,US,66.362198,-147.406998,America/Anchorage
WDH,FYWH,Hosea Kutako International Airport,large_airport,Windhoek,NA,-22.479900,17.470900,Africa/Windhoek
WDN,90WA,Waldron Airstrip,small_airport,Eastsound,US,48.711410,-123.018208,America/Los_Angeles
WDS,ZHSY,Shiyan Wudangshan Airport,medium_airport,Shiyan (Maojian),CN,32.592889,110.906296,Asia/Shanghai
WEF,ZSWF,Weifang Nanyuan Airport,medium_airport,Weifang (Kuiwen),CN,36.646702,119.119003,Asia/Shanghai
WEH,ZSWH,Weihai Dashuibo Airport,medium_airport,Weihai,CN,37.187099,122.228996,Asia/Shanghai
WEI,YBWP,Weipa Airport,medium_airport,Weipa,AU,-12.677493,141.922618,Australia/Brisbane
WGA,YSWG,Wagga Wagga Airport,medium_airport,Forest Hill,AU,-35.163484,147.468320,Australia/Sydney
WGE,YWLG,Walgett Airport,medium_airport,,AU,-30.032801,148.126007,Australia/Sydney
WGN,ZGSY,Shaoyang Wugang Airport,medium_airport,Shaoyang (Wugang),CN,26.806123,110.641042,Asia/Shanghai
WGP,WATU,Umbu Mehang Kunda Airport,small_airport,Waingapu-Sumba Island,ID,-9.669220,120.302002,Asia/Makassar
WHA,ZSWA,Wuhu Xuanzhou Airport,medium_airport,Wuhu,CN,31.104500,118.666870,Asia/Shanghai
WHK,NZWK,Whakatāne Airport,medium_airport,Whakatāne,NZ,-37.922224,176.916960,Pacific/Auckland
WIC,EGPC,Wick John O'Groats Airport,medium_airport,Wick,GB,58.458900,-3.093060,Europe/London
WIL,HKNW,Nairobi Wilson Airport,medium_airport,Nairobi,KE,-1.321720,36.814800,Africa/Nairobi
WIN,YWTN,Winton Airport,medium_airport,,AU,-22.363600,143.085999,Australia/Brisbane
WJR,HKWJ,Wajir Airport,medium_airport,Wajir,KE,1.733240,40.091599,Africa/Nairobi
WJU,RKNW,Wonju Airport / Hoengseong Air Base (K-38/K-46),medium_airport,Wonju,KR,37.437113,127.960051,Asia/Seoul
WKA,NZWF,Wanaka Airport,medium_airport,Wanaka,NZ,-44.722091,169.246287,Pacific/Auckland
WKJ,RJCW,Wakkanai Airport,medium_airport,Wakkanai,JP,45.404202,141.800995,Asia/Tokyo
WKK,,Aleknagik / New Airport,medium_airport,Aleknagik,US,59.282600,-158.617996,America/Anchorage
WLG,NZWN,Wellington International Airport,large_airport,Wellington,NZ,-41.326839,174.806862,Pacific/Auckland
WLH,NVSW,Walaha Airport,small_airport,Walaha,VU,-15.412000,167.690994,Pacific/Efate
WLK,PASK,Selawik Airport,small_airport,Selawik,US,66.600098,-159.985992,America/Anchorage
WLS,NLWW,Hihifo Airport,large_airport,Wallis Island,WF,-13.239445,-176.198650,Pacific/Wallis
WMI,EPMO,Warsaw Modlin Airport,large_airport,Nowy Dwór Mazowiecki,PL,52.451099,20.651800,Europe/Warsaw
WMN,FMNR,Maroantsetra Airport,medium_airport,Maroantsetra,MG,-15.437742,49.689081,Indian/Antananarivo
WMO,PAWM,White Mountain Airport,small_airport,White Mountain,US,64.689201,-163.412994,America/Nome
WMT,ZUMT,Zunyi Maotai Airport,medium_airport,Zunyi,CN,27.961837,106.435416,Asia/Shanghai
WMX,WAVV,Wamena Airport,medium_airport,Wamena,ID,-4.097324,138.952417,Asia/Jayapura
WNA,PANA,Napakiak Airport,small_airport,Napakiak,US,60.690300,-161.979004,America/Nome
WNH,ZPWS,Wenshan Puzhehei Airport,small_airport,Wenshan,CN,23.558300,104.325500,Asia/Shanghai
WNI,WAWD,Matahora Airport,medium_airport,Wangi-wangi Island,ID,-5.292123,123.636233,Asia/Makassar
WNN,CKL3,Wunnumin Lake Airport,small_airport,Wunnumin Lake,CA,52.893902,-89.289200,America/Toronto
WNP,RPUN,Naga Airport,medium_airport,Naga,PH,13.584900,123.269997,Asia/Manila
WNR,YWDH,Windorah Airport,medium_airport,Windorah,AU,-25.410641,142.668428,Australia/Brisbane
WNS,OPNH,Shaheed Benazirabad Airport,medium_airport,Nawabashah,PK,26.219400,68.390099,Asia/Karachi
WNZ,ZSWZ,Wenzhou Longwan International Airport,large_airport,Wenzhou (Longwan),CN,27.910572,120.853465,Asia/Shanghai
WOS,ZKWS,Wonsan Kalma Airport,medium_airport,Wonsan,KP,39.165219,127.487931,Asia/Pyongyang
WRE,NZWR,Whangarei Airport,medium_airport,Whangarei,NZ,-35.769253,174.363713,Pacific/Auckland
WRG,PAWG,Wrangell Airport,medium_airport,Wrangell,US,56.484299,-132.369995,America/Vancouver
WRO,EPWR,Copernicus Wrocław Airport,large_airport,Wrocław,PL,51.103719,16.882096,Europe/Warsaw
WRY,EGEW,Westray Airport,small_airport,"Westray, Orkney Islands",GB,59.350475,-2.950062,Europe/London
WSK,ZUWS,Chongqing Wushan Airport,small_airport,Wushan,CN,31.068960,109.708958,Asia/Shanghai
WSN,PFWS,South Naknek Number 2 Airport,small_airport,South Naknek,US,58.702362,-157.005444,America/Anchorage
WST,KWST,Westerly State Airport,medium_airport,Westerly,US,41.349602,-71.803398,America/New_York
WSZ,NZWS,Westport Airport,medium_airport,Westport,NZ,-41.737111,171.579033,Pacific/Auckland
WTA,FMMU,Tambohorano Airport,small_airport,Tambohorano,MG,-17.476101,43.972801,Indian/Antananarivo
WTB,YBWW,Toowoomba Wellcamp Airport,large_airport,Toowoomba,AU,-27.558332,151.793335,Australia/Brisbane
WTE,,Wotje Airport,small_airport,Wotje,MH,9.458333,170.238611,Pacific/Majuro
WTK,PAWN,Noatak Airport,small_airport,Noatak,US,67.561241,-162.980461,America/Nome
WTL,,Tuntutuliak Airport,small_airport,Tuntutuliak,US,60.351243,-162.654476,America/Nome
WTO,,Wotho Island Airport,small_airport,Wotho Island,MH,10.173300,166.003006,Pacific/Majuro
WUA,ZBUH,Wuhai Airport,medium_airport,Wuhai,CN,39.793400,106.799300,Asia/Shanghai
WUH,ZHHH,Wuhan Tianhe International Airport,large_airport,Wuhan (Huangpi),CN,30.774798,114.213723,Asia/Shanghai
WUN,YWLU,Wiluna Airport,medium_airport,,AU,-26.632691,120.221906,Australia/Perth
WUS,ZSWY,Nanping Wuyishan Airport,medium_airport,Wuyishan,CN,27.701900,118.000999,Asia/Shanghai
WUT,ZBXZ,Xinzhou Wutaishan Airport,small_airport,Xinzhou,CN,38.597456,112.969173,Asia/Shanghai
WUU,HSWW,Wau Airport,medium_airport,Wau,SS,7.725830,27.975000,Africa/Juba
WUX,ZSWX,Sunan Shuofang International Airport,large_airport,Wuxi,CN,31.496952,120.430380,Asia/Shanghai
WUZ,ZGWZ,Wuzhou Xijiang Airport,medium_airport,Tangbu,CN,23.403160,111.093310,Asia/Shanghai
WVB,FYWB,Walvis Bay International Airport,large_airport,Walvis Bay(Rooikop),NA,-22.979332,14.647102,Africa/Windhoek
WWK,AYWK,Wewak International Airport,medium_airport,Wewak,PG,-3.583830,143.669006,Pacific/Port_Moresby
WWT,PAEW,Mertarvik Airport,small_airport,Mertarvik,US,60.810370,-164.499511,America/Nome
WXN,ZUWX,Wanzhou Wuqiao Airport,small_airport,Wanzhou,CN,30.801700,108.433000,Asia/Shanghai
WYA,YWHA,Whyalla Airport,medium_airport,Whyalla,AU,-33.058899,137.514008,Australia/Adelaide
WYS,KWYS,Yellowstone Airport,medium_airport,West Yellowstone,US,44.688400,-111.117996,America/Denver
XAI,ZHXY,Xinyang Minggang Airport,medium_airport,Xinyang,CN,32.540819,114.079141,Asia/Shanghai
XAP,SBCH,Serafin Enoss Bertaso Airport,medium_airport,Chapecó,BR,-27.134199,-52.656601,America/Sao_Paulo
XBE,CNE3,Bearskin Lake Airport,small_airport,Bearskin Lake,CA,53.965599,-91.027199,America/Winnipeg
XBJ,OIMB,Birjand International Airport,large_airport,Birjand,IR,32.896525,59.281258,Asia/Tehran
XCH,YPXM,Christmas Island International Airport,medium_airport,Flying Fish Cove,CX,-10.450387,105.691100,Indian/Christmas
XCR,LFOK,Chalons Vatry airport,medium_airport,Chalons en Champagne,FR,48.773330,4.206110,Europe/Paris
XFN,ZHXF,Xiangyang Liuji Airport,medium_airport,Xiangyang (Xiangzhou),CN,32.152222,112.291666,Asia/Shanghai
XGR,CYLU,Kangiqsualujjuaq (Georges River) Airport,small_airport,Kangiqsualujjuaq,CA,58.711399,-65.992798,America/Iqaluit
XIC,ZUXC,Xichang Qingshan Airport,medium_airport,Liangshan (Xichang),CN,27.989100,102.183998,Asia/Shanghai
XIL,ZBXH,Xilinhot Airport,medium_airport,Xilinhot,CN,43.915600,115.963997,Asia/Shanghai
XIY,ZLXY,Xi'an Xianyang International Airport,large_airport,Xi'an,CN,34.442207,108.762385,Asia/Shanghai
XKH,VLXK,Xieng Khouang Airport,small_airport,Xieng Khouang,LA,19.450001,103.157997,Asia/Vientiane
XKS,CYAQ,Kasabonika Airport,medium_airport,Kasabonika,CA,53.524700,-88.642799,America/Toronto
XLB,CZWH,Lac Brochet Airport,small_airport,Lac Brochet,CA,58.614279,-101.468954,America/Regina
XMH,NTGI,Manihi Airport,medium_airport,,PF,-14.436800,-146.070007,Pacific/Tahiti
XMN,ZSAM,Xiamen Gaoqi International Airport,large_airport,Xiamen,CN,24.543889,118.127454,Asia/Shanghai
XMS,SEMC,Coronel E Carvajal Airport,medium_airport,Macas,EC,-2.299170,-78.120796,America/Guayaquil
XMY,YYMI,Yam Island Airport,small_airport,Yam Island,AU,-9.899187,142.774265,Australia/Brisbane
XNA,KXNA,Northwest Arkansas National Airport,medium_airport,Fayetteville/Springdale/Rogers,US,36.281898,-94.306801,America/Chicago
XNN,ZLXN,Xining Caojiabao International Airport,large_airport,Haidong (Huzhu Tu Autonomous County),CN,36.527750,102.040215,Asia/Shanghai
XPK,CZFG,Pukatawagan Airport,small_airport,Pukatawagan,CA,55.749199,-101.265999,America/Winnipeg
XPL,MHPR,Palmerola International Airport,large_airport,Palmerola,HN,14.382400,-87.621201,America/Tegucigalpa
XQP,MRQP,Quepos Managua Airport,medium_airport,Quepos,CR,9.443160,-84.129799,America/Costa_Rica
XQU,CAT4,Qualicum Beach Airport,medium_airport,Qualicum Beach,CA,49.337456,-124.393086,America/Vancouver
XRY,LEJR,Jerez Airport,medium_airport,Jerez de la Frontera,ES,36.744598,-6.060110,Europe/Madrid
XSC,MBSC,South Caicos Airport,medium_airport,South Caicos,TC,21.515699,-71.528503,America/Grand_Turk
XSI,CZSN,South Indian Lake Airport,small_airport,South Indian Lake,CA,56.792801,-98.907204,America/Winnipeg
XSP,WSSL,Seletar Airport,medium_airport,Seletar,SG,1.415550,103.866730,Asia/Singapore
XTG,YTGM,Thargomindah Airport,medium_airport,Thargomindah,AU,-27.986368,143.812065,Australia/Brisbane
XTL,CYBQ,Tadoule Lake Airport,small_airport,Tadoule Lake,CA,58.706308,-98.511057,America/Winnipeg
XUZ,ZSXZ,Xuzhou Guanyin International Airport,medium_airport,Xuzhou,CN,34.059056,117.555278,Asia/Shanghai
XWA,KXWA,Williston Basin International Airport,medium_airport,Williston,US,48.260863,-103.751160,America/Denver
XYA,AGGY,Yandina Airport,small_airport,Yandina,SB,-9.092816,159.218410,Pacific/Guadalcanal
YAA,CAJ4,Anahim Lake Airport,medium_airport,Anahim Lake,CA,52.451501,-125.303776,America/Vancouver
YAB,CYAB,Arctic Bay Airport,small_airport,Arctic Bay,CA,73.006101,-85.046160,America/Rankin_Inlet
YAC,CYAC,Cat Lake Airport,small_airport,Cat Lake,CA,51.727200,-91.824402,America/Winnipeg
YAG,CYAG,Fort Frances Municipal Airport,medium_airport,Fort Frances,CA,48.655749,-93.443490,America/Winnipeg
YAK,PAYA,Yakutat Airport,medium_airport,Yakutat,US,59.508717,-139.660435,America/Yakutat
YAL,CYAL,Alert Bay Airport,small_airport,Alert Bay,CA,50.582199,-126.916000,America/Vancouver
YAM,CYAM,Sault Ste Marie Airport,medium_airport,Sault Ste Marie,CA,46.483216,-84.508467,America/Detroit
YAP,PTYA,Yap International Airport,large_airport,Yap Island,FM,9.498910,138.082993,Pacific/Chuuk
YAS,NFSW,Yasawa Island Airport,small_airport,Yasawa Island,FJ,-16.758900,177.544998,Pacific/Fiji
YAT,CYAT,Attawapiskat Airport,small_airport,Attawapiskat,CA,52.927502,-82.431900,America/Iqaluit
YAX,CKB6,Wapekeka Airport,small_airport,Angling Lake,CA,53.849201,-89.579399,America/Toronto
YAY,CYAY,St. Anthony Airport,medium_airport,St. Anthony,CA,51.391909,-56.083210,America/St_Johns
YAZ,CYAZ,Tofino / Long Beach Airport,medium_airport,Tofino,CA,49.079833,-125.775583,America/Vancouver
YBB,CYBB,Kugaaruk Airport,small_airport,Kugaaruk,CA,68.535711,-89.805508,America/Cambridge_Bay
YBC,CYBC,Baie-Comeau Airport,medium_airport,Baie-Comeau,CA,49.132500,-68.204399,America/Toronto
YBE,CYBE,Uranium City Airport,small_airport,Uranium City,CA,59.561401,-108.481003,America/Regina
YBG,CYBG,Saguenay-Bagotville Airport,medium_airport,Saguenay,CA,48.330123,-70.992012,America/Toronto
YBI,CCE4,Black Tickle Airport,small_airport,Black Tickle,CA,53.469836,-55.787501,America/St_Johns
YBK,CYBK,Baker Lake Airport,medium_airport,Baker Lake,CA,64.298897,-96.077797,America/Rankin_Inlet
YBL,CYBL,Campbell River Airport,medium_airport,Campbell River,CA,49.950802,-125.271004,America/Vancouver
YBP,ZUYB,Yibin Wuliangye Airport,medium_airport,Yibin (Cuiping),CN,28.858431,104.526157,Asia/Shanghai
YBR,CYBR,Brandon Municipal Airport,medium_airport,Brandon,CA,49.910000,-99.951897,America/Winnipeg
YBT,CYBT,Brochet Airport,small_airport,Brochet,CA,57.889400,-101.679001,America/Regina
YBV,CYBV,Berens River Airport,small_airport,Berens River,CA,52.358898,-97.018303,America/Winnipeg
YBX,CYBX,Lourdes-de-Blanc-Sablon Airport,medium_airport,Blanc-Sablon,CA,51.443600,-57.185299,America/St_Johns
YBY,CYBF,Bonnyville Airport,medium_airport,Bonnyville,CA,54.304199,-110.744003,America/Edmonton
YCB,CYCB,Cambridge Bay Airport,medium_airport,Cambridge Bay,CA,69.108101,-105.138000,America/Cambridge_Bay
YCD,CYCD,Nanaimo Airport,medium_airport,Nanaimo,CA,49.054970,-123.869863,America/Vancouver
YCG,CYCG,Castlegar/West Kootenay Regional Airport,medium_airport,Castlegar,CA,49.296398,-117.632004,America/Vancouver
YCK,CYVL,Tommy Kochon Airport,small_airport,Colville Lake,CA,67.020150,-126.128364,America/Inuvik
YCM,CYSN,Niagara District Airport,medium_airport,Niagara-on-the-Lake,CA,43.191598,-79.171686,America/Toronto
YCO,CYCO,Kugluktuk Airport,small_airport,Kugluktuk,CA,67.816408,-115.143070,America/Cambridge_Bay
YCR,CYCR,Cross Lake (Charlie Sinclair Memorial) Airport,small_airport,Cross Lake,CA,54.609758,-97.762442,America/Winnipeg
YCS,CYCS,Chesterfield Inlet Airport,small_airport,Chesterfield Inlet,CA,63.346901,-90.731102,America/Rankin_Inlet
YCU,ZBYC,Yuncheng Yanhu International Airport,large_airport,Yuncheng (Yanhu),CN,35.117823,111.034023,Asia/Shanghai
YCY,CYCY,Clyde River Airport,small_airport,Clyde River,CA,70.486099,-68.516701,America/Iqaluit
YDA,CYDA,Dawson City Airport,medium_airport,Dawson City,CA,64.043098,-139.128006,America/Dawson
YDF,CYDF,Deer Lake Airport,medium_airport,Deer Lake,CA,49.208159,-57.396147,America/St_Johns
YDL,CYDL,Dease Lake Airport,small_airport,Dease Lake,CA,58.422199,-130.031998,America/Vancouver
YDN,CYDN,Dauphin Barker Airport,medium_airport,Dauphin,CA,51.100800,-100.052002,America/Winnipeg
YDP,CYDP,Nain Airport,small_airport,Nain,CA,56.550778,-61.682224,America/Goose_Bay
YDV,CZTA,Bloodvein River Airport,small_airport,Bloodvein River,CA,51.784568,-96.692305,America/Winnipeg
YEG,CYEG,Edmonton International Airport,large_airport,Edmonton,CA,53.309700,-113.580002,America/Edmonton
YEI,LTBR,Bursa Yenişehir Airport,medium_airport,Yenişehir,TR,40.255199,29.562599,Europe/Istanbul
YEK,CYEK,Arviat Airport,small_airport,Arviat,CA,61.094200,-94.070801,America/Rankin_Inlet
YER,CYER,Fort Severn Airport,small_airport,Fort Severn,CA,56.018902,-87.676102,America/Toronto
YEV,CYEV,Inuvik Mike Zubko Airport,medium_airport,Inuvik,CA,68.304199,-133.483002,America/Inuvik
YFA,CYFA,Fort Albany Airport,small_airport,Fort Albany,CA,52.203451,-81.695194,America/Toronto
YFB,CYFB,Iqaluit Airport,medium_airport,Iqaluit,CA,63.756402,-68.555801,America/Iqaluit
YFC,CYFC,Fredericton International Airport,medium_airport,Fredericton,CA,45.868697,-66.529891,America/Moncton
YFH,CYFH,Fort Hope Airport,small_airport,Fort Hope,CA,51.561901,-87.907799,America/Toronto
YFJ,CYWE,Wekweètì Airport,small_airport,Wekweètì,CA,64.190804,-114.077002,America/Edmonton
YFO,CYFO,Flin Flon Airport,small_airport,Flin Flon,CA,54.678101,-101.681999,America/Winnipeg
YFS,CYFS,Fort Simpson Airport,medium_airport,Fort Simpson,CA,61.760201,-121.237000,America/Inuvik
YFX,CCK4,St. Lewis (Fox Harbour) Airport,small_airport,St. Lewis,CA,52.372799,-55.673901,America/St_Johns
YGH,CYGH,Fort Good Hope Airport,small_airport,Fort Good Hope,CA,66.240658,-128.647757,America/Inuvik
YGJ,RJOH,Yonago Kitaro Airport / JASDF Miho Air Base,medium_airport,Yonago,JP,35.492199,133.235992,Asia/Tokyo
YGL,CYGL,La Grande Rivière Airport,medium_airport,La Grande Rivière,CA,53.625301,-77.704201,America/Toronto
YGO,CYGO,Gods Lake Narrows Airport,small_airport,Gods Lake Narrows,CA,54.557680,-94.490061,America/Winnipeg
YGP,CYGP,Michel-Pouliot Gaspé Airport,medium_airport,Gaspé,CA,48.774915,-64.481893,America/Toronto
YGR,CYGR,Îles-de-la-Madeleine Airport,medium_airport,Les Îles-de-la-Madeleine,CA,47.425242,-61.778612,America/Halifax
YGT,CYGT,Igloolik Airport,small_airport,Igloolik,CA,69.364700,-81.816101,America/Iqaluit
YGV,CYGV,Havre-Saint-Pierre Airport,medium_airport,Havre-Saint-Pierre,CA,50.281898,-63.611401,America/Toronto
YGW,CYGW,Kuujjuarapik Airport,medium_airport,Kuujjuarapik,CA,55.281898,-77.765297,America/Toronto
YGX,CYGX,Gillam Airport,small_airport,Gillam,CA,56.357120,-94.711504,America/Winnipeg
YGZ,CYGZ,Grise Fiord Airport,small_airport,Grise Fiord,CA,76.425823,-82.908583,America/Iqaluit
YHA,CCP4,Port Hope Simpson Airport,small_airport,Port Hope Simpson,CA,52.528099,-56.286098,America/Goose_Bay
YHG,CCH4,Charlottetown Airport,small_airport,Charlottetown,CA,52.765774,-56.112370,America/St_Johns
YHI,CYHI,Ulukhaktok Holman Airport,small_airport,Ulukhaktok,CA,70.762802,-117.806000,America/Edmonton
YHK,CYHK,Gjoa Haven Airport,small_airport,Gjoa Haven,CA,68.635597,-95.849701,America/Cambridge_Bay
YHM,CYHM,John C. Munro Hamilton International Airport,large_airport,Hamilton,CA,43.171308,-79.929416,America/Toronto
YHO,CYHO,Hopedale Airport,small_airport,Hopedale,CA,55.448757,-60.228124,America/Goose_Bay
YHP,CYHP,Poplar Hill Airport,small_airport,Poplar Hill,CA,52.113300,-94.255600,America/Winnipeg
YHR,CYHR,Chevery Airport,small_airport,Chevery,CA,50.468322,-59.637823,America/St_Johns
YHU,CYHU,Montréal / Saint-Hubert Metropolitan Airport,medium_airport,Montréal,CA,45.517502,-73.416901,America/Toronto
YHY,CYHY,Hay River / Merlyn Carter Airport,medium_airport,Hay River,CA,60.839699,-115.782997,America/Edmonton
YHZ,CYHZ,Halifax / Stanfield International Airport,large_airport,Halifax,CA,44.880798,-63.508598,America/Halifax
YIA,WAHI,Yogyakarta International Airport,large_airport,Yogyakarta,ID,-7.905338,110.057264,Asia/Jakarta
YIC,ZSYC,Yichun Mingyueshan Airport,medium_airport,Yichun,CN,27.802500,114.306200,Asia/Shanghai
YIE,ZBES,Arxan Yi'ershi Airport,medium_airport,Arxan,CN,47.310600,119.911700,Asia/Shanghai
YIF,CYIF,St Augustin Airport,medium_airport,St-Augustin,CA,51.211700,-58.658298,America/Blanc-Sablon
YIH,ZHYC,Yichang Sanxia Airport,medium_airport,Yichang (Xiaoting),CN,30.554132,111.482563,Asia/Shanghai
YIK,CYIK,Ivujivik Airport,small_airport,Ivujivik,CA,62.417301,-77.925301,America/Iqaluit
YIN,ZWYN,Ili Yining International Airport,medium_airport,Ili (Yining / Ghulja),CN,43.955799,81.330299,Asia/Urumqi
YIO,CYIO,Pond Inlet Airport,small_airport,Pond Inlet,CA,72.689494,-77.968941,America/Iqaluit
YIV,CYIV,Island Lake Airport,medium_airport,Island Lake,CA,53.857201,-94.653603,America/Winnipeg
YIW,ZSYW,Yiwu Airport,large_airport,Yiwu/Jinhua,CN,29.342095,120.031160,Asia/Shanghai
YKA,CYKA,Kamloops John Moose Fulton Field Regional Airport,medium_airport,Kamloops,CA,50.703038,-120.448641,America/Vancouver
YKF,CYKF,Region of Waterloo International Airport,medium_airport,Breslau,CA,43.460800,-80.378601,America/Toronto
YKG,CYAS,Kangirsuk Airport,small_airport,Kangirsuk,CA,60.027199,-69.999199,America/Iqaluit
YKH,ZYYK,Yingkou Lanqi Airport,medium_airport,Yingkou (Laobian),CN,40.542524,122.358600,Asia/Shanghai
YKL,CYKL,Schefferville Airport,medium_airport,Schefferville,CA,54.805302,-66.805298,America/Toronto
YKM,KYKM,Yakima Air Terminal McAllister Field,medium_airport,Yakima,US,46.568199,-120.543999,America/Los_Angeles
YKO,LTCW,Hakkari Yüksekova Airport,medium_airport,Hakkari,TR,37.549700,44.238100,Europe/Istanbul
YKQ,CYKQ,Waskaganish Airport,small_airport,Waskaganish,CA,51.473301,-78.758301,America/Iqaluit
YKS,UEEE,Platon Oyunsky Yakutsk International Airport,large_airport,Yakutsk,RU,62.093300,129.770996,Asia/Yakutsk
YKU,CSU2,Chisasibi Airport,small_airport,Chisasibi,CA,53.805599,-78.916901,America/Iqaluit
YLC,CYLC,Kimmirut Airport,small_airport,Kimmirut,CA,62.848253,-69.877853,America/Iqaluit
YLE,CEM3,Whatì Airport,small_airport,Whatì,CA,63.131699,-117.246002,America/Edmonton
YLH,CYLH,Lansdowne House Airport,small_airport,Lansdowne House,CA,52.195599,-87.934196,America/Toronto
YLK,CYLS,Barrie-Lake Simcoe Regional Airport,medium_airport,Barrie,CA,44.485056,-79.554663,America/Toronto
YLL,CYLL,Lloydminster Airport,medium_airport,Lloydminster,CA,53.309200,-110.072998,America/Edmonton
YLW,CYLW,Kelowna International Airport,large_airport,Kelowna,CA,49.956100,-119.377998,America/Vancouver
YLX,ZGYL,Yulin Fumian Airport,medium_airport,Yulin,CN,22.433042,110.119996,Asia/Shanghai
YMH,CYMH,Mary's Harbour Airport,small_airport,Mary's Harbour,CA,52.302837,-55.847433,America/St_Johns
YMM,CYMM,Fort McMurray International Airport,medium_airport,Fort McMurray,CA,56.653301,-111.222000,America/Edmonton
YMN,CYFT,Makkovik Airport,small_airport,Makkovik,CA,55.077335,-59.187942,America/Goose_Bay
YMO,CYMO,Moosonee Airport,medium_airport,Moosonee,CA,51.291100,-80.607803,America/Iqaluit
YMP,CAT5,Port McNeill Airport,small_airport,Port McNeill,CA,50.573480,-127.027702,America/Vancouver
YMS,SPMS,Moises Benzaquen Rengifo Airport,medium_airport,Yurimaguas,PE,-5.893770,-76.118202,America/Lima
YMT,CYMT,Chapais Airport,medium_airport,Chibougamau,CA,49.771900,-74.528099,America/Toronto
YMX,CYMX,Montreal Mirabel International Airport,medium_airport,Montréal,CA,45.679501,-74.038696,America/Toronto
YNA,CYNA,Natashquan Airport,medium_airport,Natashquan,CA,50.190114,-61.788980,America/Blanc-Sablon
YNB,OEYN,Prince Abdulmohsen Bin Abdulaziz International Airport,large_airport,Yanbu,SA,24.144199,38.063400,Asia/Riyadh
YNC,CYNC,Wemindji Airport,small_airport,Wemindji,CA,53.010601,-78.831100,America/Iqaluit
YND,CYND,Ottawa / Gatineau Airport,medium_airport,Gatineau,CA,45.521702,-75.563599,America/Toronto
YNE,CYNE,Norway House Airport,small_airport,Norway House,CA,53.958302,-97.844200,America/Winnipeg
YNJ,ZYYJ,Yanji Chaoyangchuan Airport,medium_airport,Yanji,CN,42.882801,129.451004,Asia/Shanghai
YNL,CYNL,Points North Landing Airport,medium_airport,Points North Landing,CA,58.276699,-104.082001,America/Regina
YNO,CKQ3,North Spirit Lake Airport,small_airport,North Spirit Lake,CA,52.490002,-92.971100,America/Winnipeg
YNP,CNH2,Natuashish Airport,small_airport,Natuashish,CA,55.913898,-61.184399,America/Goose_Bay
YNS,CYHH,Nemiscau Airport,small_airport,Nemiscau,CA,51.691101,-76.135597,America/Toronto
YNT,ZSYT,Yantai Penglai International Airport,large_airport,Yantai,CN,37.659724,120.978124,Asia/Shanghai
YNY,RKNY,Yangyang International Airport,large_airport,Gonghang-ro,KR,38.060481,128.669822,Asia/Seoul
YNZ,ZSYN,Yancheng Nanyang International Airport,large_airport,Yancheng (Tinghu),CN,33.428317,120.205450,Asia/Shanghai
YOC,CYOC,Old Crow Airport,small_airport,Old Crow,CA,67.570602,-139.839005,America/Dawson
YOG,CYKP,Ogoki Post Airport,small_airport,Ogoki Post,CA,51.658600,-85.901703,America/Toronto
YOH,CYOH,Oxford House Airport,small_airport,Oxford House,CA,54.933300,-95.278900,America/Winnipeg
YOJ,CYOJ,High Level Airport,medium_airport,High Level,CA,58.621399,-117.165001,America/Edmonton
YOL,DNYO,Yola Airport,medium_airport,Yola,NG,9.257550,12.430400,Africa/Lagos
YON,VQTY,Yongphulla Airport,small_airport,Yongphulla,BT,27.256270,91.514633,Asia/Thimphu
YOW,CYOW,Ottawa Macdonald-Cartier International Airport,large_airport,Ottawa,CA,45.322498,-75.669197,America/Toronto
YPA,CYPA,Prince Albert Glass Field,medium_airport,Prince Albert,CA,53.214199,-105.672997,America/Regina
YPC,CYPC,Paulatuk (Nora Aliqatchialuk Ruben) Airport,small_airport,Paulatuk,CA,69.360838,-124.075470,America/Inuvik
YPE,CYPE,Peace River Airport,medium_airport,Peace River,CA,56.226898,-117.446999,America/Edmonton
YPH,CYPH,Inukjuak Airport,small_airport,Inukjuak,CA,58.471901,-78.076897,America/Toronto
YPJ,CYLA,Aupaluk Airport,small_airport,Aupaluk,CA,59.296700,-69.599701,America/Toronto
YPL,CYPL,Pickle Lake Airport,medium_airport,Pickle Lake,CA,51.446400,-90.214203,America/Winnipeg
YPM,CYPM,Pikangikum Airport,small_airport,Pikangikum,CA,51.819698,-93.973297,America/Winnipeg
YPN,CYPN,Port-Menier Airport,medium_airport,Port-Menier,CA,49.836399,-64.288597,America/Toronto
YPO,CYPO,Peawanuck Airport,small_airport,Peawanuck,CA,54.987932,-85.442648,America/Toronto
YPQ,CYPQ,Peterborough Regional Airport,medium_airport,Peterborough,CA,44.232251,-78.362053,America/Toronto
YPR,CYPR,Prince Rupert Airport,medium_airport,Prince Rupert,CA,54.286098,-130.445007,America/Vancouver
YPW,CYPW,Powell River Airport,medium_airport,Powell River,CA,49.834202,-124.500000,America/Vancouver
YPX,CYPX,Puvirnituq Airport,medium_airport,Puvirnituq,CA,60.050598,-77.286903,America/Iqaluit
YPY,CYPY,Fort Chipewyan Airport,medium_airport,Fort Chipewyan,CA,58.767200,-111.116997,America/Edmonton
YPZ,CYPZ,Burns Lake Airport,medium_airport,Burns Lake,CA,54.376400,-125.950996,America/Vancouver
YQA,CYQA,Muskoka Airport,medium_airport,Gravenhurst,CA,44.975376,-79.306546,America/Toronto
YQB,CYQB,Quebec Jean Lesage International Airport,large_airport,Quebec,CA,46.791100,-71.393303,America/Toronto
YQC,CYHA,Quaqtaq Airport,small_airport,Quaqtaq,CA,61.046398,-69.617798,America/Iqaluit
YQD,CYQD,The Pas Airport,medium_airport,The Pas,CA,53.971401,-101.091003,America/Winnipeg
YQG,CYQG,Windsor International Airport,large_airport,Windsor,CA,42.275600,-82.955597,America/Toronto
YQH,CYQH,Watson Lake Airport,medium_airport,Watson Lake,CA,60.116839,-128.821993,America/Whitehorse
YQK,CYQK,Kenora Airport,medium_airport,Kenora,CA,49.788300,-94.363098,America/Winnipeg
YQL,CYQL,Lethbridge County Airport,medium_airport,Lethbridge,CA,49.630299,-112.800003,America/Edmonton
YQM,CYQM,Greater Moncton Roméo LeBlanc International Airport,medium_airport,Moncton,CA,46.113189,-64.677190,America/Halifax
YQN,CYQN,Nakina Airport,medium_airport,Nakina,CA,50.182800,-86.696404,America/Toronto
YQQ,CYQQ,Comox Valley International Airport / CFB Comox,medium_airport,Comox,CA,49.710800,-124.887001,America/Vancouver
YQR,CYQR,Regina International Airport,medium_airport,Regina,CA,50.431938,-104.660906,America/Regina
YQT,CYQT,Thunder Bay International Airport,medium_airport,Thunder Bay,CA,48.371899,-89.323898,America/Toronto
YQU,CYQU,Grande Prairie Airport,medium_airport,Grande Prairie,CA,55.179699,-118.885002,America/Edmonton
YQX,CYQX,Gander International Airport,medium_airport,Gander,CA,48.936258,-54.567719,America/St_Johns
YQY,CYQY,Sydney / J.A. Douglas McCurdy Airport,medium_airport,Sydney,CA,46.161072,-60.049759,America/Glace_Bay
YQZ,CYQZ,Quesnel Airport,medium_airport,Quesnel,CA,53.026100,-122.510002,America/Vancouver
YRA,CYRA,Rae Lakes Airport,small_airport,Gamètì,CA,64.116096,-117.309998,America/Edmonton
YRB,CYRB,Resolute Bay Airport,medium_airport,Resolute Bay,CA,74.716904,-94.969398,America/Rankin_Inlet
YRF,CYCA,Cartwright Airport,small_airport,Cartwright,CA,53.682501,-57.042303,America/Goose_Bay
YRG,CCZ2,Rigolet Airport,small_airport,Rigolet,CA,54.179699,-58.457500,America/Goose_Bay
YRJ,CYRJ,Roberval Airport,medium_airport,Roberval,CA,48.519665,-72.265735,America/Toronto
YRL,CYRL,Red Lake Airport,medium_airport,Red Lake,CA,51.066898,-93.793098,America/Winnipeg
YRO,CYRO,Ottawa / Rockcliffe Airport,medium_airport,Ottawa,CA,45.460496,-75.644001,America/Toronto
YRS,CYRS,Red Sucker Lake Airport,small_airport,Red Sucker Lake,CA,54.167198,-93.557198,America/Winnipeg
YRT,CYRT,Rankin Inlet Airport,medium_airport,Rankin Inlet,CA,62.811401,-92.115799,America/Rankin_Inlet
YSB,CYSB,Sudbury Airport,medium_airport,Sudbury,CA,46.625000,-80.798897,America/Toronto
YSF,CYSF,Stony Rapids Airport,medium_airport,Stony Rapids,CA,59.250301,-105.841003,America/Regina
YSG,CYLK,Lutselk'e Airport,small_airport,Lutselk'e,CA,62.417823,-110.682793,America/Edmonton
YSJ,CYSJ,Saint John Airport,medium_airport,Saint John,CA,45.316101,-65.890297,America/Moncton
YSK,CYSK,Sanikiluaq Airport,small_airport,Sanikiluaq,CA,56.536891,-79.250221,America/Iqaluit
YSM,CYSM,Fort Smith Airport,medium_airport,Fort Smith,CA,60.020302,-111.961998,America/Edmonton
YSO,CCD4,Postville Airport,small_airport,Postville,CA,54.910500,-59.785070,America/Goose_Bay
YSQ,ZYSQ,Songyuan Chaganhu Airport,medium_airport,Qian Gorlos Mongol Autonomous County,CN,44.931143,124.552121,Asia/Shanghai
YST,CYST,St. Theresa Point Airport,small_airport,St. Theresa Point,CA,53.845261,-94.851966,America/Winnipeg
YSY,CYSY,Sachs Harbour (David Nasogaluak Jr. Saaryuaq) Airport,small_airport,Sachs Harbour,CA,71.993896,-125.242996,America/Inuvik
YTE,CYTE,Cape Dorset Airport,small_airport,Kinngait,CA,64.230003,-76.526703,America/Iqaluit
YTH,CYTH,Thompson Airport,medium_airport,Thompson,CA,55.801102,-97.864197,America/Winnipeg
YTL,CYTL,Big Trout Lake Airport,small_airport,Big Trout Lake,CA,53.817799,-89.896896,America/Toronto
YTQ,CYTQ,Tasiujaq Airport,small_airport,Tasiujaq,CA,58.667801,-69.955803,America/Toronto
YTS,CYTS,Timmins/Victor M. Power,medium_airport,Timmins,CA,48.569698,-81.376701,America/Toronto
YTW,ZWYT,Yutian Wanfang Airport,small_airport,Hotan (Yutian),CN,36.808500,81.782700,Asia/Shanghai
YTY,ZSYA,Yangzhou Taizhou Airport,medium_airport,Yangzhou,CN,32.563400,119.719800,Asia/Shanghai
YTZ,CYTZ,Billy Bishop Toronto City Airport,medium_airport,Toronto,CA,43.627852,-79.395530,America/Toronto
YUD,CYMU,Umiujaq Airport,small_airport,Umiujaq,CA,56.536098,-76.518303,America/Toronto
YUL,CYUL,Montreal / Pierre Elliott Trudeau International Airport,large_airport,Montréal,CA,45.467837,-73.742294,America/Toronto
YUM,KNYL,Yuma International Airport / Marine Corps Air Station Yuma,medium_airport,Yuma,US,32.650938,-114.609375,America/Phoenix
YUS,ZLYS,Yushu Batang Airport,medium_airport,Yushu (Batang),CN,32.836389,97.036389,Asia/Shanghai
YUT,CYUT,Naujaat Airport,small_airport,Repulse Bay,CA,66.521024,-86.225166,America/Rankin_Inlet
YUX,CYUX,Hall Beach Airport,medium_airport,Sanirajak,CA,68.776100,-81.242500,America/Iqaluit
YUY,CYUY,Rouyn Noranda Airport,medium_airport,Rouyn-Noranda,CA,48.206100,-78.835602,America/Toronto
YVB,CYVB,Bonaventure Airport,medium_airport,Bonaventure,CA,48.071098,-65.460297,America/Moncton
YVC,CYVC,La Ronge Airport,medium_airport,La Ronge,CA,55.151402,-105.262001,America/Regina
YVM,CYVM,Qikiqtarjuaq Airport,small_airport,Qikiqtarjuaq,CA,67.546560,-64.031410,America/Iqaluit
YVO,CYVO,Val-d'Or Airport,medium_airport,Val-d'Or,CA,48.053299,-77.782799,America/Toronto
YVP,CYVP,Kuujjuaq Airport,medium_airport,Kuujjuaq,CA,58.096100,-68.426903,America/Toronto
YVQ,CYVQ,Norman Wells Airport,medium_airport,Norman Wells,CA,65.281601,-126.797997,America/Inuvik
YVR,CYVR,Vancouver International Airport,large_airport,Vancouver,CA,49.193901,-123.183998,America/Vancouver
YVV,CYVV,Wiarton Airport,medium_airport,Wiarton,CA,44.745800,-81.107201,America/Toronto
YVZ,CYVZ,Deer Lake Airport,small_airport,Deer Lake,CA,52.655613,-94.061208,America/Winnipeg
YWB,CYKG,Kangiqsujuaq (Wakeham Bay) Airport,small_airport,Kangiqsujuaq,CA,61.588600,-71.929398,America/Toronto
YWG,CYWG,Winnipeg / James Armstrong Richardson International Airport,large_airport,Winnipeg,CA,49.910000,-97.239899,America/Winnipeg
YWJ,CYWJ,Déline Airport,small_airport,Déline,CA,65.211098,-123.435997,America/Inuvik
YWK,CYWK,Wabush Airport,medium_airport,Wabush,CA,52.921902,-66.864403,America/Goose_Bay
YWL,CYWL,Williams Lake Airport,medium_airport,Williams Lake,CA,52.183102,-122.054001,America/Vancouver
YWM,CCA6,Williams Harbour Airport,small_airport,Williams Harbour,CA,52.567377,-55.784883,America/St_Johns
YWP,CYWP,Webequie Airport,small_airport,Webequie,CA,52.959393,-87.374868,America/Toronto
YXC,CYXC,Cranbrook/Canadian Rockies International Airport,medium_airport,Cranbrook,CA,49.610802,-115.781998,America/Edmonton
YXE,CYXE,Saskatoon John G. Diefenbaker International Airport,large_airport,Saskatoon,CA,52.170723,-106.700793,America/Regina
YXH,CYXH,Medicine Hat Regional Airport,medium_airport,Medicine Hat,CA,50.018902,-110.721001,America/Edmonton
YXJ,CYXJ,Fort St John / North Peace Regional Airport,medium_airport,Fort Saint John,CA,56.238098,-120.739998,America/Dawson_Creek
YXL,CYXL,Sioux Lookout Airport,medium_airport,Sioux Lookout,CA,50.113899,-91.905296,America/Winnipeg
YXN,CYXN,Whale Cove Airport,small_airport,Whale Cove,CA,62.240002,-92.598099,America/Rankin_Inlet
YXP,CYXP,Pangnirtung Airport,small_airport,Pangnirtung,CA,66.144878,-65.713606,America/Iqaluit
YXS,CYXS,Prince George (International) Airport,medium_airport,Prince George,CA,53.884311,-122.666554,America/Vancouver
YXT,CYXT,Northwest Regional Airport Terrace-Kitimat,medium_airport,Terrace,CA,54.468498,-128.576009,America/Vancouver
YXU,CYXU,London International Airport,medium_airport,London,CA,43.032845,-81.149003,America/Toronto
YXX,CYXX,Abbotsford International Airport,medium_airport,Abbotsford,CA,49.025299,-122.361000,America/Vancouver
YXY,CYXY,Whitehorse / Erik Nielsen International Airport,medium_airport,Whitehorse,CA,60.708533,-135.065705,America/Whitehorse
YYA,ZGYY,Yueyang Sanhe Airport,medium_airport,Yueyang (Yueyanglou),CN,29.311699,113.281574,Asia/Shanghai
YYB,CYYB,North Bay Jack Garland Airport,medium_airport,North Bay,CA,46.363602,-79.422798,America/Toronto
YYC,CYYC,Calgary International Airport,large_airport,Calgary,CA,51.118822,-114.009933,America/Edmonton
YYD,CYYD,Smithers Airport,medium_airport,Smithers,CA,54.824699,-127.182999,America/Vancouver
YYE,CYYE,Fort Nelson Airport,medium_airport,Fort Nelson,CA,58.836399,-122.597000,America/Fort_Nelson
YYF,CYYF,Penticton Airport,medium_airport,Penticton,CA,49.463100,-119.601997,America/Vancouver
YYG,CYYG,Charlottetown Airport,medium_airport,Charlottetown,CA,46.288911,-63.125174,America/Halifax
YYH,CYYH,Taloyoak Airport,small_airport,Taloyoak,CA,69.546700,-93.576698,America/Cambridge_Bay
YYJ,CYYJ,Victoria International Airport,large_airport,Victoria,CA,48.647201,-123.427792,America/Vancouver
YYL,CYYL,Lynn Lake Airport,medium_airport,Lynn Lake,CA,56.863899,-101.075996,America/Winnipeg
YYQ,CYYQ,Churchill Airport,medium_airport,Churchill,CA,58.739201,-94.065002,America/Winnipeg
YYR,CYYR,Goose Bay Airport,medium_airport,Goose Bay,CA,53.319199,-60.425800,America/Goose_Bay
YYT,CYYT,St. John's International Airport,large_airport,St. John's,CA,47.618599,-52.751900,America/St_Johns
YYY,CYYY,Mont Joli Airport,medium_airport,Mont-Joli,CA,48.608601,-68.208099,America/Toronto
YYZ,CYYZ,Toronto Pearson International Airport,large_airport,Toronto,CA,43.675935,-79.629421,America/Toronto
YZF,CYZF,Yellowknife International Airport,medium_airport,Yellowknife,CA,62.462799,-114.440002,America/Edmonton
YZG,CYZG,Salluit Airport,small_airport,Salluit,CA,62.179401,-75.667198,America/Iqaluit
YZP,CYZP,Sandspit Airport,medium_airport,Sandspit,CA,53.254299,-131.813995,America/Vancouver
YZS,CYZS,Coral Harbour Airport,medium_airport,Coral Harbour,CA,64.193298,-83.359398,America/Atikokan
YZT,CYZT,Port Hardy Airport,medium_airport,Port Hardy,CA,50.680599,-127.366997,America/Vancouver
YZU,CYZU,Whitecourt Airport,medium_airport,Whitecourt,CA,54.143902,-115.787003,America/Edmonton
YZV,CYZV,Sept-Îles Airport,medium_airport,Sept-Îles,CA,50.223301,-66.265602,America/Toronto
YZY,ZLZY,Zhangye Ganzhou Airport,medium_airport,Zhangye (Ganzhou),CN,38.801899,100.675003,Asia/Shanghai
YZZ,CAD4,Trail Regional Airport,small_airport,Trail,CA,49.055599,-117.609001,America/Los_Angeles
ZAD,LDZD,Zadar Airport,large_airport,Zadar,HR,44.096986,15.353565,Europe/Zagreb
ZAG,LDZA,Zagreb Franjo Tuđman International Airport,large_airport,Velika Gorica,HR,45.742901,16.068800,Europe/Zagreb
ZAH,OIZH,Zahedan International Airport,large_airport,Zahedan,IR,29.475700,60.906200,Asia/Tehran
ZAL,SCVD,Pichoy Airport,medium_airport,Valdivia,CL,-39.650002,-73.086098,America/Santiago
ZAM,RPMZ,Zamboanga International Airport,large_airport,Zamboanga,PH,6.922420,122.059998,Asia/Manila
ZAT,ZPZT,Zhaotong Zhaoyang Airport,medium_airport,Zhaotong,CN,27.205843,103.691511,Asia/Shanghai
ZAZ,LEZG,Zaragoza Airport,large_airport,Zaragoza,ES,41.666199,-1.041550,Europe/Madrid
ZBF,CZBF,Bathurst Airport,medium_airport,South Tetagouche,CA,47.629700,-65.738899,America/Moncton
ZBR,OIZC,Chabahar Konarak International Airport,medium_airport,Konarak,IR,25.443190,60.382167,Asia/Tehran
ZCL,MMZC,General Leobardo C. Ruiz International Airport,medium_airport,Zacatecas,MX,22.894942,-102.687154,America/Mexico_City
ZCO,SCQP,La Araucanía International Airport,large_airport,Temuco,CL,-38.925900,-72.651500,America/Santiago
ZDY,OMDL,Delma Airport,small_airport,Delma Island,AE,24.510000,52.335200,Asia/Dubai
ZEL,CBBC,Bella Bella (Campbell Island) Airport,medium_airport,Bella Bella,CA,52.185001,-128.156994,America/Vancouver
ZEM,CZEM,Eastmain River Airport,small_airport,Eastmain River,CA,52.226398,-78.522499,America/Toronto
ZFD,CZFD,Fond-du-Lac Airport,small_airport,Fond-du-Lac,CA,59.334400,-107.181999,America/Regina
ZFL,ZWZS,Zhaosu Tianma Airport,small_airport,Zhaosu,CN,43.088477,81.223013,Asia/Urumqi
ZFM,CZFM,Fort Mcpherson Airport,small_airport,Fort Mcpherson,CA,67.406993,-134.860182,America/Whitehorse
ZFN,CZFN,Tulita Airport,small_airport,Tulita,CA,64.909496,-125.570297,America/Inuvik
ZGI,CZGI,Gods River Airport,small_airport,Gods River,CA,54.839699,-94.078598,America/Winnipeg
ZGS,CTT5,La Romaine Airport,small_airport,Le Golfe-du-Saint-Laurent,CA,50.259553,-60.674357,America/Blanc-Sablon
ZHA,ZGZJ,Zhanjiang Wuchuan International Airport,large_airport,Zhanjiang,CN,21.481667,110.590278,Asia/Shanghai
ZHY,ZLZW,Zhongwei Shapotou Airport,medium_airport,Zhongwei (Shapotou),CN,37.573125,105.154454,Asia/Shanghai
ZIA,UUBW,Zhukovsky International Airport,large_airport,Moscow,RU,55.553299,38.150002,Europe/Moscow
ZIG,GOGG,Ziguinchor Airport,medium_airport,Ziguinchor,SN,12.555590,-16.283298,Africa/Dakar
ZIH,MMZH,Ixtapa-Zihuatanejo International Airport,large_airport,Ixtapa,MX,17.601771,-101.460629,America/Mexico_City
ZIX,UEVV,Zhigansk Airport,medium_airport,Zhigansk,RU,66.796501,123.361000,Asia/Yakutsk
ZKE,CZKE,Kashechewan Airport,small_airport,Kashechewan,CA,52.282501,-81.677803,America/Toronto
ZKP,UESU,Zyryanka Airport,medium_airport,Zyryanka,RU,65.748500,150.888900,Asia/Srednekolymsk
ZLO,MMZO,Playa de Oro International Airport,medium_airport,Manzanillo,MX,19.144800,-104.558998,America/Mexico_City
ZLT,CTU5,La Tabatière Airport,small_airport,La Tabatière,CA,50.830799,-58.975601,America/Blanc-Sablon
ZMT,CZMT,Masset Airport,medium_airport,Masset,CA,54.027500,-132.125000,America/Vancouver
ZND,DRZR,Zinder Airport,medium_airport,Zinder,NE,13.779000,8.983760,Africa/Niamey
ZNE,YNWN,Newman Airport,medium_airport,Newman,AU,-23.417801,119.803001,Australia/Perth
ZNZ,HTZA,Abeid Amani Karume International Airport,large_airport,Zanzibar,TZ,-6.222020,39.224899,Africa/Dar_es_Salaam
ZOS,SCJO,Cañal Bajo Carlos Hott Siebert Airport,medium_airport,Osorno,CL,-40.611198,-73.060997,America/Santiago
ZPB,CZPB,Sachigo Lake Airport,small_airport,Sachigo Lake,CA,53.890885,-92.195935,America/Winnipeg
ZPC,SCPC,Pucón Airport,small_airport,Pucon,CL,-39.292801,-71.915901,America/Santiago
ZQN,NZQN,Queenstown Airport,large_airport,Queenstown,NZ,-45.019205,168.746379,Pacific/Auckland
ZQZ,ZBZJ,Zhangjiakou Ningyuan Airport,medium_airport,Zhangjiakou,CN,40.738664,114.933395,Asia/Shanghai
ZRH,LSZH,Zürich Airport,large_airport,Zurich,CH,47.458056,8.548056,Europe/Zurich
ZRJ,CZRJ,Round Lake (Weagamow Lake) Airport,small_airport,Round Lake,CA,52.943600,-91.312798,America/Winnipeg
ZSA,MYSM,San Salvador International Airport,large_airport,San Salvador,BS,24.063041,-74.523233,America/Nassau
ZSE,FMEP,Saint-Pierre Pierrefonds Airport,large_airport,Saint-Pierre,RE,-21.319362,55.422506,Indian/Reunion
ZSJ,CZSJ,Sandy Lake Airport,medium_airport,Sandy Lake,CA,53.064201,-93.344398,America/Winnipeg
ZTB,CTB6,Tête-à-la-Baleine Airport,small_airport,Tête-à-la-Baleine,CA,50.674400,-59.383598,America/Blanc-Sablon
ZTH,LGZA,Zakynthos International Airport Dionysios Solomos,medium_airport,Zakynthos,GR,37.750900,20.884300,Europe/Athens
ZTM,CZTM,Shamattawa Airport,small_airport,Shamattawa,CA,55.863560,-92.081137,America/Winnipeg
ZUH,ZGSD,Zhuhai Jinwan Airport,large_airport,Zhuhai (Jinwan),CN,22.006399,113.375999,Asia/Shanghai
ZUM,CZUM,Churchill Falls Airport,small_airport,Churchill Falls,CA,53.561901,-64.106400,America/Goose_Bay
ZWL,CZWL,Wollaston Lake Airport,small_airport,Wollaston Lake,CA,58.106899,-103.171997,America/Regina
ZYI,ZUZY,Zunyi Xinzhou Airport,medium_airport,Zunyi,CN,27.810723,107.247189,Asia/Shanghai
ZYL,VGSY,Osmany International Airport,large_airport,Sylhet,BD,24.963993,91.864749,Asia/Dhaka
